[0.067s] [34mcolcon[0m [1;30mDEBUG[0m [32mCommand line arguments: ['/usr/bin/colcon', 'build'][0m
[0.067s] [34mcolcon[0m [1;30mDEBUG[0m [32mParsed command line arguments: Namespace(log_base=None, log_level=None, verb_name='build', build_base='build', install_base='install', merge_install=False, symlink_install=False, test_result_base=None, continue_on_error=False, executor='parallel', parallel_workers=20, event_handlers=None, ignore_user_meta=False, metas=['./colcon.meta'], base_paths=['.'], packages_ignore=None, packages_ignore_regex=None, paths=None, packages_up_to=None, packages_up_to_regex=None, packages_above=None, packages_above_and_dependencies=None, packages_above_depth=None, packages_select_by_dep=None, packages_skip_by_dep=None, packages_skip_up_to=None, packages_select_build_failed=False, packages_skip_build_finished=False, packages_select_test_failures=False, packages_skip_test_passed=False, packages_select=None, packages_skip=None, packages_select_regex=None, packages_skip_regex=None, packages_start=None, packages_end=None, allow_overriding=[], cmake_args=None, cmake_target=None, cmake_target_skip_unavailable=False, cmake_clean_cache=False, cmake_clean_first=False, cmake_force_configure=False, ament_cmake_args=None, catkin_cmake_args=None, catkin_skip_building_tests=False, mixin_files=None, mixin=None, verb_parser=<colcon_mixin.mixin.mixin_argument.MixinArgumentDecorator object at 0x71aba064d870>, verb_extension=<colcon_core.verb.build.BuildVerb object at 0x71aba064d2d0>, main=<bound method BuildVerb.main of <colcon_core.verb.build.BuildVerb object at 0x71aba064d2d0>>, mixin_verb=('build',))[0m
[0.180s] [34mcolcon.colcon_core.package_discovery[0m [1;30mLevel 1[0m discover_packages(colcon_meta) check parameters
[0.180s] [34mcolcon.colcon_core.package_discovery[0m [1;30mLevel 1[0m discover_packages(recursive) check parameters
[0.180s] [34mcolcon.colcon_core.package_discovery[0m [1;30mLevel 1[0m discover_packages(ignore) check parameters
[0.180s] [34mcolcon.colcon_core.package_discovery[0m [1;30mLevel 1[0m discover_packages(path) check parameters
[0.180s] [34mcolcon.colcon_core.package_discovery[0m [1;30mLevel 1[0m discover_packages(colcon_meta) discover
[0.180s] [34mcolcon.colcon_core.package_discovery[0m [1;30mLevel 1[0m discover_packages(recursive) discover
[0.180s] [34mcolcon.colcon_core.package_discovery[0m [1;30mINFO[0m Crawling recursively for packages in '/home/teamgrit/jaehooni/endpoint_control'
[0.180s] [34mcolcon.colcon_core.package_identification[0m [1;30mLevel 1[0m _identify(.) by extensions ['ignore', 'ignore_ament_install']
[0.180s] [34mcolcon.colcon_core.package_identification[0m [1;30mLevel 1[0m _identify(.) by extension 'ignore'
[0.180s] [34mcolcon.colcon_core.package_identification[0m [1;30mLevel 1[0m _identify(.) by extension 'ignore_ament_install'
[0.180s] [34mcolcon.colcon_core.package_identification[0m [1;30mLevel 1[0m _identify(.) by extensions ['colcon_pkg']
[0.180s] [34mcolcon.colcon_core.package_identification[0m [1;30mLevel 1[0m _identify(.) by extension 'colcon_pkg'
[0.180s] [34mcolcon.colcon_core.package_identification[0m [1;30mLevel 1[0m _identify(.) by extensions ['colcon_meta']
[0.180s] [34mcolcon.colcon_core.package_identification[0m [1;30mLevel 1[0m _identify(.) by extension 'colcon_meta'
[0.180s] [34mcolcon.colcon_core.package_identification[0m [1;30mLevel 1[0m _identify(.) by extensions ['ros']
[0.180s] [34mcolcon.colcon_core.package_identification[0m [1;30mLevel 1[0m _identify(.) by extension 'ros'
[0.186s] [34mcolcon.colcon_core.package_identification[0m [1;30mLevel 1[0m _identify(.) by extensions ['cmake', 'python']
[0.186s] [34mcolcon.colcon_core.package_identification[0m [1;30mLevel 1[0m _identify(.) by extension 'cmake'
[0.186s] [34mcolcon.colcon_core.package_identification[0m [1;30mLevel 1[0m _identify(.) by extension 'python'
[0.187s] [34mcolcon.colcon_core.package_identification[0m [1;30mLevel 1[0m _identify(.) by extensions ['python_setup_py']
[0.187s] [34mcolcon.colcon_core.package_identification[0m [1;30mLevel 1[0m _identify(.) by extension 'python_setup_py'
[0.187s] [34mcolcon.colcon_core.package_identification[0m [1;30mLevel 1[0m _identify(SO-ARM101_MoveIt_IsaacSim) by extensions ['ignore', 'ignore_ament_install']
[0.187s] [34mcolcon.colcon_core.package_identification[0m [1;30mLevel 1[0m _identify(SO-ARM101_MoveIt_IsaacSim) by extension 'ignore'
[0.187s] [34mcolcon.colcon_core.package_identification[0m [1;30mLevel 1[0m _identify(SO-ARM101_MoveIt_IsaacSim) by extension 'ignore_ament_install'
[0.187s] [34mcolcon.colcon_core.package_identification[0m [1;30mLevel 1[0m _identify(SO-ARM101_MoveIt_IsaacSim) by extensions ['colcon_pkg']
[0.187s] [34mcolcon.colcon_core.package_identification[0m [1;30mLevel 1[0m _identify(SO-ARM101_MoveIt_IsaacSim) by extension 'colcon_pkg'
[0.187s] [34mcolcon.colcon_core.package_identification[0m [1;30mLevel 1[0m _identify(SO-ARM101_MoveIt_IsaacSim) by extensions ['colcon_meta']
[0.187s] [34mcolcon.colcon_core.package_identification[0m [1;30mLevel 1[0m _identify(SO-ARM101_MoveIt_IsaacSim) by extension 'colcon_meta'
[0.187s] [34mcolcon.colcon_core.package_identification[0m [1;30mLevel 1[0m _identify(SO-ARM101_MoveIt_IsaacSim) by extensions ['ros']
[0.187s] [34mcolcon.colcon_core.package_identification[0m [1;30mLevel 1[0m _identify(SO-ARM101_MoveIt_IsaacSim) by extension 'ros'
[0.187s] [34mcolcon.colcon_core.package_identification[0m [1;30mLevel 1[0m _identify(SO-ARM101_MoveIt_IsaacSim) by extensions ['cmake', 'python']
[0.187s] [34mcolcon.colcon_core.package_identification[0m [1;30mLevel 1[0m _identify(SO-ARM101_MoveIt_IsaacSim) by extension 'cmake'
[0.187s] [34mcolcon.colcon_core.package_identification[0m [1;30mLevel 1[0m _identify(SO-ARM101_MoveIt_IsaacSim) by extension 'python'
[0.187s] [34mcolcon.colcon_core.package_identification[0m [1;30mLevel 1[0m _identify(SO-ARM101_MoveIt_IsaacSim) by extensions ['python_setup_py']
[0.187s] [34mcolcon.colcon_core.package_identification[0m [1;30mLevel 1[0m _identify(SO-ARM101_MoveIt_IsaacSim) by extension 'python_setup_py'
[0.187s] [34mcolcon.colcon_core.package_identification[0m [1;30mLevel 1[0m _identify(SO-ARM101_MoveIt_IsaacSim/build) by extensions ['ignore', 'ignore_ament_install']
[0.187s] [34mcolcon.colcon_core.package_identification[0m [1;30mLevel 1[0m _identify(SO-ARM101_MoveIt_IsaacSim/build) by extension 'ignore'
[0.187s] [34mcolcon.colcon_core.package_identification[0m [1;30mLevel 1[0m _identify(SO-ARM101_MoveIt_IsaacSim/build) ignored
[0.187s] [34mcolcon.colcon_core.package_identification[0m [1;30mLevel 1[0m _identify(SO-ARM101_MoveIt_IsaacSim/calibration) by extensions ['ignore', 'ignore_ament_install']
[0.187s] [34mcolcon.colcon_core.package_identification[0m [1;30mLevel 1[0m _identify(SO-ARM101_MoveIt_IsaacSim/calibration) by extension 'ignore'
[0.187s] [34mcolcon.colcon_core.package_identification[0m [1;30mLevel 1[0m _identify(SO-ARM101_MoveIt_IsaacSim/calibration) by extension 'ignore_ament_install'
[0.187s] [34mcolcon.colcon_core.package_identification[0m [1;30mLevel 1[0m _identify(SO-ARM101_MoveIt_IsaacSim/calibration) by extensions ['colcon_pkg']
[0.187s] [34mcolcon.colcon_core.package_identification[0m [1;30mLevel 1[0m _identify(SO-ARM101_MoveIt_IsaacSim/calibration) by extension 'colcon_pkg'
[0.187s] [34mcolcon.colcon_core.package_identification[0m [1;30mLevel 1[0m _identify(SO-ARM101_MoveIt_IsaacSim/calibration) by extensions ['colcon_meta']
[0.187s] [34mcolcon.colcon_core.package_identification[0m [1;30mLevel 1[0m _identify(SO-ARM101_MoveIt_IsaacSim/calibration) by extension 'colcon_meta'
[0.187s] [34mcolcon.colcon_core.package_identification[0m [1;30mLevel 1[0m _identify(SO-ARM101_MoveIt_IsaacSim/calibration) by extensions ['ros']
[0.187s] [34mcolcon.colcon_core.package_identification[0m [1;30mLevel 1[0m _identify(SO-ARM101_MoveIt_IsaacSim/calibration) by extension 'ros'
[0.187s] [34mcolcon.colcon_core.package_identification[0m [1;30mLevel 1[0m _identify(SO-ARM101_MoveIt_IsaacSim/calibration) by extensions ['cmake', 'python']
[0.187s] [34mcolcon.colcon_core.package_identification[0m [1;30mLevel 1[0m _identify(SO-ARM101_MoveIt_IsaacSim/calibration) by extension 'cmake'
[0.187s] [34mcolcon.colcon_core.package_identification[0m [1;30mLevel 1[0m _identify(SO-ARM101_MoveIt_IsaacSim/calibration) by extension 'python'
[0.187s] [34mcolcon.colcon_core.package_identification[0m [1;30mLevel 1[0m _identify(SO-ARM101_MoveIt_IsaacSim/calibration) by extensions ['python_setup_py']
[0.187s] [34mcolcon.colcon_core.package_identification[0m [1;30mLevel 1[0m _identify(SO-ARM101_MoveIt_IsaacSim/calibration) by extension 'python_setup_py'
[0.187s] [34mcolcon.colcon_core.package_identification[0m [1;30mLevel 1[0m _identify(SO-ARM101_MoveIt_IsaacSim/calibration/so101_follower) by extensions ['ignore', 'ignore_ament_install']
[0.187s] [34mcolcon.colcon_core.package_identification[0m [1;30mLevel 1[0m _identify(SO-ARM101_MoveIt_IsaacSim/calibration/so101_follower) by extension 'ignore'
[0.187s] [34mcolcon.colcon_core.package_identification[0m [1;30mLevel 1[0m _identify(SO-ARM101_MoveIt_IsaacSim/calibration/so101_follower) by extension 'ignore_ament_install'
[0.187s] [34mcolcon.colcon_core.package_identification[0m [1;30mLevel 1[0m _identify(SO-ARM101_MoveIt_IsaacSim/calibration/so101_follower) by extensions ['colcon_pkg']
[0.187s] [34mcolcon.colcon_core.package_identification[0m [1;30mLevel 1[0m _identify(SO-ARM101_MoveIt_IsaacSim/calibration/so101_follower) by extension 'colcon_pkg'
[0.187s] [34mcolcon.colcon_core.package_identification[0m [1;30mLevel 1[0m _identify(SO-ARM101_MoveIt_IsaacSim/calibration/so101_follower) by extensions ['colcon_meta']
[0.187s] [34mcolcon.colcon_core.package_identification[0m [1;30mLevel 1[0m _identify(SO-ARM101_MoveIt_IsaacSim/calibration/so101_follower) by extension 'colcon_meta'
[0.187s] [34mcolcon.colcon_core.package_identification[0m [1;30mLevel 1[0m _identify(SO-ARM101_MoveIt_IsaacSim/calibration/so101_follower) by extensions ['ros']
[0.187s] [34mcolcon.colcon_core.package_identification[0m [1;30mLevel 1[0m _identify(SO-ARM101_MoveIt_IsaacSim/calibration/so101_follower) by extension 'ros'
[0.187s] [34mcolcon.colcon_core.package_identification[0m [1;30mLevel 1[0m _identify(SO-ARM101_MoveIt_IsaacSim/calibration/so101_follower) by extensions ['cmake', 'python']
[0.187s] [34mcolcon.colcon_core.package_identification[0m [1;30mLevel 1[0m _identify(SO-ARM101_MoveIt_IsaacSim/calibration/so101_follower) by extension 'cmake'
[0.187s] [34mcolcon.colcon_core.package_identification[0m [1;30mLevel 1[0m _identify(SO-ARM101_MoveIt_IsaacSim/calibration/so101_follower) by extension 'python'
[0.187s] [34mcolcon.colcon_core.package_identification[0m [1;30mLevel 1[0m _identify(SO-ARM101_MoveIt_IsaacSim/calibration/so101_follower) by extensions ['python_setup_py']
[0.188s] [34mcolcon.colcon_core.package_identification[0m [1;30mLevel 1[0m _identify(SO-ARM101_MoveIt_IsaacSim/calibration/so101_follower) by extension 'python_setup_py'
[0.188s] [34mcolcon.colcon_core.package_identification[0m [1;30mLevel 1[0m _identify(SO-ARM101_MoveIt_IsaacSim/install) by extensions ['ignore', 'ignore_ament_install']
[0.188s] [34mcolcon.colcon_core.package_identification[0m [1;30mLevel 1[0m _identify(SO-ARM101_MoveIt_IsaacSim/install) by extension 'ignore'
[0.188s] [34mcolcon.colcon_core.package_identification[0m [1;30mLevel 1[0m _identify(SO-ARM101_MoveIt_IsaacSim/install) ignored
[0.188s] [34mcolcon.colcon_core.package_identification[0m [1;30mLevel 1[0m _identify(SO-ARM101_MoveIt_IsaacSim/log) by extensions ['ignore', 'ignore_ament_install']
[0.188s] [34mcolcon.colcon_core.package_identification[0m [1;30mLevel 1[0m _identify(SO-ARM101_MoveIt_IsaacSim/log) by extension 'ignore'
[0.188s] [34mcolcon.colcon_core.package_identification[0m [1;30mLevel 1[0m _identify(SO-ARM101_MoveIt_IsaacSim/log) ignored
[0.188s] [34mcolcon.colcon_core.package_identification[0m [1;30mLevel 1[0m _identify(SO-ARM101_MoveIt_IsaacSim/scripts) by extensions ['ignore', 'ignore_ament_install']
[0.188s] [34mcolcon.colcon_core.package_identification[0m [1;30mLevel 1[0m _identify(SO-ARM101_MoveIt_IsaacSim/scripts) by extension 'ignore'
[0.188s] [34mcolcon.colcon_core.package_identification[0m [1;30mLevel 1[0m _identify(SO-ARM101_MoveIt_IsaacSim/scripts) by extension 'ignore_ament_install'
[0.188s] [34mcolcon.colcon_core.package_identification[0m [1;30mLevel 1[0m _identify(SO-ARM101_MoveIt_IsaacSim/scripts) by extensions ['colcon_pkg']
[0.188s] [34mcolcon.colcon_core.package_identification[0m [1;30mLevel 1[0m _identify(SO-ARM101_MoveIt_IsaacSim/scripts) by extension 'colcon_pkg'
[0.188s] [34mcolcon.colcon_core.package_identification[0m [1;30mLevel 1[0m _identify(SO-ARM101_MoveIt_IsaacSim/scripts) by extensions ['colcon_meta']
[0.188s] [34mcolcon.colcon_core.package_identification[0m [1;30mLevel 1[0m _identify(SO-ARM101_MoveIt_IsaacSim/scripts) by extension 'colcon_meta'
[0.188s] [34mcolcon.colcon_core.package_identification[0m [1;30mLevel 1[0m _identify(SO-ARM101_MoveIt_IsaacSim/scripts) by extensions ['ros']
[0.188s] [34mcolcon.colcon_core.package_identification[0m [1;30mLevel 1[0m _identify(SO-ARM101_MoveIt_IsaacSim/scripts) by extension 'ros'
[0.188s] [34mcolcon.colcon_core.package_identification[0m [1;30mLevel 1[0m _identify(SO-ARM101_MoveIt_IsaacSim/scripts) by extensions ['cmake', 'python']
[0.188s] [34mcolcon.colcon_core.package_identification[0m [1;30mLevel 1[0m _identify(SO-ARM101_MoveIt_IsaacSim/scripts) by extension 'cmake'
[0.188s] [34mcolcon.colcon_core.package_identification[0m [1;30mLevel 1[0m _identify(SO-ARM101_MoveIt_IsaacSim/scripts) by extension 'python'
[0.188s] [34mcolcon.colcon_core.package_identification[0m [1;30mLevel 1[0m _identify(SO-ARM101_MoveIt_IsaacSim/scripts) by extensions ['python_setup_py']
[0.188s] [34mcolcon.colcon_core.package_identification[0m [1;30mLevel 1[0m _identify(SO-ARM101_MoveIt_IsaacSim/scripts) by extension 'python_setup_py'
[0.188s] [34mcolcon.colcon_core.package_identification[0m [1;30mLevel 1[0m _identify(SO-ARM101_MoveIt_IsaacSim/scripts/build) by extensions ['ignore', 'ignore_ament_install']
[0.188s] [34mcolcon.colcon_core.package_identification[0m [1;30mLevel 1[0m _identify(SO-ARM101_MoveIt_IsaacSim/scripts/build) by extension 'ignore'
[0.188s] [34mcolcon.colcon_core.package_identification[0m [1;30mLevel 1[0m _identify(SO-ARM101_MoveIt_IsaacSim/scripts/build) ignored
[0.188s] [34mcolcon.colcon_core.package_identification[0m [1;30mLevel 1[0m _identify(SO-ARM101_MoveIt_IsaacSim/scripts/install) by extensions ['ignore', 'ignore_ament_install']
[0.188s] [34mcolcon.colcon_core.package_identification[0m [1;30mLevel 1[0m _identify(SO-ARM101_MoveIt_IsaacSim/scripts/install) by extension 'ignore'
[0.188s] [34mcolcon.colcon_core.package_identification[0m [1;30mLevel 1[0m _identify(SO-ARM101_MoveIt_IsaacSim/scripts/install) ignored
[0.188s] [34mcolcon.colcon_core.package_identification[0m [1;30mLevel 1[0m _identify(SO-ARM101_MoveIt_IsaacSim/scripts/log) by extensions ['ignore', 'ignore_ament_install']
[0.188s] [34mcolcon.colcon_core.package_identification[0m [1;30mLevel 1[0m _identify(SO-ARM101_MoveIt_IsaacSim/scripts/log) by extension 'ignore'
[0.188s] [34mcolcon.colcon_core.package_identification[0m [1;30mLevel 1[0m _identify(SO-ARM101_MoveIt_IsaacSim/scripts/log) ignored
[0.188s] [34mcolcon.colcon_core.package_identification[0m [1;30mLevel 1[0m _identify(SO-ARM101_MoveIt_IsaacSim/src) by extensions ['ignore', 'ignore_ament_install']
[0.188s] [34mcolcon.colcon_core.package_identification[0m [1;30mLevel 1[0m _identify(SO-ARM101_MoveIt_IsaacSim/src) by extension 'ignore'
[0.188s] [34mcolcon.colcon_core.package_identification[0m [1;30mLevel 1[0m _identify(SO-ARM101_MoveIt_IsaacSim/src) by extension 'ignore_ament_install'
[0.188s] [34mcolcon.colcon_core.package_identification[0m [1;30mLevel 1[0m _identify(SO-ARM101_MoveIt_IsaacSim/src) by extensions ['colcon_pkg']
[0.188s] [34mcolcon.colcon_core.package_identification[0m [1;30mLevel 1[0m _identify(SO-ARM101_MoveIt_IsaacSim/src) by extension 'colcon_pkg'
[0.188s] [34mcolcon.colcon_core.package_identification[0m [1;30mLevel 1[0m _identify(SO-ARM101_MoveIt_IsaacSim/src) by extensions ['colcon_meta']
[0.189s] [34mcolcon.colcon_core.package_identification[0m [1;30mLevel 1[0m _identify(SO-ARM101_MoveIt_IsaacSim/src) by extension 'colcon_meta'
[0.189s] [34mcolcon.colcon_core.package_identification[0m [1;30mLevel 1[0m _identify(SO-ARM101_MoveIt_IsaacSim/src) by extensions ['ros']
[0.189s] [34mcolcon.colcon_core.package_identification[0m [1;30mLevel 1[0m _identify(SO-ARM101_MoveIt_IsaacSim/src) by extension 'ros'
[0.189s] [34mcolcon.colcon_core.package_identification[0m [1;30mLevel 1[0m _identify(SO-ARM101_MoveIt_IsaacSim/src) by extensions ['cmake', 'python']
[0.189s] [34mcolcon.colcon_core.package_identification[0m [1;30mLevel 1[0m _identify(SO-ARM101_MoveIt_IsaacSim/src) by extension 'cmake'
[0.189s] [34mcolcon.colcon_core.package_identification[0m [1;30mLevel 1[0m _identify(SO-ARM101_MoveIt_IsaacSim/src) by extension 'python'
[0.189s] [34mcolcon.colcon_core.package_identification[0m [1;30mLevel 1[0m _identify(SO-ARM101_MoveIt_IsaacSim/src) by extensions ['python_setup_py']
[0.189s] [34mcolcon.colcon_core.package_identification[0m [1;30mLevel 1[0m _identify(SO-ARM101_MoveIt_IsaacSim/src) by extension 'python_setup_py'
[0.189s] [34mcolcon.colcon_core.package_identification[0m [1;30mLevel 1[0m _identify(SO-ARM101_MoveIt_IsaacSim/src/isaac_sim_usd) by extensions ['ignore', 'ignore_ament_install']
[0.189s] [34mcolcon.colcon_core.package_identification[0m [1;30mLevel 1[0m _identify(SO-ARM101_MoveIt_IsaacSim/src/isaac_sim_usd) by extension 'ignore'
[0.189s] [34mcolcon.colcon_core.package_identification[0m [1;30mLevel 1[0m _identify(SO-ARM101_MoveIt_IsaacSim/src/isaac_sim_usd) by extension 'ignore_ament_install'
[0.189s] [34mcolcon.colcon_core.package_identification[0m [1;30mLevel 1[0m _identify(SO-ARM101_MoveIt_IsaacSim/src/isaac_sim_usd) by extensions ['colcon_pkg']
[0.189s] [34mcolcon.colcon_core.package_identification[0m [1;30mLevel 1[0m _identify(SO-ARM101_MoveIt_IsaacSim/src/isaac_sim_usd) by extension 'colcon_pkg'
[0.189s] [34mcolcon.colcon_core.package_identification[0m [1;30mLevel 1[0m _identify(SO-ARM101_MoveIt_IsaacSim/src/isaac_sim_usd) by extensions ['colcon_meta']
[0.189s] [34mcolcon.colcon_core.package_identification[0m [1;30mLevel 1[0m _identify(SO-ARM101_MoveIt_IsaacSim/src/isaac_sim_usd) by extension 'colcon_meta'
[0.189s] [34mcolcon.colcon_core.package_identification[0m [1;30mLevel 1[0m _identify(SO-ARM101_MoveIt_IsaacSim/src/isaac_sim_usd) by extensions ['ros']
[0.189s] [34mcolcon.colcon_core.package_identification[0m [1;30mLevel 1[0m _identify(SO-ARM101_MoveIt_IsaacSim/src/isaac_sim_usd) by extension 'ros'
[0.189s] [34mcolcon.colcon_core.package_identification[0m [1;30mLevel 1[0m _identify(SO-ARM101_MoveIt_IsaacSim/src/isaac_sim_usd) by extensions ['cmake', 'python']
[0.189s] [34mcolcon.colcon_core.package_identification[0m [1;30mLevel 1[0m _identify(SO-ARM101_MoveIt_IsaacSim/src/isaac_sim_usd) by extension 'cmake'
[0.189s] [34mcolcon.colcon_core.package_identification[0m [1;30mLevel 1[0m _identify(SO-ARM101_MoveIt_IsaacSim/src/isaac_sim_usd) by extension 'python'
[0.189s] [34mcolcon.colcon_core.package_identification[0m [1;30mLevel 1[0m _identify(SO-ARM101_MoveIt_IsaacSim/src/isaac_sim_usd) by extensions ['python_setup_py']
[0.189s] [34mcolcon.colcon_core.package_identification[0m [1;30mLevel 1[0m _identify(SO-ARM101_MoveIt_IsaacSim/src/isaac_sim_usd) by extension 'python_setup_py'
[0.189s] [34mcolcon.colcon_core.package_identification[0m [1;30mLevel 1[0m _identify(SO-ARM101_MoveIt_IsaacSim/src/so_arm_custom_control) by extensions ['ignore', 'ignore_ament_install']
[0.189s] [34mcolcon.colcon_core.package_identification[0m [1;30mLevel 1[0m _identify(SO-ARM101_MoveIt_IsaacSim/src/so_arm_custom_control) by extension 'ignore'
[0.189s] [34mcolcon.colcon_core.package_identification[0m [1;30mLevel 1[0m _identify(SO-ARM101_MoveIt_IsaacSim/src/so_arm_custom_control) by extension 'ignore_ament_install'
[0.189s] [34mcolcon.colcon_core.package_identification[0m [1;30mLevel 1[0m _identify(SO-ARM101_MoveIt_IsaacSim/src/so_arm_custom_control) by extensions ['colcon_pkg']
[0.189s] [34mcolcon.colcon_core.package_identification[0m [1;30mLevel 1[0m _identify(SO-ARM101_MoveIt_IsaacSim/src/so_arm_custom_control) by extension 'colcon_pkg'
[0.189s] [34mcolcon.colcon_core.package_identification[0m [1;30mLevel 1[0m _identify(SO-ARM101_MoveIt_IsaacSim/src/so_arm_custom_control) by extensions ['colcon_meta']
[0.189s] [34mcolcon.colcon_core.package_identification[0m [1;30mLevel 1[0m _identify(SO-ARM101_MoveIt_IsaacSim/src/so_arm_custom_control) by extension 'colcon_meta'
[0.189s] [34mcolcon.colcon_core.package_identification[0m [1;30mLevel 1[0m _identify(SO-ARM101_MoveIt_IsaacSim/src/so_arm_custom_control) by extensions ['ros']
[0.189s] [34mcolcon.colcon_core.package_identification[0m [1;30mLevel 1[0m _identify(SO-ARM101_MoveIt_IsaacSim/src/so_arm_custom_control) by extension 'ros'
[0.190s] [34mcolcon.colcon_core.package_identification[0m [1;30mDEBUG[0m [32mPackage 'SO-ARM101_MoveIt_IsaacSim/src/so_arm_custom_control' with type 'ros.ament_python' and name 'so_arm_custom_control'[0m
[0.190s] [34mcolcon.colcon_core.package_identification[0m [1;30mLevel 1[0m _identify(SO-ARM101_MoveIt_IsaacSim/src/so_arm_description) by extensions ['ignore', 'ignore_ament_install']
[0.190s] [34mcolcon.colcon_core.package_identification[0m [1;30mLevel 1[0m _identify(SO-ARM101_MoveIt_IsaacSim/src/so_arm_description) by extension 'ignore'
[0.190s] [34mcolcon.colcon_core.package_identification[0m [1;30mLevel 1[0m _identify(SO-ARM101_MoveIt_IsaacSim/src/so_arm_description) by extension 'ignore_ament_install'
[0.191s] [34mcolcon.colcon_core.package_identification[0m [1;30mLevel 1[0m _identify(SO-ARM101_MoveIt_IsaacSim/src/so_arm_description) by extensions ['colcon_pkg']
[0.191s] [34mcolcon.colcon_core.package_identification[0m [1;30mLevel 1[0m _identify(SO-ARM101_MoveIt_IsaacSim/src/so_arm_description) by extension 'colcon_pkg'
[0.191s] [34mcolcon.colcon_core.package_identification[0m [1;30mLevel 1[0m _identify(SO-ARM101_MoveIt_IsaacSim/src/so_arm_description) by extensions ['colcon_meta']
[0.191s] [34mcolcon.colcon_core.package_identification[0m [1;30mLevel 1[0m _identify(SO-ARM101_MoveIt_IsaacSim/src/so_arm_description) by extension 'colcon_meta'
[0.191s] [34mcolcon.colcon_core.package_identification[0m [1;30mLevel 1[0m _identify(SO-ARM101_MoveIt_IsaacSim/src/so_arm_description) by extensions ['ros']
[0.191s] [34mcolcon.colcon_core.package_identification[0m [1;30mLevel 1[0m _identify(SO-ARM101_MoveIt_IsaacSim/src/so_arm_description) by extension 'ros'
[0.191s] [34mcolcon.colcon_core.package_identification[0m [1;30mDEBUG[0m [32mPackage 'SO-ARM101_MoveIt_IsaacSim/src/so_arm_description' with type 'ros.ament_cmake' and name 'so_arm_description'[0m
[0.191s] [34mcolcon.colcon_core.package_identification[0m [1;30mLevel 1[0m _identify(SO-ARM101_MoveIt_IsaacSim/src/so_arm_motion_interface) by extensions ['ignore', 'ignore_ament_install']
[0.191s] [34mcolcon.colcon_core.package_identification[0m [1;30mLevel 1[0m _identify(SO-ARM101_MoveIt_IsaacSim/src/so_arm_motion_interface) by extension 'ignore'
[0.191s] [34mcolcon.colcon_core.package_identification[0m [1;30mLevel 1[0m _identify(SO-ARM101_MoveIt_IsaacSim/src/so_arm_motion_interface) by extension 'ignore_ament_install'
[0.191s] [34mcolcon.colcon_core.package_identification[0m [1;30mLevel 1[0m _identify(SO-ARM101_MoveIt_IsaacSim/src/so_arm_motion_interface) by extensions ['colcon_pkg']
[0.191s] [34mcolcon.colcon_core.package_identification[0m [1;30mLevel 1[0m _identify(SO-ARM101_MoveIt_IsaacSim/src/so_arm_motion_interface) by extension 'colcon_pkg'
[0.191s] [34mcolcon.colcon_core.package_identification[0m [1;30mLevel 1[0m _identify(SO-ARM101_MoveIt_IsaacSim/src/so_arm_motion_interface) by extensions ['colcon_meta']
[0.191s] [34mcolcon.colcon_core.package_identification[0m [1;30mLevel 1[0m _identify(SO-ARM101_MoveIt_IsaacSim/src/so_arm_motion_interface) by extension 'colcon_meta'
[0.191s] [34mcolcon.colcon_core.package_identification[0m [1;30mLevel 1[0m _identify(SO-ARM101_MoveIt_IsaacSim/src/so_arm_motion_interface) by extensions ['ros']
[0.191s] [34mcolcon.colcon_core.package_identification[0m [1;30mLevel 1[0m _identify(SO-ARM101_MoveIt_IsaacSim/src/so_arm_motion_interface) by extension 'ros'
[0.192s] [34mcolcon.colcon_core.package_identification[0m [1;30mDEBUG[0m [32mPackage 'SO-ARM101_MoveIt_IsaacSim/src/so_arm_motion_interface' with type 'ros.ament_python' and name 'so_arm_motion_interface'[0m
[0.192s] [34mcolcon.colcon_core.package_identification[0m [1;30mLevel 1[0m _identify(SO-ARM101_MoveIt_IsaacSim/src/so_arm_moveit_config) by extensions ['ignore', 'ignore_ament_install']
[0.192s] [34mcolcon.colcon_core.package_identification[0m [1;30mLevel 1[0m _identify(SO-ARM101_MoveIt_IsaacSim/src/so_arm_moveit_config) by extension 'ignore'
[0.192s] [34mcolcon.colcon_core.package_identification[0m [1;30mLevel 1[0m _identify(SO-ARM101_MoveIt_IsaacSim/src/so_arm_moveit_config) by extension 'ignore_ament_install'
[0.192s] [34mcolcon.colcon_core.package_identification[0m [1;30mLevel 1[0m _identify(SO-ARM101_MoveIt_IsaacSim/src/so_arm_moveit_config) by extensions ['colcon_pkg']
[0.192s] [34mcolcon.colcon_core.package_identification[0m [1;30mLevel 1[0m _identify(SO-ARM101_MoveIt_IsaacSim/src/so_arm_moveit_config) by extension 'colcon_pkg'
[0.192s] [34mcolcon.colcon_core.package_identification[0m [1;30mLevel 1[0m _identify(SO-ARM101_MoveIt_IsaacSim/src/so_arm_moveit_config) by extensions ['colcon_meta']
[0.192s] [34mcolcon.colcon_core.package_identification[0m [1;30mLevel 1[0m _identify(SO-ARM101_MoveIt_IsaacSim/src/so_arm_moveit_config) by extension 'colcon_meta'
[0.192s] [34mcolcon.colcon_core.package_identification[0m [1;30mLevel 1[0m _identify(SO-ARM101_MoveIt_IsaacSim/src/so_arm_moveit_config) by extensions ['ros']
[0.192s] [34mcolcon.colcon_core.package_identification[0m [1;30mLevel 1[0m _identify(SO-ARM101_MoveIt_IsaacSim/src/so_arm_moveit_config) by extension 'ros'
[0.192s] [34mcolcon.colcon_core.package_identification[0m [1;30mDEBUG[0m [32mPackage 'SO-ARM101_MoveIt_IsaacSim/src/so_arm_moveit_config' with type 'ros.ament_cmake' and name 'so_arm_moveit_config'[0m
[0.192s] [34mcolcon.colcon_core.package_identification[0m [1;30mLevel 1[0m _identify(build) by extensions ['ignore', 'ignore_ament_install']
[0.192s] [34mcolcon.colcon_core.package_identification[0m [1;30mLevel 1[0m _identify(build) by extension 'ignore'
[0.192s] [34mcolcon.colcon_core.package_identification[0m [1;30mLevel 1[0m _identify(build) ignored
[0.192s] [34mcolcon.colcon_core.package_identification[0m [1;30mLevel 1[0m _identify(install) by extensions ['ignore', 'ignore_ament_install']
[0.192s] [34mcolcon.colcon_core.package_identification[0m [1;30mLevel 1[0m _identify(install) by extension 'ignore'
[0.192s] [34mcolcon.colcon_core.package_identification[0m [1;30mLevel 1[0m _identify(install) ignored
[0.192s] [34mcolcon.colcon_core.package_identification[0m [1;30mLevel 1[0m _identify(lerobot) by extensions ['ignore', 'ignore_ament_install']
[0.193s] [34mcolcon.colcon_core.package_identification[0m [1;30mLevel 1[0m _identify(lerobot) by extension 'ignore'
[0.193s] [34mcolcon.colcon_core.package_identification[0m [1;30mLevel 1[0m _identify(lerobot) by extension 'ignore_ament_install'
[0.193s] [34mcolcon.colcon_core.package_identification[0m [1;30mLevel 1[0m _identify(lerobot) by extensions ['colcon_pkg']
[0.193s] [34mcolcon.colcon_core.package_identification[0m [1;30mLevel 1[0m _identify(lerobot) by extension 'colcon_pkg'
[0.193s] [34mcolcon.colcon_core.package_identification[0m [1;30mLevel 1[0m _identify(lerobot) by extensions ['colcon_meta']
[0.193s] [34mcolcon.colcon_core.package_identification[0m [1;30mLevel 1[0m _identify(lerobot) by extension 'colcon_meta'
[0.193s] [34mcolcon.colcon_core.package_identification[0m [1;30mLevel 1[0m _identify(lerobot) by extensions ['ros']
[0.193s] [34mcolcon.colcon_core.package_identification[0m [1;30mLevel 1[0m _identify(lerobot) by extension 'ros'
[0.193s] [34mcolcon.colcon_core.package_identification[0m [1;30mLevel 1[0m _identify(lerobot) by extensions ['cmake', 'python']
[0.193s] [34mcolcon.colcon_core.package_identification[0m [1;30mLevel 1[0m _identify(lerobot) by extension 'cmake'
[0.193s] [34mcolcon.colcon_core.package_identification[0m [1;30mLevel 1[0m _identify(lerobot) by extension 'python'
[0.193s] [34mcolcon.colcon_core.package_identification[0m [1;30mLevel 1[0m _identify(lerobot) by extensions ['python_setup_py']
[0.193s] [34mcolcon.colcon_core.package_identification[0m [1;30mLevel 1[0m _identify(lerobot) by extension 'python_setup_py'
[0.193s] [34mcolcon.colcon_core.package_identification[0m [1;30mLevel 1[0m _identify(lerobot/benchmarks) by extensions ['ignore', 'ignore_ament_install']
[0.193s] [34mcolcon.colcon_core.package_identification[0m [1;30mLevel 1[0m _identify(lerobot/benchmarks) by extension 'ignore'
[0.193s] [34mcolcon.colcon_core.package_identification[0m [1;30mLevel 1[0m _identify(lerobot/benchmarks) by extension 'ignore_ament_install'
[0.193s] [34mcolcon.colcon_core.package_identification[0m [1;30mLevel 1[0m _identify(lerobot/benchmarks) by extensions ['colcon_pkg']
[0.193s] [34mcolcon.colcon_core.package_identification[0m [1;30mLevel 1[0m _identify(lerobot/benchmarks) by extension 'colcon_pkg'
[0.193s] [34mcolcon.colcon_core.package_identification[0m [1;30mLevel 1[0m _identify(lerobot/benchmarks) by extensions ['colcon_meta']
[0.193s] [34mcolcon.colcon_core.package_identification[0m [1;30mLevel 1[0m _identify(lerobot/benchmarks) by extension 'colcon_meta'
[0.193s] [34mcolcon.colcon_core.package_identification[0m [1;30mLevel 1[0m _identify(lerobot/benchmarks) by extensions ['ros']
[0.193s] [34mcolcon.colcon_core.package_identification[0m [1;30mLevel 1[0m _identify(lerobot/benchmarks) by extension 'ros'
[0.193s] [34mcolcon.colcon_core.package_identification[0m [1;30mLevel 1[0m _identify(lerobot/benchmarks) by extensions ['cmake', 'python']
[0.193s] [34mcolcon.colcon_core.package_identification[0m [1;30mLevel 1[0m _identify(lerobot/benchmarks) by extension 'cmake'
[0.193s] [34mcolcon.colcon_core.package_identification[0m [1;30mLevel 1[0m _identify(lerobot/benchmarks) by extension 'python'
[0.193s] [34mcolcon.colcon_core.package_identification[0m [1;30mLevel 1[0m _identify(lerobot/benchmarks) by extensions ['python_setup_py']
[0.193s] [34mcolcon.colcon_core.package_identification[0m [1;30mLevel 1[0m _identify(lerobot/benchmarks) by extension 'python_setup_py'
[0.193s] [34mcolcon.colcon_core.package_identification[0m [1;30mLevel 1[0m _identify(lerobot/benchmarks/video) by extensions ['ignore', 'ignore_ament_install']
[0.193s] [34mcolcon.colcon_core.package_identification[0m [1;30mLevel 1[0m _identify(lerobot/benchmarks/video) by extension 'ignore'
[0.193s] [34mcolcon.colcon_core.package_identification[0m [1;30mLevel 1[0m _identify(lerobot/benchmarks/video) by extension 'ignore_ament_install'
[0.193s] [34mcolcon.colcon_core.package_identification[0m [1;30mLevel 1[0m _identify(lerobot/benchmarks/video) by extensions ['colcon_pkg']
[0.193s] [34mcolcon.colcon_core.package_identification[0m [1;30mLevel 1[0m _identify(lerobot/benchmarks/video) by extension 'colcon_pkg'
[0.193s] [34mcolcon.colcon_core.package_identification[0m [1;30mLevel 1[0m _identify(lerobot/benchmarks/video) by extensions ['colcon_meta']
[0.193s] [34mcolcon.colcon_core.package_identification[0m [1;30mLevel 1[0m _identify(lerobot/benchmarks/video) by extension 'colcon_meta'
[0.193s] [34mcolcon.colcon_core.package_identification[0m [1;30mLevel 1[0m _identify(lerobot/benchmarks/video) by extensions ['ros']
[0.193s] [34mcolcon.colcon_core.package_identification[0m [1;30mLevel 1[0m _identify(lerobot/benchmarks/video) by extension 'ros'
[0.193s] [34mcolcon.colcon_core.package_identification[0m [1;30mLevel 1[0m _identify(lerobot/benchmarks/video) by extensions ['cmake', 'python']
[0.193s] [34mcolcon.colcon_core.package_identification[0m [1;30mLevel 1[0m _identify(lerobot/benchmarks/video) by extension 'cmake'
[0.193s] [34mcolcon.colcon_core.package_identification[0m [1;30mLevel 1[0m _identify(lerobot/benchmarks/video) by extension 'python'
[0.193s] [34mcolcon.colcon_core.package_identification[0m [1;30mLevel 1[0m _identify(lerobot/benchmarks/video) by extensions ['python_setup_py']
[0.193s] [34mcolcon.colcon_core.package_identification[0m [1;30mLevel 1[0m _identify(lerobot/benchmarks/video) by extension 'python_setup_py'
[0.193s] [34mcolcon.colcon_core.package_identification[0m [1;30mLevel 1[0m _identify(lerobot/docker) by extensions ['ignore', 'ignore_ament_install']
[0.193s] [34mcolcon.colcon_core.package_identification[0m [1;30mLevel 1[0m _identify(lerobot/docker) by extension 'ignore'
[0.193s] [34mcolcon.colcon_core.package_identification[0m [1;30mLevel 1[0m _identify(lerobot/docker) by extension 'ignore_ament_install'
[0.193s] [34mcolcon.colcon_core.package_identification[0m [1;30mLevel 1[0m _identify(lerobot/docker) by extensions ['colcon_pkg']
[0.193s] [34mcolcon.colcon_core.package_identification[0m [1;30mLevel 1[0m _identify(lerobot/docker) by extension 'colcon_pkg'
[0.193s] [34mcolcon.colcon_core.package_identification[0m [1;30mLevel 1[0m _identify(lerobot/docker) by extensions ['colcon_meta']
[0.193s] [34mcolcon.colcon_core.package_identification[0m [1;30mLevel 1[0m _identify(lerobot/docker) by extension 'colcon_meta'
[0.193s] [34mcolcon.colcon_core.package_identification[0m [1;30mLevel 1[0m _identify(lerobot/docker) by extensions ['ros']
[0.193s] [34mcolcon.colcon_core.package_identification[0m [1;30mLevel 1[0m _identify(lerobot/docker) by extension 'ros'
[0.193s] [34mcolcon.colcon_core.package_identification[0m [1;30mLevel 1[0m _identify(lerobot/docker) by extensions ['cmake', 'python']
[0.194s] [34mcolcon.colcon_core.package_identification[0m [1;30mLevel 1[0m _identify(lerobot/docker) by extension 'cmake'
[0.194s] [34mcolcon.colcon_core.package_identification[0m [1;30mLevel 1[0m _identify(lerobot/docker) by extension 'python'
[0.194s] [34mcolcon.colcon_core.package_identification[0m [1;30mLevel 1[0m _identify(lerobot/docker) by extensions ['python_setup_py']
[0.194s] [34mcolcon.colcon_core.package_identification[0m [1;30mLevel 1[0m _identify(lerobot/docker) by extension 'python_setup_py'
[0.194s] [34mcolcon.colcon_core.package_identification[0m [1;30mLevel 1[0m _identify(lerobot/docs) by extensions ['ignore', 'ignore_ament_install']
[0.194s] [34mcolcon.colcon_core.package_identification[0m [1;30mLevel 1[0m _identify(lerobot/docs) by extension 'ignore'
[0.194s] [34mcolcon.colcon_core.package_identification[0m [1;30mLevel 1[0m _identify(lerobot/docs) by extension 'ignore_ament_install'
[0.194s] [34mcolcon.colcon_core.package_identification[0m [1;30mLevel 1[0m _identify(lerobot/docs) by extensions ['colcon_pkg']
[0.194s] [34mcolcon.colcon_core.package_identification[0m [1;30mLevel 1[0m _identify(lerobot/docs) by extension 'colcon_pkg'
[0.194s] [34mcolcon.colcon_core.package_identification[0m [1;30mLevel 1[0m _identify(lerobot/docs) by extensions ['colcon_meta']
[0.194s] [34mcolcon.colcon_core.package_identification[0m [1;30mLevel 1[0m _identify(lerobot/docs) by extension 'colcon_meta'
[0.194s] [34mcolcon.colcon_core.package_identification[0m [1;30mLevel 1[0m _identify(lerobot/docs) by extensions ['ros']
[0.194s] [34mcolcon.colcon_core.package_identification[0m [1;30mLevel 1[0m _identify(lerobot/docs) by extension 'ros'
[0.194s] [34mcolcon.colcon_core.package_identification[0m [1;30mLevel 1[0m _identify(lerobot/docs) by extensions ['cmake', 'python']
[0.194s] [34mcolcon.colcon_core.package_identification[0m [1;30mLevel 1[0m _identify(lerobot/docs) by extension 'cmake'
[0.194s] [34mcolcon.colcon_core.package_identification[0m [1;30mLevel 1[0m _identify(lerobot/docs) by extension 'python'
[0.194s] [34mcolcon.colcon_core.package_identification[0m [1;30mLevel 1[0m _identify(lerobot/docs) by extensions ['python_setup_py']
[0.194s] [34mcolcon.colcon_core.package_identification[0m [1;30mLevel 1[0m _identify(lerobot/docs) by extension 'python_setup_py'
[0.194s] [34mcolcon.colcon_core.package_identification[0m [1;30mLevel 1[0m _identify(lerobot/docs/source) by extensions ['ignore', 'ignore_ament_install']
[0.194s] [34mcolcon.colcon_core.package_identification[0m [1;30mLevel 1[0m _identify(lerobot/docs/source) by extension 'ignore'
[0.194s] [34mcolcon.colcon_core.package_identification[0m [1;30mLevel 1[0m _identify(lerobot/docs/source) by extension 'ignore_ament_install'
[0.194s] [34mcolcon.colcon_core.package_identification[0m [1;30mLevel 1[0m _identify(lerobot/docs/source) by extensions ['colcon_pkg']
[0.194s] [34mcolcon.colcon_core.package_identification[0m [1;30mLevel 1[0m _identify(lerobot/docs/source) by extension 'colcon_pkg'
[0.194s] [34mcolcon.colcon_core.package_identification[0m [1;30mLevel 1[0m _identify(lerobot/docs/source) by extensions ['colcon_meta']
[0.194s] [34mcolcon.colcon_core.package_identification[0m [1;30mLevel 1[0m _identify(lerobot/docs/source) by extension 'colcon_meta'
[0.194s] [34mcolcon.colcon_core.package_identification[0m [1;30mLevel 1[0m _identify(lerobot/docs/source) by extensions ['ros']
[0.194s] [34mcolcon.colcon_core.package_identification[0m [1;30mLevel 1[0m _identify(lerobot/docs/source) by extension 'ros'
[0.194s] [34mcolcon.colcon_core.package_identification[0m [1;30mLevel 1[0m _identify(lerobot/docs/source) by extensions ['cmake', 'python']
[0.194s] [34mcolcon.colcon_core.package_identification[0m [1;30mLevel 1[0m _identify(lerobot/docs/source) by extension 'cmake'
[0.194s] [34mcolcon.colcon_core.package_identification[0m [1;30mLevel 1[0m _identify(lerobot/docs/source) by extension 'python'
[0.194s] [34mcolcon.colcon_core.package_identification[0m [1;30mLevel 1[0m _identify(lerobot/docs/source) by extensions ['python_setup_py']
[0.194s] [34mcolcon.colcon_core.package_identification[0m [1;30mLevel 1[0m _identify(lerobot/docs/source) by extension 'python_setup_py'
[0.194s] [34mcolcon.colcon_core.package_identification[0m [1;30mLevel 1[0m _identify(lerobot/examples) by extensions ['ignore', 'ignore_ament_install']
[0.194s] [34mcolcon.colcon_core.package_identification[0m [1;30mLevel 1[0m _identify(lerobot/examples) by extension 'ignore'
[0.194s] [34mcolcon.colcon_core.package_identification[0m [1;30mLevel 1[0m _identify(lerobot/examples) by extension 'ignore_ament_install'
[0.194s] [34mcolcon.colcon_core.package_identification[0m [1;30mLevel 1[0m _identify(lerobot/examples) by extensions ['colcon_pkg']
[0.194s] [34mcolcon.colcon_core.package_identification[0m [1;30mLevel 1[0m _identify(lerobot/examples) by extension 'colcon_pkg'
[0.194s] [34mcolcon.colcon_core.package_identification[0m [1;30mLevel 1[0m _identify(lerobot/examples) by extensions ['colcon_meta']
[0.194s] [34mcolcon.colcon_core.package_identification[0m [1;30mLevel 1[0m _identify(lerobot/examples) by extension 'colcon_meta'
[0.194s] [34mcolcon.colcon_core.package_identification[0m [1;30mLevel 1[0m _identify(lerobot/examples) by extensions ['ros']
[0.194s] [34mcolcon.colcon_core.package_identification[0m [1;30mLevel 1[0m _identify(lerobot/examples) by extension 'ros'
[0.194s] [34mcolcon.colcon_core.package_identification[0m [1;30mLevel 1[0m _identify(lerobot/examples) by extensions ['cmake', 'python']
[0.194s] [34mcolcon.colcon_core.package_identification[0m [1;30mLevel 1[0m _identify(lerobot/examples) by extension 'cmake'
[0.194s] [34mcolcon.colcon_core.package_identification[0m [1;30mLevel 1[0m _identify(lerobot/examples) by extension 'python'
[0.194s] [34mcolcon.colcon_core.package_identification[0m [1;30mLevel 1[0m _identify(lerobot/examples) by extensions ['python_setup_py']
[0.194s] [34mcolcon.colcon_core.package_identification[0m [1;30mLevel 1[0m _identify(lerobot/examples) by extension 'python_setup_py'
[0.194s] [34mcolcon.colcon_core.package_identification[0m [1;30mLevel 1[0m _identify(lerobot/examples/backward_compatibility) by extensions ['ignore', 'ignore_ament_install']
[0.194s] [34mcolcon.colcon_core.package_identification[0m [1;30mLevel 1[0m _identify(lerobot/examples/backward_compatibility) by extension 'ignore'
[0.194s] [34mcolcon.colcon_core.package_identification[0m [1;30mLevel 1[0m _identify(lerobot/examples/backward_compatibility) by extension 'ignore_ament_install'
[0.195s] [34mcolcon.colcon_core.package_identification[0m [1;30mLevel 1[0m _identify(lerobot/examples/backward_compatibility) by extensions ['colcon_pkg']
[0.195s] [34mcolcon.colcon_core.package_identification[0m [1;30mLevel 1[0m _identify(lerobot/examples/backward_compatibility) by extension 'colcon_pkg'
[0.195s] [34mcolcon.colcon_core.package_identification[0m [1;30mLevel 1[0m _identify(lerobot/examples/backward_compatibility) by extensions ['colcon_meta']
[0.195s] [34mcolcon.colcon_core.package_identification[0m [1;30mLevel 1[0m _identify(lerobot/examples/backward_compatibility) by extension 'colcon_meta'
[0.195s] [34mcolcon.colcon_core.package_identification[0m [1;30mLevel 1[0m _identify(lerobot/examples/backward_compatibility) by extensions ['ros']
[0.195s] [34mcolcon.colcon_core.package_identification[0m [1;30mLevel 1[0m _identify(lerobot/examples/backward_compatibility) by extension 'ros'
[0.195s] [34mcolcon.colcon_core.package_identification[0m [1;30mLevel 1[0m _identify(lerobot/examples/backward_compatibility) by extensions ['cmake', 'python']
[0.195s] [34mcolcon.colcon_core.package_identification[0m [1;30mLevel 1[0m _identify(lerobot/examples/backward_compatibility) by extension 'cmake'
[0.195s] [34mcolcon.colcon_core.package_identification[0m [1;30mLevel 1[0m _identify(lerobot/examples/backward_compatibility) by extension 'python'
[0.195s] [34mcolcon.colcon_core.package_identification[0m [1;30mLevel 1[0m _identify(lerobot/examples/backward_compatibility) by extensions ['python_setup_py']
[0.195s] [34mcolcon.colcon_core.package_identification[0m [1;30mLevel 1[0m _identify(lerobot/examples/backward_compatibility) by extension 'python_setup_py'
[0.195s] [34mcolcon.colcon_core.package_identification[0m [1;30mLevel 1[0m _identify(lerobot/examples/dataset) by extensions ['ignore', 'ignore_ament_install']
[0.195s] [34mcolcon.colcon_core.package_identification[0m [1;30mLevel 1[0m _identify(lerobot/examples/dataset) by extension 'ignore'
[0.195s] [34mcolcon.colcon_core.package_identification[0m [1;30mLevel 1[0m _identify(lerobot/examples/dataset) by extension 'ignore_ament_install'
[0.195s] [34mcolcon.colcon_core.package_identification[0m [1;30mLevel 1[0m _identify(lerobot/examples/dataset) by extensions ['colcon_pkg']
[0.195s] [34mcolcon.colcon_core.package_identification[0m [1;30mLevel 1[0m _identify(lerobot/examples/dataset) by extension 'colcon_pkg'
[0.195s] [34mcolcon.colcon_core.package_identification[0m [1;30mLevel 1[0m _identify(lerobot/examples/dataset) by extensions ['colcon_meta']
[0.195s] [34mcolcon.colcon_core.package_identification[0m [1;30mLevel 1[0m _identify(lerobot/examples/dataset) by extension 'colcon_meta'
[0.195s] [34mcolcon.colcon_core.package_identification[0m [1;30mLevel 1[0m _identify(lerobot/examples/dataset) by extensions ['ros']
[0.195s] [34mcolcon.colcon_core.package_identification[0m [1;30mLevel 1[0m _identify(lerobot/examples/dataset) by extension 'ros'
[0.195s] [34mcolcon.colcon_core.package_identification[0m [1;30mLevel 1[0m _identify(lerobot/examples/dataset) by extensions ['cmake', 'python']
[0.195s] [34mcolcon.colcon_core.package_identification[0m [1;30mLevel 1[0m _identify(lerobot/examples/dataset) by extension 'cmake'
[0.195s] [34mcolcon.colcon_core.package_identification[0m [1;30mLevel 1[0m _identify(lerobot/examples/dataset) by extension 'python'
[0.195s] [34mcolcon.colcon_core.package_identification[0m [1;30mLevel 1[0m _identify(lerobot/examples/dataset) by extensions ['python_setup_py']
[0.195s] [34mcolcon.colcon_core.package_identification[0m [1;30mLevel 1[0m _identify(lerobot/examples/dataset) by extension 'python_setup_py'
[0.195s] [34mcolcon.colcon_core.package_identification[0m [1;30mLevel 1[0m _identify(lerobot/examples/lekiwi) by extensions ['ignore', 'ignore_ament_install']
[0.195s] [34mcolcon.colcon_core.package_identification[0m [1;30mLevel 1[0m _identify(lerobot/examples/lekiwi) by extension 'ignore'
[0.195s] [34mcolcon.colcon_core.package_identification[0m [1;30mLevel 1[0m _identify(lerobot/examples/lekiwi) by extension 'ignore_ament_install'
[0.195s] [34mcolcon.colcon_core.package_identification[0m [1;30mLevel 1[0m _identify(lerobot/examples/lekiwi) by extensions ['colcon_pkg']
[0.195s] [34mcolcon.colcon_core.package_identification[0m [1;30mLevel 1[0m _identify(lerobot/examples/lekiwi) by extension 'colcon_pkg'
[0.195s] [34mcolcon.colcon_core.package_identification[0m [1;30mLevel 1[0m _identify(lerobot/examples/lekiwi) by extensions ['colcon_meta']
[0.195s] [34mcolcon.colcon_core.package_identification[0m [1;30mLevel 1[0m _identify(lerobot/examples/lekiwi) by extension 'colcon_meta'
[0.195s] [34mcolcon.colcon_core.package_identification[0m [1;30mLevel 1[0m _identify(lerobot/examples/lekiwi) by extensions ['ros']
[0.195s] [34mcolcon.colcon_core.package_identification[0m [1;30mLevel 1[0m _identify(lerobot/examples/lekiwi) by extension 'ros'
[0.195s] [34mcolcon.colcon_core.package_identification[0m [1;30mLevel 1[0m _identify(lerobot/examples/lekiwi) by extensions ['cmake', 'python']
[0.195s] [34mcolcon.colcon_core.package_identification[0m [1;30mLevel 1[0m _identify(lerobot/examples/lekiwi) by extension 'cmake'
[0.195s] [34mcolcon.colcon_core.package_identification[0m [1;30mLevel 1[0m _identify(lerobot/examples/lekiwi) by extension 'python'
[0.195s] [34mcolcon.colcon_core.package_identification[0m [1;30mLevel 1[0m _identify(lerobot/examples/lekiwi) by extensions ['python_setup_py']
[0.195s] [34mcolcon.colcon_core.package_identification[0m [1;30mLevel 1[0m _identify(lerobot/examples/lekiwi) by extension 'python_setup_py'
[0.195s] [34mcolcon.colcon_core.package_identification[0m [1;30mLevel 1[0m _identify(lerobot/examples/phone_to_so100) by extensions ['ignore', 'ignore_ament_install']
[0.195s] [34mcolcon.colcon_core.package_identification[0m [1;30mLevel 1[0m _identify(lerobot/examples/phone_to_so100) by extension 'ignore'
[0.195s] [34mcolcon.colcon_core.package_identification[0m [1;30mLevel 1[0m _identify(lerobot/examples/phone_to_so100) by extension 'ignore_ament_install'
[0.195s] [34mcolcon.colcon_core.package_identification[0m [1;30mLevel 1[0m _identify(lerobot/examples/phone_to_so100) by extensions ['colcon_pkg']
[0.195s] [34mcolcon.colcon_core.package_identification[0m [1;30mLevel 1[0m _identify(lerobot/examples/phone_to_so100) by extension 'colcon_pkg'
[0.195s] [34mcolcon.colcon_core.package_identification[0m [1;30mLevel 1[0m _identify(lerobot/examples/phone_to_so100) by extensions ['colcon_meta']
[0.195s] [34mcolcon.colcon_core.package_identification[0m [1;30mLevel 1[0m _identify(lerobot/examples/phone_to_so100) by extension 'colcon_meta'
[0.195s] [34mcolcon.colcon_core.package_identification[0m [1;30mLevel 1[0m _identify(lerobot/examples/phone_to_so100) by extensions ['ros']
[0.195s] [34mcolcon.colcon_core.package_identification[0m [1;30mLevel 1[0m _identify(lerobot/examples/phone_to_so100) by extension 'ros'
[0.195s] [34mcolcon.colcon_core.package_identification[0m [1;30mLevel 1[0m _identify(lerobot/examples/phone_to_so100) by extensions ['cmake', 'python']
[0.195s] [34mcolcon.colcon_core.package_identification[0m [1;30mLevel 1[0m _identify(lerobot/examples/phone_to_so100) by extension 'cmake'
[0.195s] [34mcolcon.colcon_core.package_identification[0m [1;30mLevel 1[0m _identify(lerobot/examples/phone_to_so100) by extension 'python'
[0.195s] [34mcolcon.colcon_core.package_identification[0m [1;30mLevel 1[0m _identify(lerobot/examples/phone_to_so100) by extensions ['python_setup_py']
[0.195s] [34mcolcon.colcon_core.package_identification[0m [1;30mLevel 1[0m _identify(lerobot/examples/phone_to_so100) by extension 'python_setup_py'
[0.196s] [34mcolcon.colcon_core.package_identification[0m [1;30mLevel 1[0m _identify(lerobot/examples/port_datasets) by extensions ['ignore', 'ignore_ament_install']
[0.196s] [34mcolcon.colcon_core.package_identification[0m [1;30mLevel 1[0m _identify(lerobot/examples/port_datasets) by extension 'ignore'
[0.196s] [34mcolcon.colcon_core.package_identification[0m [1;30mLevel 1[0m _identify(lerobot/examples/port_datasets) by extension 'ignore_ament_install'
[0.196s] [34mcolcon.colcon_core.package_identification[0m [1;30mLevel 1[0m _identify(lerobot/examples/port_datasets) by extensions ['colcon_pkg']
[0.196s] [34mcolcon.colcon_core.package_identification[0m [1;30mLevel 1[0m _identify(lerobot/examples/port_datasets) by extension 'colcon_pkg'
[0.196s] [34mcolcon.colcon_core.package_identification[0m [1;30mLevel 1[0m _identify(lerobot/examples/port_datasets) by extensions ['colcon_meta']
[0.196s] [34mcolcon.colcon_core.package_identification[0m [1;30mLevel 1[0m _identify(lerobot/examples/port_datasets) by extension 'colcon_meta'
[0.196s] [34mcolcon.colcon_core.package_identification[0m [1;30mLevel 1[0m _identify(lerobot/examples/port_datasets) by extensions ['ros']
[0.196s] [34mcolcon.colcon_core.package_identification[0m [1;30mLevel 1[0m _identify(lerobot/examples/port_datasets) by extension 'ros'
[0.196s] [34mcolcon.colcon_core.package_identification[0m [1;30mLevel 1[0m _identify(lerobot/examples/port_datasets) by extensions ['cmake', 'python']
[0.196s] [34mcolcon.colcon_core.package_identification[0m [1;30mLevel 1[0m _identify(lerobot/examples/port_datasets) by extension 'cmake'
[0.196s] [34mcolcon.colcon_core.package_identification[0m [1;30mLevel 1[0m _identify(lerobot/examples/port_datasets) by extension 'python'
[0.196s] [34mcolcon.colcon_core.package_identification[0m [1;30mLevel 1[0m _identify(lerobot/examples/port_datasets) by extensions ['python_setup_py']
[0.196s] [34mcolcon.colcon_core.package_identification[0m [1;30mLevel 1[0m _identify(lerobot/examples/port_datasets) by extension 'python_setup_py'
[0.196s] [34mcolcon.colcon_core.package_identification[0m [1;30mLevel 1[0m _identify(lerobot/examples/rtc) by extensions ['ignore', 'ignore_ament_install']
[0.196s] [34mcolcon.colcon_core.package_identification[0m [1;30mLevel 1[0m _identify(lerobot/examples/rtc) by extension 'ignore'
[0.196s] [34mcolcon.colcon_core.package_identification[0m [1;30mLevel 1[0m _identify(lerobot/examples/rtc) by extension 'ignore_ament_install'
[0.196s] [34mcolcon.colcon_core.package_identification[0m [1;30mLevel 1[0m _identify(lerobot/examples/rtc) by extensions ['colcon_pkg']
[0.196s] [34mcolcon.colcon_core.package_identification[0m [1;30mLevel 1[0m _identify(lerobot/examples/rtc) by extension 'colcon_pkg'
[0.196s] [34mcolcon.colcon_core.package_identification[0m [1;30mLevel 1[0m _identify(lerobot/examples/rtc) by extensions ['colcon_meta']
[0.196s] [34mcolcon.colcon_core.package_identification[0m [1;30mLevel 1[0m _identify(lerobot/examples/rtc) by extension 'colcon_meta'
[0.196s] [34mcolcon.colcon_core.package_identification[0m [1;30mLevel 1[0m _identify(lerobot/examples/rtc) by extensions ['ros']
[0.196s] [34mcolcon.colcon_core.package_identification[0m [1;30mLevel 1[0m _identify(lerobot/examples/rtc) by extension 'ros'
[0.196s] [34mcolcon.colcon_core.package_identification[0m [1;30mLevel 1[0m _identify(lerobot/examples/rtc) by extensions ['cmake', 'python']
[0.196s] [34mcolcon.colcon_core.package_identification[0m [1;30mLevel 1[0m _identify(lerobot/examples/rtc) by extension 'cmake'
[0.196s] [34mcolcon.colcon_core.package_identification[0m [1;30mLevel 1[0m _identify(lerobot/examples/rtc) by extension 'python'
[0.196s] [34mcolcon.colcon_core.package_identification[0m [1;30mLevel 1[0m _identify(lerobot/examples/rtc) by extensions ['python_setup_py']
[0.196s] [34mcolcon.colcon_core.package_identification[0m [1;30mLevel 1[0m _identify(lerobot/examples/rtc) by extension 'python_setup_py'
[0.196s] [34mcolcon.colcon_core.package_identification[0m [1;30mLevel 1[0m _identify(lerobot/examples/so100_to_so100_EE) by extensions ['ignore', 'ignore_ament_install']
[0.196s] [34mcolcon.colcon_core.package_identification[0m [1;30mLevel 1[0m _identify(lerobot/examples/so100_to_so100_EE) by extension 'ignore'
[0.196s] [34mcolcon.colcon_core.package_identification[0m [1;30mLevel 1[0m _identify(lerobot/examples/so100_to_so100_EE) by extension 'ignore_ament_install'
[0.196s] [34mcolcon.colcon_core.package_identification[0m [1;30mLevel 1[0m _identify(lerobot/examples/so100_to_so100_EE) by extensions ['colcon_pkg']
[0.196s] [34mcolcon.colcon_core.package_identification[0m [1;30mLevel 1[0m _identify(lerobot/examples/so100_to_so100_EE) by extension 'colcon_pkg'
[0.196s] [34mcolcon.colcon_core.package_identification[0m [1;30mLevel 1[0m _identify(lerobot/examples/so100_to_so100_EE) by extensions ['colcon_meta']
[0.196s] [34mcolcon.colcon_core.package_identification[0m [1;30mLevel 1[0m _identify(lerobot/examples/so100_to_so100_EE) by extension 'colcon_meta'
[0.196s] [34mcolcon.colcon_core.package_identification[0m [1;30mLevel 1[0m _identify(lerobot/examples/so100_to_so100_EE) by extensions ['ros']
[0.196s] [34mcolcon.colcon_core.package_identification[0m [1;30mLevel 1[0m _identify(lerobot/examples/so100_to_so100_EE) by extension 'ros'
[0.196s] [34mcolcon.colcon_core.package_identification[0m [1;30mLevel 1[0m _identify(lerobot/examples/so100_to_so100_EE) by extensions ['cmake', 'python']
[0.196s] [34mcolcon.colcon_core.package_identification[0m [1;30mLevel 1[0m _identify(lerobot/examples/so100_to_so100_EE) by extension 'cmake'
[0.196s] [34mcolcon.colcon_core.package_identification[0m [1;30mLevel 1[0m _identify(lerobot/examples/so100_to_so100_EE) by extension 'python'
[0.196s] [34mcolcon.colcon_core.package_identification[0m [1;30mLevel 1[0m _identify(lerobot/examples/so100_to_so100_EE) by extensions ['python_setup_py']
[0.196s] [34mcolcon.colcon_core.package_identification[0m [1;30mLevel 1[0m _identify(lerobot/examples/so100_to_so100_EE) by extension 'python_setup_py'
[0.196s] [34mcolcon.colcon_core.package_identification[0m [1;30mLevel 1[0m _identify(lerobot/examples/training) by extensions ['ignore', 'ignore_ament_install']
[0.196s] [34mcolcon.colcon_core.package_identification[0m [1;30mLevel 1[0m _identify(lerobot/examples/training) by extension 'ignore'
[0.196s] [34mcolcon.colcon_core.package_identification[0m [1;30mLevel 1[0m _identify(lerobot/examples/training) by extension 'ignore_ament_install'
[0.196s] [34mcolcon.colcon_core.package_identification[0m [1;30mLevel 1[0m _identify(lerobot/examples/training) by extensions ['colcon_pkg']
[0.196s] [34mcolcon.colcon_core.package_identification[0m [1;30mLevel 1[0m _identify(lerobot/examples/training) by extension 'colcon_pkg'
[0.196s] [34mcolcon.colcon_core.package_identification[0m [1;30mLevel 1[0m _identify(lerobot/examples/training) by extensions ['colcon_meta']
[0.196s] [34mcolcon.colcon_core.package_identification[0m [1;30mLevel 1[0m _identify(lerobot/examples/training) by extension 'colcon_meta'
[0.196s] [34mcolcon.colcon_core.package_identification[0m [1;30mLevel 1[0m _identify(lerobot/examples/training) by extensions ['ros']
[0.196s] [34mcolcon.colcon_core.package_identification[0m [1;30mLevel 1[0m _identify(lerobot/examples/training) by extension 'ros'
[0.196s] [34mcolcon.colcon_core.package_identification[0m [1;30mLevel 1[0m _identify(lerobot/examples/training) by extensions ['cmake', 'python']
[0.197s] [34mcolcon.colcon_core.package_identification[0m [1;30mLevel 1[0m _identify(lerobot/examples/training) by extension 'cmake'
[0.197s] [34mcolcon.colcon_core.package_identification[0m [1;30mLevel 1[0m _identify(lerobot/examples/training) by extension 'python'
[0.197s] [34mcolcon.colcon_core.package_identification[0m [1;30mLevel 1[0m _identify(lerobot/examples/training) by extensions ['python_setup_py']
[0.197s] [34mcolcon.colcon_core.package_identification[0m [1;30mLevel 1[0m _identify(lerobot/examples/training) by extension 'python_setup_py'
[0.197s] [34mcolcon.colcon_core.package_identification[0m [1;30mLevel 1[0m _identify(lerobot/examples/tutorial) by extensions ['ignore', 'ignore_ament_install']
[0.197s] [34mcolcon.colcon_core.package_identification[0m [1;30mLevel 1[0m _identify(lerobot/examples/tutorial) by extension 'ignore'
[0.197s] [34mcolcon.colcon_core.package_identification[0m [1;30mLevel 1[0m _identify(lerobot/examples/tutorial) by extension 'ignore_ament_install'
[0.197s] [34mcolcon.colcon_core.package_identification[0m [1;30mLevel 1[0m _identify(lerobot/examples/tutorial) by extensions ['colcon_pkg']
[0.197s] [34mcolcon.colcon_core.package_identification[0m [1;30mLevel 1[0m _identify(lerobot/examples/tutorial) by extension 'colcon_pkg'
[0.197s] [34mcolcon.colcon_core.package_identification[0m [1;30mLevel 1[0m _identify(lerobot/examples/tutorial) by extensions ['colcon_meta']
[0.197s] [34mcolcon.colcon_core.package_identification[0m [1;30mLevel 1[0m _identify(lerobot/examples/tutorial) by extension 'colcon_meta'
[0.197s] [34mcolcon.colcon_core.package_identification[0m [1;30mLevel 1[0m _identify(lerobot/examples/tutorial) by extensions ['ros']
[0.197s] [34mcolcon.colcon_core.package_identification[0m [1;30mLevel 1[0m _identify(lerobot/examples/tutorial) by extension 'ros'
[0.197s] [34mcolcon.colcon_core.package_identification[0m [1;30mLevel 1[0m _identify(lerobot/examples/tutorial) by extensions ['cmake', 'python']
[0.197s] [34mcolcon.colcon_core.package_identification[0m [1;30mLevel 1[0m _identify(lerobot/examples/tutorial) by extension 'cmake'
[0.197s] [34mcolcon.colcon_core.package_identification[0m [1;30mLevel 1[0m _identify(lerobot/examples/tutorial) by extension 'python'
[0.197s] [34mcolcon.colcon_core.package_identification[0m [1;30mLevel 1[0m _identify(lerobot/examples/tutorial) by extensions ['python_setup_py']
[0.197s] [34mcolcon.colcon_core.package_identification[0m [1;30mLevel 1[0m _identify(lerobot/examples/tutorial) by extension 'python_setup_py'
[0.197s] [34mcolcon.colcon_core.package_identification[0m [1;30mLevel 1[0m _identify(lerobot/examples/tutorial/act) by extensions ['ignore', 'ignore_ament_install']
[0.197s] [34mcolcon.colcon_core.package_identification[0m [1;30mLevel 1[0m _identify(lerobot/examples/tutorial/act) by extension 'ignore'
[0.197s] [34mcolcon.colcon_core.package_identification[0m [1;30mLevel 1[0m _identify(lerobot/examples/tutorial/act) by extension 'ignore_ament_install'
[0.197s] [34mcolcon.colcon_core.package_identification[0m [1;30mLevel 1[0m _identify(lerobot/examples/tutorial/act) by extensions ['colcon_pkg']
[0.197s] [34mcolcon.colcon_core.package_identification[0m [1;30mLevel 1[0m _identify(lerobot/examples/tutorial/act) by extension 'colcon_pkg'
[0.197s] [34mcolcon.colcon_core.package_identification[0m [1;30mLevel 1[0m _identify(lerobot/examples/tutorial/act) by extensions ['colcon_meta']
[0.197s] [34mcolcon.colcon_core.package_identification[0m [1;30mLevel 1[0m _identify(lerobot/examples/tutorial/act) by extension 'colcon_meta'
[0.197s] [34mcolcon.colcon_core.package_identification[0m [1;30mLevel 1[0m _identify(lerobot/examples/tutorial/act) by extensions ['ros']
[0.197s] [34mcolcon.colcon_core.package_identification[0m [1;30mLevel 1[0m _identify(lerobot/examples/tutorial/act) by extension 'ros'
[0.197s] [34mcolcon.colcon_core.package_identification[0m [1;30mLevel 1[0m _identify(lerobot/examples/tutorial/act) by extensions ['cmake', 'python']
[0.197s] [34mcolcon.colcon_core.package_identification[0m [1;30mLevel 1[0m _identify(lerobot/examples/tutorial/act) by extension 'cmake'
[0.197s] [34mcolcon.colcon_core.package_identification[0m [1;30mLevel 1[0m _identify(lerobot/examples/tutorial/act) by extension 'python'
[0.197s] [34mcolcon.colcon_core.package_identification[0m [1;30mLevel 1[0m _identify(lerobot/examples/tutorial/act) by extensions ['python_setup_py']
[0.197s] [34mcolcon.colcon_core.package_identification[0m [1;30mLevel 1[0m _identify(lerobot/examples/tutorial/act) by extension 'python_setup_py'
[0.197s] [34mcolcon.colcon_core.package_identification[0m [1;30mLevel 1[0m _identify(lerobot/examples/tutorial/async-inf) by extensions ['ignore', 'ignore_ament_install']
[0.197s] [34mcolcon.colcon_core.package_identification[0m [1;30mLevel 1[0m _identify(lerobot/examples/tutorial/async-inf) by extension 'ignore'
[0.197s] [34mcolcon.colcon_core.package_identification[0m [1;30mLevel 1[0m _identify(lerobot/examples/tutorial/async-inf) by extension 'ignore_ament_install'
[0.197s] [34mcolcon.colcon_core.package_identification[0m [1;30mLevel 1[0m _identify(lerobot/examples/tutorial/async-inf) by extensions ['colcon_pkg']
[0.197s] [34mcolcon.colcon_core.package_identification[0m [1;30mLevel 1[0m _identify(lerobot/examples/tutorial/async-inf) by extension 'colcon_pkg'
[0.197s] [34mcolcon.colcon_core.package_identification[0m [1;30mLevel 1[0m _identify(lerobot/examples/tutorial/async-inf) by extensions ['colcon_meta']
[0.197s] [34mcolcon.colcon_core.package_identification[0m [1;30mLevel 1[0m _identify(lerobot/examples/tutorial/async-inf) by extension 'colcon_meta'
[0.197s] [34mcolcon.colcon_core.package_identification[0m [1;30mLevel 1[0m _identify(lerobot/examples/tutorial/async-inf) by extensions ['ros']
[0.197s] [34mcolcon.colcon_core.package_identification[0m [1;30mLevel 1[0m _identify(lerobot/examples/tutorial/async-inf) by extension 'ros'
[0.197s] [34mcolcon.colcon_core.package_identification[0m [1;30mLevel 1[0m _identify(lerobot/examples/tutorial/async-inf) by extensions ['cmake', 'python']
[0.197s] [34mcolcon.colcon_core.package_identification[0m [1;30mLevel 1[0m _identify(lerobot/examples/tutorial/async-inf) by extension 'cmake'
[0.197s] [34mcolcon.colcon_core.package_identification[0m [1;30mLevel 1[0m _identify(lerobot/examples/tutorial/async-inf) by extension 'python'
[0.197s] [34mcolcon.colcon_core.package_identification[0m [1;30mLevel 1[0m _identify(lerobot/examples/tutorial/async-inf) by extensions ['python_setup_py']
[0.197s] [34mcolcon.colcon_core.package_identification[0m [1;30mLevel 1[0m _identify(lerobot/examples/tutorial/async-inf) by extension 'python_setup_py'
[0.197s] [34mcolcon.colcon_core.package_identification[0m [1;30mLevel 1[0m _identify(lerobot/examples/tutorial/diffusion) by extensions ['ignore', 'ignore_ament_install']
[0.197s] [34mcolcon.colcon_core.package_identification[0m [1;30mLevel 1[0m _identify(lerobot/examples/tutorial/diffusion) by extension 'ignore'
[0.197s] [34mcolcon.colcon_core.package_identification[0m [1;30mLevel 1[0m _identify(lerobot/examples/tutorial/diffusion) by extension 'ignore_ament_install'
[0.197s] [34mcolcon.colcon_core.package_identification[0m [1;30mLevel 1[0m _identify(lerobot/examples/tutorial/diffusion) by extensions ['colcon_pkg']
[0.197s] [34mcolcon.colcon_core.package_identification[0m [1;30mLevel 1[0m _identify(lerobot/examples/tutorial/diffusion) by extension 'colcon_pkg'
[0.197s] [34mcolcon.colcon_core.package_identification[0m [1;30mLevel 1[0m _identify(lerobot/examples/tutorial/diffusion) by extensions ['colcon_meta']
[0.197s] [34mcolcon.colcon_core.package_identification[0m [1;30mLevel 1[0m _identify(lerobot/examples/tutorial/diffusion) by extension 'colcon_meta'
[0.197s] [34mcolcon.colcon_core.package_identification[0m [1;30mLevel 1[0m _identify(lerobot/examples/tutorial/diffusion) by extensions ['ros']
[0.198s] [34mcolcon.colcon_core.package_identification[0m [1;30mLevel 1[0m _identify(lerobot/examples/tutorial/diffusion) by extension 'ros'
[0.198s] [34mcolcon.colcon_core.package_identification[0m [1;30mLevel 1[0m _identify(lerobot/examples/tutorial/diffusion) by extensions ['cmake', 'python']
[0.198s] [34mcolcon.colcon_core.package_identification[0m [1;30mLevel 1[0m _identify(lerobot/examples/tutorial/diffusion) by extension 'cmake'
[0.198s] [34mcolcon.colcon_core.package_identification[0m [1;30mLevel 1[0m _identify(lerobot/examples/tutorial/diffusion) by extension 'python'
[0.198s] [34mcolcon.colcon_core.package_identification[0m [1;30mLevel 1[0m _identify(lerobot/examples/tutorial/diffusion) by extensions ['python_setup_py']
[0.198s] [34mcolcon.colcon_core.package_identification[0m [1;30mLevel 1[0m _identify(lerobot/examples/tutorial/diffusion) by extension 'python_setup_py'
[0.198s] [34mcolcon.colcon_core.package_identification[0m [1;30mLevel 1[0m _identify(lerobot/examples/tutorial/pi0) by extensions ['ignore', 'ignore_ament_install']
[0.198s] [34mcolcon.colcon_core.package_identification[0m [1;30mLevel 1[0m _identify(lerobot/examples/tutorial/pi0) by extension 'ignore'
[0.198s] [34mcolcon.colcon_core.package_identification[0m [1;30mLevel 1[0m _identify(lerobot/examples/tutorial/pi0) by extension 'ignore_ament_install'
[0.198s] [34mcolcon.colcon_core.package_identification[0m [1;30mLevel 1[0m _identify(lerobot/examples/tutorial/pi0) by extensions ['colcon_pkg']
[0.198s] [34mcolcon.colcon_core.package_identification[0m [1;30mLevel 1[0m _identify(lerobot/examples/tutorial/pi0) by extension 'colcon_pkg'
[0.198s] [34mcolcon.colcon_core.package_identification[0m [1;30mLevel 1[0m _identify(lerobot/examples/tutorial/pi0) by extensions ['colcon_meta']
[0.198s] [34mcolcon.colcon_core.package_identification[0m [1;30mLevel 1[0m _identify(lerobot/examples/tutorial/pi0) by extension 'colcon_meta'
[0.198s] [34mcolcon.colcon_core.package_identification[0m [1;30mLevel 1[0m _identify(lerobot/examples/tutorial/pi0) by extensions ['ros']
[0.198s] [34mcolcon.colcon_core.package_identification[0m [1;30mLevel 1[0m _identify(lerobot/examples/tutorial/pi0) by extension 'ros'
[0.198s] [34mcolcon.colcon_core.package_identification[0m [1;30mLevel 1[0m _identify(lerobot/examples/tutorial/pi0) by extensions ['cmake', 'python']
[0.198s] [34mcolcon.colcon_core.package_identification[0m [1;30mLevel 1[0m _identify(lerobot/examples/tutorial/pi0) by extension 'cmake'
[0.198s] [34mcolcon.colcon_core.package_identification[0m [1;30mLevel 1[0m _identify(lerobot/examples/tutorial/pi0) by extension 'python'
[0.198s] [34mcolcon.colcon_core.package_identification[0m [1;30mLevel 1[0m _identify(lerobot/examples/tutorial/pi0) by extensions ['python_setup_py']
[0.198s] [34mcolcon.colcon_core.package_identification[0m [1;30mLevel 1[0m _identify(lerobot/examples/tutorial/pi0) by extension 'python_setup_py'
[0.198s] [34mcolcon.colcon_core.package_identification[0m [1;30mLevel 1[0m _identify(lerobot/examples/tutorial/rl) by extensions ['ignore', 'ignore_ament_install']
[0.198s] [34mcolcon.colcon_core.package_identification[0m [1;30mLevel 1[0m _identify(lerobot/examples/tutorial/rl) by extension 'ignore'
[0.198s] [34mcolcon.colcon_core.package_identification[0m [1;30mLevel 1[0m _identify(lerobot/examples/tutorial/rl) by extension 'ignore_ament_install'
[0.198s] [34mcolcon.colcon_core.package_identification[0m [1;30mLevel 1[0m _identify(lerobot/examples/tutorial/rl) by extensions ['colcon_pkg']
[0.198s] [34mcolcon.colcon_core.package_identification[0m [1;30mLevel 1[0m _identify(lerobot/examples/tutorial/rl) by extension 'colcon_pkg'
[0.198s] [34mcolcon.colcon_core.package_identification[0m [1;30mLevel 1[0m _identify(lerobot/examples/tutorial/rl) by extensions ['colcon_meta']
[0.198s] [34mcolcon.colcon_core.package_identification[0m [1;30mLevel 1[0m _identify(lerobot/examples/tutorial/rl) by extension 'colcon_meta'
[0.198s] [34mcolcon.colcon_core.package_identification[0m [1;30mLevel 1[0m _identify(lerobot/examples/tutorial/rl) by extensions ['ros']
[0.198s] [34mcolcon.colcon_core.package_identification[0m [1;30mLevel 1[0m _identify(lerobot/examples/tutorial/rl) by extension 'ros'
[0.198s] [34mcolcon.colcon_core.package_identification[0m [1;30mLevel 1[0m _identify(lerobot/examples/tutorial/rl) by extensions ['cmake', 'python']
[0.198s] [34mcolcon.colcon_core.package_identification[0m [1;30mLevel 1[0m _identify(lerobot/examples/tutorial/rl) by extension 'cmake'
[0.198s] [34mcolcon.colcon_core.package_identification[0m [1;30mLevel 1[0m _identify(lerobot/examples/tutorial/rl) by extension 'python'
[0.198s] [34mcolcon.colcon_core.package_identification[0m [1;30mLevel 1[0m _identify(lerobot/examples/tutorial/rl) by extensions ['python_setup_py']
[0.198s] [34mcolcon.colcon_core.package_identification[0m [1;30mLevel 1[0m _identify(lerobot/examples/tutorial/rl) by extension 'python_setup_py'
[0.198s] [34mcolcon.colcon_core.package_identification[0m [1;30mLevel 1[0m _identify(lerobot/examples/tutorial/smolvla) by extensions ['ignore', 'ignore_ament_install']
[0.198s] [34mcolcon.colcon_core.package_identification[0m [1;30mLevel 1[0m _identify(lerobot/examples/tutorial/smolvla) by extension 'ignore'
[0.198s] [34mcolcon.colcon_core.package_identification[0m [1;30mLevel 1[0m _identify(lerobot/examples/tutorial/smolvla) by extension 'ignore_ament_install'
[0.198s] [34mcolcon.colcon_core.package_identification[0m [1;30mLevel 1[0m _identify(lerobot/examples/tutorial/smolvla) by extensions ['colcon_pkg']
[0.198s] [34mcolcon.colcon_core.package_identification[0m [1;30mLevel 1[0m _identify(lerobot/examples/tutorial/smolvla) by extension 'colcon_pkg'
[0.198s] [34mcolcon.colcon_core.package_identification[0m [1;30mLevel 1[0m _identify(lerobot/examples/tutorial/smolvla) by extensions ['colcon_meta']
[0.198s] [34mcolcon.colcon_core.package_identification[0m [1;30mLevel 1[0m _identify(lerobot/examples/tutorial/smolvla) by extension 'colcon_meta'
[0.198s] [34mcolcon.colcon_core.package_identification[0m [1;30mLevel 1[0m _identify(lerobot/examples/tutorial/smolvla) by extensions ['ros']
[0.198s] [34mcolcon.colcon_core.package_identification[0m [1;30mLevel 1[0m _identify(lerobot/examples/tutorial/smolvla) by extension 'ros'
[0.198s] [34mcolcon.colcon_core.package_identification[0m [1;30mLevel 1[0m _identify(lerobot/examples/tutorial/smolvla) by extensions ['cmake', 'python']
[0.198s] [34mcolcon.colcon_core.package_identification[0m [1;30mLevel 1[0m _identify(lerobot/examples/tutorial/smolvla) by extension 'cmake'
[0.198s] [34mcolcon.colcon_core.package_identification[0m [1;30mLevel 1[0m _identify(lerobot/examples/tutorial/smolvla) by extension 'python'
[0.198s] [34mcolcon.colcon_core.package_identification[0m [1;30mLevel 1[0m _identify(lerobot/examples/tutorial/smolvla) by extensions ['python_setup_py']
[0.199s] [34mcolcon.colcon_core.package_identification[0m [1;30mLevel 1[0m _identify(lerobot/examples/tutorial/smolvla) by extension 'python_setup_py'
[0.199s] [34mcolcon.colcon_core.package_identification[0m [1;30mLevel 1[0m _identify(lerobot/examples/unitree_g1) by extensions ['ignore', 'ignore_ament_install']
[0.199s] [34mcolcon.colcon_core.package_identification[0m [1;30mLevel 1[0m _identify(lerobot/examples/unitree_g1) by extension 'ignore'
[0.199s] [34mcolcon.colcon_core.package_identification[0m [1;30mLevel 1[0m _identify(lerobot/examples/unitree_g1) by extension 'ignore_ament_install'
[0.199s] [34mcolcon.colcon_core.package_identification[0m [1;30mLevel 1[0m _identify(lerobot/examples/unitree_g1) by extensions ['colcon_pkg']
[0.199s] [34mcolcon.colcon_core.package_identification[0m [1;30mLevel 1[0m _identify(lerobot/examples/unitree_g1) by extension 'colcon_pkg'
[0.199s] [34mcolcon.colcon_core.package_identification[0m [1;30mLevel 1[0m _identify(lerobot/examples/unitree_g1) by extensions ['colcon_meta']
[0.199s] [34mcolcon.colcon_core.package_identification[0m [1;30mLevel 1[0m _identify(lerobot/examples/unitree_g1) by extension 'colcon_meta'
[0.199s] [34mcolcon.colcon_core.package_identification[0m [1;30mLevel 1[0m _identify(lerobot/examples/unitree_g1) by extensions ['ros']
[0.199s] [34mcolcon.colcon_core.package_identification[0m [1;30mLevel 1[0m _identify(lerobot/examples/unitree_g1) by extension 'ros'
[0.199s] [34mcolcon.colcon_core.package_identification[0m [1;30mLevel 1[0m _identify(lerobot/examples/unitree_g1) by extensions ['cmake', 'python']
[0.199s] [34mcolcon.colcon_core.package_identification[0m [1;30mLevel 1[0m _identify(lerobot/examples/unitree_g1) by extension 'cmake'
[0.199s] [34mcolcon.colcon_core.package_identification[0m [1;30mLevel 1[0m _identify(lerobot/examples/unitree_g1) by extension 'python'
[0.199s] [34mcolcon.colcon_core.package_identification[0m [1;30mLevel 1[0m _identify(lerobot/examples/unitree_g1) by extensions ['python_setup_py']
[0.199s] [34mcolcon.colcon_core.package_identification[0m [1;30mLevel 1[0m _identify(lerobot/examples/unitree_g1) by extension 'python_setup_py'
[0.199s] [34mcolcon.colcon_core.package_identification[0m [1;30mLevel 1[0m _identify(lerobot/media) by extensions ['ignore', 'ignore_ament_install']
[0.199s] [34mcolcon.colcon_core.package_identification[0m [1;30mLevel 1[0m _identify(lerobot/media) by extension 'ignore'
[0.199s] [34mcolcon.colcon_core.package_identification[0m [1;30mLevel 1[0m _identify(lerobot/media) by extension 'ignore_ament_install'
[0.199s] [34mcolcon.colcon_core.package_identification[0m [1;30mLevel 1[0m _identify(lerobot/media) by extensions ['colcon_pkg']
[0.199s] [34mcolcon.colcon_core.package_identification[0m [1;30mLevel 1[0m _identify(lerobot/media) by extension 'colcon_pkg'
[0.199s] [34mcolcon.colcon_core.package_identification[0m [1;30mLevel 1[0m _identify(lerobot/media) by extensions ['colcon_meta']
[0.199s] [34mcolcon.colcon_core.package_identification[0m [1;30mLevel 1[0m _identify(lerobot/media) by extension 'colcon_meta'
[0.199s] [34mcolcon.colcon_core.package_identification[0m [1;30mLevel 1[0m _identify(lerobot/media) by extensions ['ros']
[0.199s] [34mcolcon.colcon_core.package_identification[0m [1;30mLevel 1[0m _identify(lerobot/media) by extension 'ros'
[0.199s] [34mcolcon.colcon_core.package_identification[0m [1;30mLevel 1[0m _identify(lerobot/media) by extensions ['cmake', 'python']
[0.199s] [34mcolcon.colcon_core.package_identification[0m [1;30mLevel 1[0m _identify(lerobot/media) by extension 'cmake'
[0.199s] [34mcolcon.colcon_core.package_identification[0m [1;30mLevel 1[0m _identify(lerobot/media) by extension 'python'
[0.199s] [34mcolcon.colcon_core.package_identification[0m [1;30mLevel 1[0m _identify(lerobot/media) by extensions ['python_setup_py']
[0.199s] [34mcolcon.colcon_core.package_identification[0m [1;30mLevel 1[0m _identify(lerobot/media) by extension 'python_setup_py'
[0.199s] [34mcolcon.colcon_core.package_identification[0m [1;30mLevel 1[0m _identify(lerobot/media/gym) by extensions ['ignore', 'ignore_ament_install']
[0.199s] [34mcolcon.colcon_core.package_identification[0m [1;30mLevel 1[0m _identify(lerobot/media/gym) by extension 'ignore'
[0.199s] [34mcolcon.colcon_core.package_identification[0m [1;30mLevel 1[0m _identify(lerobot/media/gym) by extension 'ignore_ament_install'
[0.199s] [34mcolcon.colcon_core.package_identification[0m [1;30mLevel 1[0m _identify(lerobot/media/gym) by extensions ['colcon_pkg']
[0.199s] [34mcolcon.colcon_core.package_identification[0m [1;30mLevel 1[0m _identify(lerobot/media/gym) by extension 'colcon_pkg'
[0.199s] [34mcolcon.colcon_core.package_identification[0m [1;30mLevel 1[0m _identify(lerobot/media/gym) by extensions ['colcon_meta']
[0.199s] [34mcolcon.colcon_core.package_identification[0m [1;30mLevel 1[0m _identify(lerobot/media/gym) by extension 'colcon_meta'
[0.199s] [34mcolcon.colcon_core.package_identification[0m [1;30mLevel 1[0m _identify(lerobot/media/gym) by extensions ['ros']
[0.199s] [34mcolcon.colcon_core.package_identification[0m [1;30mLevel 1[0m _identify(lerobot/media/gym) by extension 'ros'
[0.199s] [34mcolcon.colcon_core.package_identification[0m [1;30mLevel 1[0m _identify(lerobot/media/gym) by extensions ['cmake', 'python']
[0.199s] [34mcolcon.colcon_core.package_identification[0m [1;30mLevel 1[0m _identify(lerobot/media/gym) by extension 'cmake'
[0.199s] [34mcolcon.colcon_core.package_identification[0m [1;30mLevel 1[0m _identify(lerobot/media/gym) by extension 'python'
[0.199s] [34mcolcon.colcon_core.package_identification[0m [1;30mLevel 1[0m _identify(lerobot/media/gym) by extensions ['python_setup_py']
[0.199s] [34mcolcon.colcon_core.package_identification[0m [1;30mLevel 1[0m _identify(lerobot/media/gym) by extension 'python_setup_py'
[0.199s] [34mcolcon.colcon_core.package_identification[0m [1;30mLevel 1[0m _identify(lerobot/media/hope_jr) by extensions ['ignore', 'ignore_ament_install']
[0.199s] [34mcolcon.colcon_core.package_identification[0m [1;30mLevel 1[0m _identify(lerobot/media/hope_jr) by extension 'ignore'
[0.199s] [34mcolcon.colcon_core.package_identification[0m [1;30mLevel 1[0m _identify(lerobot/media/hope_jr) by extension 'ignore_ament_install'
[0.199s] [34mcolcon.colcon_core.package_identification[0m [1;30mLevel 1[0m _identify(lerobot/media/hope_jr) by extensions ['colcon_pkg']
[0.199s] [34mcolcon.colcon_core.package_identification[0m [1;30mLevel 1[0m _identify(lerobot/media/hope_jr) by extension 'colcon_pkg'
[0.199s] [34mcolcon.colcon_core.package_identification[0m [1;30mLevel 1[0m _identify(lerobot/media/hope_jr) by extensions ['colcon_meta']
[0.199s] [34mcolcon.colcon_core.package_identification[0m [1;30mLevel 1[0m _identify(lerobot/media/hope_jr) by extension 'colcon_meta'
[0.199s] [34mcolcon.colcon_core.package_identification[0m [1;30mLevel 1[0m _identify(lerobot/media/hope_jr) by extensions ['ros']
[0.199s] [34mcolcon.colcon_core.package_identification[0m [1;30mLevel 1[0m _identify(lerobot/media/hope_jr) by extension 'ros'
[0.200s] [34mcolcon.colcon_core.package_identification[0m [1;30mLevel 1[0m _identify(lerobot/media/hope_jr) by extensions ['cmake', 'python']
[0.200s] [34mcolcon.colcon_core.package_identification[0m [1;30mLevel 1[0m _identify(lerobot/media/hope_jr) by extension 'cmake'
[0.200s] [34mcolcon.colcon_core.package_identification[0m [1;30mLevel 1[0m _identify(lerobot/media/hope_jr) by extension 'python'
[0.200s] [34mcolcon.colcon_core.package_identification[0m [1;30mLevel 1[0m _identify(lerobot/media/hope_jr) by extensions ['python_setup_py']
[0.200s] [34mcolcon.colcon_core.package_identification[0m [1;30mLevel 1[0m _identify(lerobot/media/hope_jr) by extension 'python_setup_py'
[0.200s] [34mcolcon.colcon_core.package_identification[0m [1;30mLevel 1[0m _identify(lerobot/media/lekiwi) by extensions ['ignore', 'ignore_ament_install']
[0.200s] [34mcolcon.colcon_core.package_identification[0m [1;30mLevel 1[0m _identify(lerobot/media/lekiwi) by extension 'ignore'
[0.200s] [34mcolcon.colcon_core.package_identification[0m [1;30mLevel 1[0m _identify(lerobot/media/lekiwi) by extension 'ignore_ament_install'
[0.200s] [34mcolcon.colcon_core.package_identification[0m [1;30mLevel 1[0m _identify(lerobot/media/lekiwi) by extensions ['colcon_pkg']
[0.200s] [34mcolcon.colcon_core.package_identification[0m [1;30mLevel 1[0m _identify(lerobot/media/lekiwi) by extension 'colcon_pkg'
[0.200s] [34mcolcon.colcon_core.package_identification[0m [1;30mLevel 1[0m _identify(lerobot/media/lekiwi) by extensions ['colcon_meta']
[0.200s] [34mcolcon.colcon_core.package_identification[0m [1;30mLevel 1[0m _identify(lerobot/media/lekiwi) by extension 'colcon_meta'
[0.200s] [34mcolcon.colcon_core.package_identification[0m [1;30mLevel 1[0m _identify(lerobot/media/lekiwi) by extensions ['ros']
[0.200s] [34mcolcon.colcon_core.package_identification[0m [1;30mLevel 1[0m _identify(lerobot/media/lekiwi) by extension 'ros'
[0.200s] [34mcolcon.colcon_core.package_identification[0m [1;30mLevel 1[0m _identify(lerobot/media/lekiwi) by extensions ['cmake', 'python']
[0.200s] [34mcolcon.colcon_core.package_identification[0m [1;30mLevel 1[0m _identify(lerobot/media/lekiwi) by extension 'cmake'
[0.200s] [34mcolcon.colcon_core.package_identification[0m [1;30mLevel 1[0m _identify(lerobot/media/lekiwi) by extension 'python'
[0.200s] [34mcolcon.colcon_core.package_identification[0m [1;30mLevel 1[0m _identify(lerobot/media/lekiwi) by extensions ['python_setup_py']
[0.200s] [34mcolcon.colcon_core.package_identification[0m [1;30mLevel 1[0m _identify(lerobot/media/lekiwi) by extension 'python_setup_py'
[0.200s] [34mcolcon.colcon_core.package_identification[0m [1;30mLevel 1[0m _identify(lerobot/media/so100) by extensions ['ignore', 'ignore_ament_install']
[0.200s] [34mcolcon.colcon_core.package_identification[0m [1;30mLevel 1[0m _identify(lerobot/media/so100) by extension 'ignore'
[0.200s] [34mcolcon.colcon_core.package_identification[0m [1;30mLevel 1[0m _identify(lerobot/media/so100) by extension 'ignore_ament_install'
[0.200s] [34mcolcon.colcon_core.package_identification[0m [1;30mLevel 1[0m _identify(lerobot/media/so100) by extensions ['colcon_pkg']
[0.200s] [34mcolcon.colcon_core.package_identification[0m [1;30mLevel 1[0m _identify(lerobot/media/so100) by extension 'colcon_pkg'
[0.200s] [34mcolcon.colcon_core.package_identification[0m [1;30mLevel 1[0m _identify(lerobot/media/so100) by extensions ['colcon_meta']
[0.200s] [34mcolcon.colcon_core.package_identification[0m [1;30mLevel 1[0m _identify(lerobot/media/so100) by extension 'colcon_meta'
[0.200s] [34mcolcon.colcon_core.package_identification[0m [1;30mLevel 1[0m _identify(lerobot/media/so100) by extensions ['ros']
[0.200s] [34mcolcon.colcon_core.package_identification[0m [1;30mLevel 1[0m _identify(lerobot/media/so100) by extension 'ros'
[0.200s] [34mcolcon.colcon_core.package_identification[0m [1;30mLevel 1[0m _identify(lerobot/media/so100) by extensions ['cmake', 'python']
[0.200s] [34mcolcon.colcon_core.package_identification[0m [1;30mLevel 1[0m _identify(lerobot/media/so100) by extension 'cmake'
[0.200s] [34mcolcon.colcon_core.package_identification[0m [1;30mLevel 1[0m _identify(lerobot/media/so100) by extension 'python'
[0.200s] [34mcolcon.colcon_core.package_identification[0m [1;30mLevel 1[0m _identify(lerobot/media/so100) by extensions ['python_setup_py']
[0.200s] [34mcolcon.colcon_core.package_identification[0m [1;30mLevel 1[0m _identify(lerobot/media/so100) by extension 'python_setup_py'
[0.200s] [34mcolcon.colcon_core.package_identification[0m [1;30mLevel 1[0m _identify(lerobot/media/so101) by extensions ['ignore', 'ignore_ament_install']
[0.200s] [34mcolcon.colcon_core.package_identification[0m [1;30mLevel 1[0m _identify(lerobot/media/so101) by extension 'ignore'
[0.200s] [34mcolcon.colcon_core.package_identification[0m [1;30mLevel 1[0m _identify(lerobot/media/so101) by extension 'ignore_ament_install'
[0.200s] [34mcolcon.colcon_core.package_identification[0m [1;30mLevel 1[0m _identify(lerobot/media/so101) by extensions ['colcon_pkg']
[0.200s] [34mcolcon.colcon_core.package_identification[0m [1;30mLevel 1[0m _identify(lerobot/media/so101) by extension 'colcon_pkg'
[0.200s] [34mcolcon.colcon_core.package_identification[0m [1;30mLevel 1[0m _identify(lerobot/media/so101) by extensions ['colcon_meta']
[0.200s] [34mcolcon.colcon_core.package_identification[0m [1;30mLevel 1[0m _identify(lerobot/media/so101) by extension 'colcon_meta'
[0.200s] [34mcolcon.colcon_core.package_identification[0m [1;30mLevel 1[0m _identify(lerobot/media/so101) by extensions ['ros']
[0.200s] [34mcolcon.colcon_core.package_identification[0m [1;30mLevel 1[0m _identify(lerobot/media/so101) by extension 'ros'
[0.200s] [34mcolcon.colcon_core.package_identification[0m [1;30mLevel 1[0m _identify(lerobot/media/so101) by extensions ['cmake', 'python']
[0.200s] [34mcolcon.colcon_core.package_identification[0m [1;30mLevel 1[0m _identify(lerobot/media/so101) by extension 'cmake'
[0.200s] [34mcolcon.colcon_core.package_identification[0m [1;30mLevel 1[0m _identify(lerobot/media/so101) by extension 'python'
[0.200s] [34mcolcon.colcon_core.package_identification[0m [1;30mLevel 1[0m _identify(lerobot/media/so101) by extensions ['python_setup_py']
[0.200s] [34mcolcon.colcon_core.package_identification[0m [1;30mLevel 1[0m _identify(lerobot/media/so101) by extension 'python_setup_py'
[0.200s] [34mcolcon.colcon_core.package_identification[0m [1;30mLevel 1[0m _identify(lerobot/src) by extensions ['ignore', 'ignore_ament_install']
[0.200s] [34mcolcon.colcon_core.package_identification[0m [1;30mLevel 1[0m _identify(lerobot/src) by extension 'ignore'
[0.200s] [34mcolcon.colcon_core.package_identification[0m [1;30mLevel 1[0m _identify(lerobot/src) by extension 'ignore_ament_install'
[0.200s] [34mcolcon.colcon_core.package_identification[0m [1;30mLevel 1[0m _identify(lerobot/src) by extensions ['colcon_pkg']
[0.200s] [34mcolcon.colcon_core.package_identification[0m [1;30mLevel 1[0m _identify(lerobot/src) by extension 'colcon_pkg'
[0.200s] [34mcolcon.colcon_core.package_identification[0m [1;30mLevel 1[0m _identify(lerobot/src) by extensions ['colcon_meta']
[0.200s] [34mcolcon.colcon_core.package_identification[0m [1;30mLevel 1[0m _identify(lerobot/src) by extension 'colcon_meta'
[0.201s] [34mcolcon.colcon_core.package_identification[0m [1;30mLevel 1[0m _identify(lerobot/src) by extensions ['ros']
[0.201s] [34mcolcon.colcon_core.package_identification[0m [1;30mLevel 1[0m _identify(lerobot/src) by extension 'ros'
[0.201s] [34mcolcon.colcon_core.package_identification[0m [1;30mLevel 1[0m _identify(lerobot/src) by extensions ['cmake', 'python']
[0.201s] [34mcolcon.colcon_core.package_identification[0m [1;30mLevel 1[0m _identify(lerobot/src) by extension 'cmake'
[0.201s] [34mcolcon.colcon_core.package_identification[0m [1;30mLevel 1[0m _identify(lerobot/src) by extension 'python'
[0.201s] [34mcolcon.colcon_core.package_identification[0m [1;30mLevel 1[0m _identify(lerobot/src) by extensions ['python_setup_py']
[0.201s] [34mcolcon.colcon_core.package_identification[0m [1;30mLevel 1[0m _identify(lerobot/src) by extension 'python_setup_py'
[0.201s] [34mcolcon.colcon_core.package_identification[0m [1;30mLevel 1[0m _identify(lerobot/src/lerobot) by extensions ['ignore', 'ignore_ament_install']
[0.201s] [34mcolcon.colcon_core.package_identification[0m [1;30mLevel 1[0m _identify(lerobot/src/lerobot) by extension 'ignore'
[0.201s] [34mcolcon.colcon_core.package_identification[0m [1;30mLevel 1[0m _identify(lerobot/src/lerobot) by extension 'ignore_ament_install'
[0.201s] [34mcolcon.colcon_core.package_identification[0m [1;30mLevel 1[0m _identify(lerobot/src/lerobot) by extensions ['colcon_pkg']
[0.201s] [34mcolcon.colcon_core.package_identification[0m [1;30mLevel 1[0m _identify(lerobot/src/lerobot) by extension 'colcon_pkg'
[0.201s] [34mcolcon.colcon_core.package_identification[0m [1;30mLevel 1[0m _identify(lerobot/src/lerobot) by extensions ['colcon_meta']
[0.201s] [34mcolcon.colcon_core.package_identification[0m [1;30mLevel 1[0m _identify(lerobot/src/lerobot) by extension 'colcon_meta'
[0.201s] [34mcolcon.colcon_core.package_identification[0m [1;30mLevel 1[0m _identify(lerobot/src/lerobot) by extensions ['ros']
[0.201s] [34mcolcon.colcon_core.package_identification[0m [1;30mLevel 1[0m _identify(lerobot/src/lerobot) by extension 'ros'
[0.201s] [34mcolcon.colcon_core.package_identification[0m [1;30mLevel 1[0m _identify(lerobot/src/lerobot) by extensions ['cmake', 'python']
[0.201s] [34mcolcon.colcon_core.package_identification[0m [1;30mLevel 1[0m _identify(lerobot/src/lerobot) by extension 'cmake'
[0.201s] [34mcolcon.colcon_core.package_identification[0m [1;30mLevel 1[0m _identify(lerobot/src/lerobot) by extension 'python'
[0.201s] [34mcolcon.colcon_core.package_identification[0m [1;30mLevel 1[0m _identify(lerobot/src/lerobot) by extensions ['python_setup_py']
[0.201s] [34mcolcon.colcon_core.package_identification[0m [1;30mLevel 1[0m _identify(lerobot/src/lerobot) by extension 'python_setup_py'
[0.201s] [34mcolcon.colcon_core.package_identification[0m [1;30mLevel 1[0m _identify(lerobot/src/lerobot/__pycache__) by extensions ['ignore', 'ignore_ament_install']
[0.201s] [34mcolcon.colcon_core.package_identification[0m [1;30mLevel 1[0m _identify(lerobot/src/lerobot/__pycache__) by extension 'ignore'
[0.201s] [34mcolcon.colcon_core.package_identification[0m [1;30mLevel 1[0m _identify(lerobot/src/lerobot/__pycache__) by extension 'ignore_ament_install'
[0.201s] [34mcolcon.colcon_core.package_identification[0m [1;30mLevel 1[0m _identify(lerobot/src/lerobot/__pycache__) by extensions ['colcon_pkg']
[0.201s] [34mcolcon.colcon_core.package_identification[0m [1;30mLevel 1[0m _identify(lerobot/src/lerobot/__pycache__) by extension 'colcon_pkg'
[0.201s] [34mcolcon.colcon_core.package_identification[0m [1;30mLevel 1[0m _identify(lerobot/src/lerobot/__pycache__) by extensions ['colcon_meta']
[0.201s] [34mcolcon.colcon_core.package_identification[0m [1;30mLevel 1[0m _identify(lerobot/src/lerobot/__pycache__) by extension 'colcon_meta'
[0.201s] [34mcolcon.colcon_core.package_identification[0m [1;30mLevel 1[0m _identify(lerobot/src/lerobot/__pycache__) by extensions ['ros']
[0.201s] [34mcolcon.colcon_core.package_identification[0m [1;30mLevel 1[0m _identify(lerobot/src/lerobot/__pycache__) by extension 'ros'
[0.201s] [34mcolcon.colcon_core.package_identification[0m [1;30mLevel 1[0m _identify(lerobot/src/lerobot/__pycache__) by extensions ['cmake', 'python']
[0.201s] [34mcolcon.colcon_core.package_identification[0m [1;30mLevel 1[0m _identify(lerobot/src/lerobot/__pycache__) by extension 'cmake'
[0.201s] [34mcolcon.colcon_core.package_identification[0m [1;30mLevel 1[0m _identify(lerobot/src/lerobot/__pycache__) by extension 'python'
[0.201s] [34mcolcon.colcon_core.package_identification[0m [1;30mLevel 1[0m _identify(lerobot/src/lerobot/__pycache__) by extensions ['python_setup_py']
[0.201s] [34mcolcon.colcon_core.package_identification[0m [1;30mLevel 1[0m _identify(lerobot/src/lerobot/__pycache__) by extension 'python_setup_py'
[0.201s] [34mcolcon.colcon_core.package_identification[0m [1;30mLevel 1[0m _identify(lerobot/src/lerobot/async_inference) by extensions ['ignore', 'ignore_ament_install']
[0.201s] [34mcolcon.colcon_core.package_identification[0m [1;30mLevel 1[0m _identify(lerobot/src/lerobot/async_inference) by extension 'ignore'
[0.201s] [34mcolcon.colcon_core.package_identification[0m [1;30mLevel 1[0m _identify(lerobot/src/lerobot/async_inference) by extension 'ignore_ament_install'
[0.201s] [34mcolcon.colcon_core.package_identification[0m [1;30mLevel 1[0m _identify(lerobot/src/lerobot/async_inference) by extensions ['colcon_pkg']
[0.201s] [34mcolcon.colcon_core.package_identification[0m [1;30mLevel 1[0m _identify(lerobot/src/lerobot/async_inference) by extension 'colcon_pkg'
[0.201s] [34mcolcon.colcon_core.package_identification[0m [1;30mLevel 1[0m _identify(lerobot/src/lerobot/async_inference) by extensions ['colcon_meta']
[0.201s] [34mcolcon.colcon_core.package_identification[0m [1;30mLevel 1[0m _identify(lerobot/src/lerobot/async_inference) by extension 'colcon_meta'
[0.201s] [34mcolcon.colcon_core.package_identification[0m [1;30mLevel 1[0m _identify(lerobot/src/lerobot/async_inference) by extensions ['ros']
[0.201s] [34mcolcon.colcon_core.package_identification[0m [1;30mLevel 1[0m _identify(lerobot/src/lerobot/async_inference) by extension 'ros'
[0.201s] [34mcolcon.colcon_core.package_identification[0m [1;30mLevel 1[0m _identify(lerobot/src/lerobot/async_inference) by extensions ['cmake', 'python']
[0.201s] [34mcolcon.colcon_core.package_identification[0m [1;30mLevel 1[0m _identify(lerobot/src/lerobot/async_inference) by extension 'cmake'
[0.201s] [34mcolcon.colcon_core.package_identification[0m [1;30mLevel 1[0m _identify(lerobot/src/lerobot/async_inference) by extension 'python'
[0.201s] [34mcolcon.colcon_core.package_identification[0m [1;30mLevel 1[0m _identify(lerobot/src/lerobot/async_inference) by extensions ['python_setup_py']
[0.201s] [34mcolcon.colcon_core.package_identification[0m [1;30mLevel 1[0m _identify(lerobot/src/lerobot/async_inference) by extension 'python_setup_py'
[0.201s] [34mcolcon.colcon_core.package_identification[0m [1;30mLevel 1[0m _identify(lerobot/src/lerobot/cameras) by extensions ['ignore', 'ignore_ament_install']
[0.201s] [34mcolcon.colcon_core.package_identification[0m [1;30mLevel 1[0m _identify(lerobot/src/lerobot/cameras) by extension 'ignore'
[0.202s] [34mcolcon.colcon_core.package_identification[0m [1;30mLevel 1[0m _identify(lerobot/src/lerobot/cameras) by extension 'ignore_ament_install'
[0.202s] [34mcolcon.colcon_core.package_identification[0m [1;30mLevel 1[0m _identify(lerobot/src/lerobot/cameras) by extensions ['colcon_pkg']
[0.202s] [34mcolcon.colcon_core.package_identification[0m [1;30mLevel 1[0m _identify(lerobot/src/lerobot/cameras) by extension 'colcon_pkg'
[0.202s] [34mcolcon.colcon_core.package_identification[0m [1;30mLevel 1[0m _identify(lerobot/src/lerobot/cameras) by extensions ['colcon_meta']
[0.202s] [34mcolcon.colcon_core.package_identification[0m [1;30mLevel 1[0m _identify(lerobot/src/lerobot/cameras) by extension 'colcon_meta'
[0.202s] [34mcolcon.colcon_core.package_identification[0m [1;30mLevel 1[0m _identify(lerobot/src/lerobot/cameras) by extensions ['ros']
[0.202s] [34mcolcon.colcon_core.package_identification[0m [1;30mLevel 1[0m _identify(lerobot/src/lerobot/cameras) by extension 'ros'
[0.202s] [34mcolcon.colcon_core.package_identification[0m [1;30mLevel 1[0m _identify(lerobot/src/lerobot/cameras) by extensions ['cmake', 'python']
[0.202s] [34mcolcon.colcon_core.package_identification[0m [1;30mLevel 1[0m _identify(lerobot/src/lerobot/cameras) by extension 'cmake'
[0.202s] [34mcolcon.colcon_core.package_identification[0m [1;30mLevel 1[0m _identify(lerobot/src/lerobot/cameras) by extension 'python'
[0.202s] [34mcolcon.colcon_core.package_identification[0m [1;30mLevel 1[0m _identify(lerobot/src/lerobot/cameras) by extensions ['python_setup_py']
[0.202s] [34mcolcon.colcon_core.package_identification[0m [1;30mLevel 1[0m _identify(lerobot/src/lerobot/cameras) by extension 'python_setup_py'
[0.202s] [34mcolcon.colcon_core.package_identification[0m [1;30mLevel 1[0m _identify(lerobot/src/lerobot/cameras/__pycache__) by extensions ['ignore', 'ignore_ament_install']
[0.202s] [34mcolcon.colcon_core.package_identification[0m [1;30mLevel 1[0m _identify(lerobot/src/lerobot/cameras/__pycache__) by extension 'ignore'
[0.202s] [34mcolcon.colcon_core.package_identification[0m [1;30mLevel 1[0m _identify(lerobot/src/lerobot/cameras/__pycache__) by extension 'ignore_ament_install'
[0.202s] [34mcolcon.colcon_core.package_identification[0m [1;30mLevel 1[0m _identify(lerobot/src/lerobot/cameras/__pycache__) by extensions ['colcon_pkg']
[0.202s] [34mcolcon.colcon_core.package_identification[0m [1;30mLevel 1[0m _identify(lerobot/src/lerobot/cameras/__pycache__) by extension 'colcon_pkg'
[0.202s] [34mcolcon.colcon_core.package_identification[0m [1;30mLevel 1[0m _identify(lerobot/src/lerobot/cameras/__pycache__) by extensions ['colcon_meta']
[0.202s] [34mcolcon.colcon_core.package_identification[0m [1;30mLevel 1[0m _identify(lerobot/src/lerobot/cameras/__pycache__) by extension 'colcon_meta'
[0.202s] [34mcolcon.colcon_core.package_identification[0m [1;30mLevel 1[0m _identify(lerobot/src/lerobot/cameras/__pycache__) by extensions ['ros']
[0.202s] [34mcolcon.colcon_core.package_identification[0m [1;30mLevel 1[0m _identify(lerobot/src/lerobot/cameras/__pycache__) by extension 'ros'
[0.202s] [34mcolcon.colcon_core.package_identification[0m [1;30mLevel 1[0m _identify(lerobot/src/lerobot/cameras/__pycache__) by extensions ['cmake', 'python']
[0.202s] [34mcolcon.colcon_core.package_identification[0m [1;30mLevel 1[0m _identify(lerobot/src/lerobot/cameras/__pycache__) by extension 'cmake'
[0.202s] [34mcolcon.colcon_core.package_identification[0m [1;30mLevel 1[0m _identify(lerobot/src/lerobot/cameras/__pycache__) by extension 'python'
[0.202s] [34mcolcon.colcon_core.package_identification[0m [1;30mLevel 1[0m _identify(lerobot/src/lerobot/cameras/__pycache__) by extensions ['python_setup_py']
[0.202s] [34mcolcon.colcon_core.package_identification[0m [1;30mLevel 1[0m _identify(lerobot/src/lerobot/cameras/__pycache__) by extension 'python_setup_py'
[0.202s] [34mcolcon.colcon_core.package_identification[0m [1;30mLevel 1[0m _identify(lerobot/src/lerobot/cameras/opencv) by extensions ['ignore', 'ignore_ament_install']
[0.202s] [34mcolcon.colcon_core.package_identification[0m [1;30mLevel 1[0m _identify(lerobot/src/lerobot/cameras/opencv) by extension 'ignore'
[0.202s] [34mcolcon.colcon_core.package_identification[0m [1;30mLevel 1[0m _identify(lerobot/src/lerobot/cameras/opencv) by extension 'ignore_ament_install'
[0.202s] [34mcolcon.colcon_core.package_identification[0m [1;30mLevel 1[0m _identify(lerobot/src/lerobot/cameras/opencv) by extensions ['colcon_pkg']
[0.202s] [34mcolcon.colcon_core.package_identification[0m [1;30mLevel 1[0m _identify(lerobot/src/lerobot/cameras/opencv) by extension 'colcon_pkg'
[0.202s] [34mcolcon.colcon_core.package_identification[0m [1;30mLevel 1[0m _identify(lerobot/src/lerobot/cameras/opencv) by extensions ['colcon_meta']
[0.202s] [34mcolcon.colcon_core.package_identification[0m [1;30mLevel 1[0m _identify(lerobot/src/lerobot/cameras/opencv) by extension 'colcon_meta'
[0.202s] [34mcolcon.colcon_core.package_identification[0m [1;30mLevel 1[0m _identify(lerobot/src/lerobot/cameras/opencv) by extensions ['ros']
[0.202s] [34mcolcon.colcon_core.package_identification[0m [1;30mLevel 1[0m _identify(lerobot/src/lerobot/cameras/opencv) by extension 'ros'
[0.202s] [34mcolcon.colcon_core.package_identification[0m [1;30mLevel 1[0m _identify(lerobot/src/lerobot/cameras/opencv) by extensions ['cmake', 'python']
[0.202s] [34mcolcon.colcon_core.package_identification[0m [1;30mLevel 1[0m _identify(lerobot/src/lerobot/cameras/opencv) by extension 'cmake'
[0.202s] [34mcolcon.colcon_core.package_identification[0m [1;30mLevel 1[0m _identify(lerobot/src/lerobot/cameras/opencv) by extension 'python'
[0.202s] [34mcolcon.colcon_core.package_identification[0m [1;30mLevel 1[0m _identify(lerobot/src/lerobot/cameras/opencv) by extensions ['python_setup_py']
[0.202s] [34mcolcon.colcon_core.package_identification[0m [1;30mLevel 1[0m _identify(lerobot/src/lerobot/cameras/opencv) by extension 'python_setup_py'
[0.202s] [34mcolcon.colcon_core.package_identification[0m [1;30mLevel 1[0m _identify(lerobot/src/lerobot/cameras/opencv/__pycache__) by extensions ['ignore', 'ignore_ament_install']
[0.202s] [34mcolcon.colcon_core.package_identification[0m [1;30mLevel 1[0m _identify(lerobot/src/lerobot/cameras/opencv/__pycache__) by extension 'ignore'
[0.202s] [34mcolcon.colcon_core.package_identification[0m [1;30mLevel 1[0m _identify(lerobot/src/lerobot/cameras/opencv/__pycache__) by extension 'ignore_ament_install'
[0.202s] [34mcolcon.colcon_core.package_identification[0m [1;30mLevel 1[0m _identify(lerobot/src/lerobot/cameras/opencv/__pycache__) by extensions ['colcon_pkg']
[0.202s] [34mcolcon.colcon_core.package_identification[0m [1;30mLevel 1[0m _identify(lerobot/src/lerobot/cameras/opencv/__pycache__) by extension 'colcon_pkg'
[0.202s] [34mcolcon.colcon_core.package_identification[0m [1;30mLevel 1[0m _identify(lerobot/src/lerobot/cameras/opencv/__pycache__) by extensions ['colcon_meta']
[0.202s] [34mcolcon.colcon_core.package_identification[0m [1;30mLevel 1[0m _identify(lerobot/src/lerobot/cameras/opencv/__pycache__) by extension 'colcon_meta'
[0.202s] [34mcolcon.colcon_core.package_identification[0m [1;30mLevel 1[0m _identify(lerobot/src/lerobot/cameras/opencv/__pycache__) by extensions ['ros']
[0.202s] [34mcolcon.colcon_core.package_identification[0m [1;30mLevel 1[0m _identify(lerobot/src/lerobot/cameras/opencv/__pycache__) by extension 'ros'
[0.202s] [34mcolcon.colcon_core.package_identification[0m [1;30mLevel 1[0m _identify(lerobot/src/lerobot/cameras/opencv/__pycache__) by extensions ['cmake', 'python']
[0.202s] [34mcolcon.colcon_core.package_identification[0m [1;30mLevel 1[0m _identify(lerobot/src/lerobot/cameras/opencv/__pycache__) by extension 'cmake'
[0.202s] [34mcolcon.colcon_core.package_identification[0m [1;30mLevel 1[0m _identify(lerobot/src/lerobot/cameras/opencv/__pycache__) by extension 'python'
[0.202s] [34mcolcon.colcon_core.package_identification[0m [1;30mLevel 1[0m _identify(lerobot/src/lerobot/cameras/opencv/__pycache__) by extensions ['python_setup_py']
[0.203s] [34mcolcon.colcon_core.package_identification[0m [1;30mLevel 1[0m _identify(lerobot/src/lerobot/cameras/opencv/__pycache__) by extension 'python_setup_py'
[0.203s] [34mcolcon.colcon_core.package_identification[0m [1;30mLevel 1[0m _identify(lerobot/src/lerobot/cameras/reachy2_camera) by extensions ['ignore', 'ignore_ament_install']
[0.203s] [34mcolcon.colcon_core.package_identification[0m [1;30mLevel 1[0m _identify(lerobot/src/lerobot/cameras/reachy2_camera) by extension 'ignore'
[0.203s] [34mcolcon.colcon_core.package_identification[0m [1;30mLevel 1[0m _identify(lerobot/src/lerobot/cameras/reachy2_camera) by extension 'ignore_ament_install'
[0.203s] [34mcolcon.colcon_core.package_identification[0m [1;30mLevel 1[0m _identify(lerobot/src/lerobot/cameras/reachy2_camera) by extensions ['colcon_pkg']
[0.203s] [34mcolcon.colcon_core.package_identification[0m [1;30mLevel 1[0m _identify(lerobot/src/lerobot/cameras/reachy2_camera) by extension 'colcon_pkg'
[0.203s] [34mcolcon.colcon_core.package_identification[0m [1;30mLevel 1[0m _identify(lerobot/src/lerobot/cameras/reachy2_camera) by extensions ['colcon_meta']
[0.203s] [34mcolcon.colcon_core.package_identification[0m [1;30mLevel 1[0m _identify(lerobot/src/lerobot/cameras/reachy2_camera) by extension 'colcon_meta'
[0.203s] [34mcolcon.colcon_core.package_identification[0m [1;30mLevel 1[0m _identify(lerobot/src/lerobot/cameras/reachy2_camera) by extensions ['ros']
[0.203s] [34mcolcon.colcon_core.package_identification[0m [1;30mLevel 1[0m _identify(lerobot/src/lerobot/cameras/reachy2_camera) by extension 'ros'
[0.203s] [34mcolcon.colcon_core.package_identification[0m [1;30mLevel 1[0m _identify(lerobot/src/lerobot/cameras/reachy2_camera) by extensions ['cmake', 'python']
[0.203s] [34mcolcon.colcon_core.package_identification[0m [1;30mLevel 1[0m _identify(lerobot/src/lerobot/cameras/reachy2_camera) by extension 'cmake'
[0.203s] [34mcolcon.colcon_core.package_identification[0m [1;30mLevel 1[0m _identify(lerobot/src/lerobot/cameras/reachy2_camera) by extension 'python'
[0.203s] [34mcolcon.colcon_core.package_identification[0m [1;30mLevel 1[0m _identify(lerobot/src/lerobot/cameras/reachy2_camera) by extensions ['python_setup_py']
[0.203s] [34mcolcon.colcon_core.package_identification[0m [1;30mLevel 1[0m _identify(lerobot/src/lerobot/cameras/reachy2_camera) by extension 'python_setup_py'
[0.203s] [34mcolcon.colcon_core.package_identification[0m [1;30mLevel 1[0m _identify(lerobot/src/lerobot/cameras/realsense) by extensions ['ignore', 'ignore_ament_install']
[0.203s] [34mcolcon.colcon_core.package_identification[0m [1;30mLevel 1[0m _identify(lerobot/src/lerobot/cameras/realsense) by extension 'ignore'
[0.203s] [34mcolcon.colcon_core.package_identification[0m [1;30mLevel 1[0m _identify(lerobot/src/lerobot/cameras/realsense) by extension 'ignore_ament_install'
[0.203s] [34mcolcon.colcon_core.package_identification[0m [1;30mLevel 1[0m _identify(lerobot/src/lerobot/cameras/realsense) by extensions ['colcon_pkg']
[0.203s] [34mcolcon.colcon_core.package_identification[0m [1;30mLevel 1[0m _identify(lerobot/src/lerobot/cameras/realsense) by extension 'colcon_pkg'
[0.203s] [34mcolcon.colcon_core.package_identification[0m [1;30mLevel 1[0m _identify(lerobot/src/lerobot/cameras/realsense) by extensions ['colcon_meta']
[0.203s] [34mcolcon.colcon_core.package_identification[0m [1;30mLevel 1[0m _identify(lerobot/src/lerobot/cameras/realsense) by extension 'colcon_meta'
[0.203s] [34mcolcon.colcon_core.package_identification[0m [1;30mLevel 1[0m _identify(lerobot/src/lerobot/cameras/realsense) by extensions ['ros']
[0.203s] [34mcolcon.colcon_core.package_identification[0m [1;30mLevel 1[0m _identify(lerobot/src/lerobot/cameras/realsense) by extension 'ros'
[0.203s] [34mcolcon.colcon_core.package_identification[0m [1;30mLevel 1[0m _identify(lerobot/src/lerobot/cameras/realsense) by extensions ['cmake', 'python']
[0.203s] [34mcolcon.colcon_core.package_identification[0m [1;30mLevel 1[0m _identify(lerobot/src/lerobot/cameras/realsense) by extension 'cmake'
[0.203s] [34mcolcon.colcon_core.package_identification[0m [1;30mLevel 1[0m _identify(lerobot/src/lerobot/cameras/realsense) by extension 'python'
[0.203s] [34mcolcon.colcon_core.package_identification[0m [1;30mLevel 1[0m _identify(lerobot/src/lerobot/cameras/realsense) by extensions ['python_setup_py']
[0.203s] [34mcolcon.colcon_core.package_identification[0m [1;30mLevel 1[0m _identify(lerobot/src/lerobot/cameras/realsense) by extension 'python_setup_py'
[0.203s] [34mcolcon.colcon_core.package_identification[0m [1;30mLevel 1[0m _identify(lerobot/src/lerobot/cameras/realsense/__pycache__) by extensions ['ignore', 'ignore_ament_install']
[0.203s] [34mcolcon.colcon_core.package_identification[0m [1;30mLevel 1[0m _identify(lerobot/src/lerobot/cameras/realsense/__pycache__) by extension 'ignore'
[0.203s] [34mcolcon.colcon_core.package_identification[0m [1;30mLevel 1[0m _identify(lerobot/src/lerobot/cameras/realsense/__pycache__) by extension 'ignore_ament_install'
[0.203s] [34mcolcon.colcon_core.package_identification[0m [1;30mLevel 1[0m _identify(lerobot/src/lerobot/cameras/realsense/__pycache__) by extensions ['colcon_pkg']
[0.203s] [34mcolcon.colcon_core.package_identification[0m [1;30mLevel 1[0m _identify(lerobot/src/lerobot/cameras/realsense/__pycache__) by extension 'colcon_pkg'
[0.203s] [34mcolcon.colcon_core.package_identification[0m [1;30mLevel 1[0m _identify(lerobot/src/lerobot/cameras/realsense/__pycache__) by extensions ['colcon_meta']
[0.203s] [34mcolcon.colcon_core.package_identification[0m [1;30mLevel 1[0m _identify(lerobot/src/lerobot/cameras/realsense/__pycache__) by extension 'colcon_meta'
[0.203s] [34mcolcon.colcon_core.package_identification[0m [1;30mLevel 1[0m _identify(lerobot/src/lerobot/cameras/realsense/__pycache__) by extensions ['ros']
[0.203s] [34mcolcon.colcon_core.package_identification[0m [1;30mLevel 1[0m _identify(lerobot/src/lerobot/cameras/realsense/__pycache__) by extension 'ros'
[0.203s] [34mcolcon.colcon_core.package_identification[0m [1;30mLevel 1[0m _identify(lerobot/src/lerobot/cameras/realsense/__pycache__) by extensions ['cmake', 'python']
[0.203s] [34mcolcon.colcon_core.package_identification[0m [1;30mLevel 1[0m _identify(lerobot/src/lerobot/cameras/realsense/__pycache__) by extension 'cmake'
[0.203s] [34mcolcon.colcon_core.package_identification[0m [1;30mLevel 1[0m _identify(lerobot/src/lerobot/cameras/realsense/__pycache__) by extension 'python'
[0.203s] [34mcolcon.colcon_core.package_identification[0m [1;30mLevel 1[0m _identify(lerobot/src/lerobot/cameras/realsense/__pycache__) by extensions ['python_setup_py']
[0.203s] [34mcolcon.colcon_core.package_identification[0m [1;30mLevel 1[0m _identify(lerobot/src/lerobot/cameras/realsense/__pycache__) by extension 'python_setup_py'
[0.203s] [34mcolcon.colcon_core.package_identification[0m [1;30mLevel 1[0m _identify(lerobot/src/lerobot/configs) by extensions ['ignore', 'ignore_ament_install']
[0.203s] [34mcolcon.colcon_core.package_identification[0m [1;30mLevel 1[0m _identify(lerobot/src/lerobot/configs) by extension 'ignore'
[0.203s] [34mcolcon.colcon_core.package_identification[0m [1;30mLevel 1[0m _identify(lerobot/src/lerobot/configs) by extension 'ignore_ament_install'
[0.203s] [34mcolcon.colcon_core.package_identification[0m [1;30mLevel 1[0m _identify(lerobot/src/lerobot/configs) by extensions ['colcon_pkg']
[0.203s] [34mcolcon.colcon_core.package_identification[0m [1;30mLevel 1[0m _identify(lerobot/src/lerobot/configs) by extension 'colcon_pkg'
[0.203s] [34mcolcon.colcon_core.package_identification[0m [1;30mLevel 1[0m _identify(lerobot/src/lerobot/configs) by extensions ['colcon_meta']
[0.203s] [34mcolcon.colcon_core.package_identification[0m [1;30mLevel 1[0m _identify(lerobot/src/lerobot/configs) by extension 'colcon_meta'
[0.204s] [34mcolcon.colcon_core.package_identification[0m [1;30mLevel 1[0m _identify(lerobot/src/lerobot/configs) by extensions ['ros']
[0.204s] [34mcolcon.colcon_core.package_identification[0m [1;30mLevel 1[0m _identify(lerobot/src/lerobot/configs) by extension 'ros'
[0.204s] [34mcolcon.colcon_core.package_identification[0m [1;30mLevel 1[0m _identify(lerobot/src/lerobot/configs) by extensions ['cmake', 'python']
[0.204s] [34mcolcon.colcon_core.package_identification[0m [1;30mLevel 1[0m _identify(lerobot/src/lerobot/configs) by extension 'cmake'
[0.204s] [34mcolcon.colcon_core.package_identification[0m [1;30mLevel 1[0m _identify(lerobot/src/lerobot/configs) by extension 'python'
[0.204s] [34mcolcon.colcon_core.package_identification[0m [1;30mLevel 1[0m _identify(lerobot/src/lerobot/configs) by extensions ['python_setup_py']
[0.204s] [34mcolcon.colcon_core.package_identification[0m [1;30mLevel 1[0m _identify(lerobot/src/lerobot/configs) by extension 'python_setup_py'
[0.204s] [34mcolcon.colcon_core.package_identification[0m [1;30mLevel 1[0m _identify(lerobot/src/lerobot/datasets) by extensions ['ignore', 'ignore_ament_install']
[0.204s] [34mcolcon.colcon_core.package_identification[0m [1;30mLevel 1[0m _identify(lerobot/src/lerobot/datasets) by extension 'ignore'
[0.204s] [34mcolcon.colcon_core.package_identification[0m [1;30mLevel 1[0m _identify(lerobot/src/lerobot/datasets) by extension 'ignore_ament_install'
[0.204s] [34mcolcon.colcon_core.package_identification[0m [1;30mLevel 1[0m _identify(lerobot/src/lerobot/datasets) by extensions ['colcon_pkg']
[0.204s] [34mcolcon.colcon_core.package_identification[0m [1;30mLevel 1[0m _identify(lerobot/src/lerobot/datasets) by extension 'colcon_pkg'
[0.204s] [34mcolcon.colcon_core.package_identification[0m [1;30mLevel 1[0m _identify(lerobot/src/lerobot/datasets) by extensions ['colcon_meta']
[0.204s] [34mcolcon.colcon_core.package_identification[0m [1;30mLevel 1[0m _identify(lerobot/src/lerobot/datasets) by extension 'colcon_meta'
[0.204s] [34mcolcon.colcon_core.package_identification[0m [1;30mLevel 1[0m _identify(lerobot/src/lerobot/datasets) by extensions ['ros']
[0.204s] [34mcolcon.colcon_core.package_identification[0m [1;30mLevel 1[0m _identify(lerobot/src/lerobot/datasets) by extension 'ros'
[0.204s] [34mcolcon.colcon_core.package_identification[0m [1;30mLevel 1[0m _identify(lerobot/src/lerobot/datasets) by extensions ['cmake', 'python']
[0.204s] [34mcolcon.colcon_core.package_identification[0m [1;30mLevel 1[0m _identify(lerobot/src/lerobot/datasets) by extension 'cmake'
[0.204s] [34mcolcon.colcon_core.package_identification[0m [1;30mLevel 1[0m _identify(lerobot/src/lerobot/datasets) by extension 'python'
[0.204s] [34mcolcon.colcon_core.package_identification[0m [1;30mLevel 1[0m _identify(lerobot/src/lerobot/datasets) by extensions ['python_setup_py']
[0.204s] [34mcolcon.colcon_core.package_identification[0m [1;30mLevel 1[0m _identify(lerobot/src/lerobot/datasets) by extension 'python_setup_py'
[0.204s] [34mcolcon.colcon_core.package_identification[0m [1;30mLevel 1[0m _identify(lerobot/src/lerobot/datasets/push_dataset_to_hub) by extensions ['ignore', 'ignore_ament_install']
[0.204s] [34mcolcon.colcon_core.package_identification[0m [1;30mLevel 1[0m _identify(lerobot/src/lerobot/datasets/push_dataset_to_hub) by extension 'ignore'
[0.204s] [34mcolcon.colcon_core.package_identification[0m [1;30mLevel 1[0m _identify(lerobot/src/lerobot/datasets/push_dataset_to_hub) by extension 'ignore_ament_install'
[0.204s] [34mcolcon.colcon_core.package_identification[0m [1;30mLevel 1[0m _identify(lerobot/src/lerobot/datasets/push_dataset_to_hub) by extensions ['colcon_pkg']
[0.204s] [34mcolcon.colcon_core.package_identification[0m [1;30mLevel 1[0m _identify(lerobot/src/lerobot/datasets/push_dataset_to_hub) by extension 'colcon_pkg'
[0.204s] [34mcolcon.colcon_core.package_identification[0m [1;30mLevel 1[0m _identify(lerobot/src/lerobot/datasets/push_dataset_to_hub) by extensions ['colcon_meta']
[0.204s] [34mcolcon.colcon_core.package_identification[0m [1;30mLevel 1[0m _identify(lerobot/src/lerobot/datasets/push_dataset_to_hub) by extension 'colcon_meta'
[0.204s] [34mcolcon.colcon_core.package_identification[0m [1;30mLevel 1[0m _identify(lerobot/src/lerobot/datasets/push_dataset_to_hub) by extensions ['ros']
[0.204s] [34mcolcon.colcon_core.package_identification[0m [1;30mLevel 1[0m _identify(lerobot/src/lerobot/datasets/push_dataset_to_hub) by extension 'ros'
[0.204s] [34mcolcon.colcon_core.package_identification[0m [1;30mLevel 1[0m _identify(lerobot/src/lerobot/datasets/push_dataset_to_hub) by extensions ['cmake', 'python']
[0.204s] [34mcolcon.colcon_core.package_identification[0m [1;30mLevel 1[0m _identify(lerobot/src/lerobot/datasets/push_dataset_to_hub) by extension 'cmake'
[0.204s] [34mcolcon.colcon_core.package_identification[0m [1;30mLevel 1[0m _identify(lerobot/src/lerobot/datasets/push_dataset_to_hub) by extension 'python'
[0.204s] [34mcolcon.colcon_core.package_identification[0m [1;30mLevel 1[0m _identify(lerobot/src/lerobot/datasets/push_dataset_to_hub) by extensions ['python_setup_py']
[0.204s] [34mcolcon.colcon_core.package_identification[0m [1;30mLevel 1[0m _identify(lerobot/src/lerobot/datasets/push_dataset_to_hub) by extension 'python_setup_py'
[0.204s] [34mcolcon.colcon_core.package_identification[0m [1;30mLevel 1[0m _identify(lerobot/src/lerobot/datasets/v30) by extensions ['ignore', 'ignore_ament_install']
[0.204s] [34mcolcon.colcon_core.package_identification[0m [1;30mLevel 1[0m _identify(lerobot/src/lerobot/datasets/v30) by extension 'ignore'
[0.204s] [34mcolcon.colcon_core.package_identification[0m [1;30mLevel 1[0m _identify(lerobot/src/lerobot/datasets/v30) by extension 'ignore_ament_install'
[0.204s] [34mcolcon.colcon_core.package_identification[0m [1;30mLevel 1[0m _identify(lerobot/src/lerobot/datasets/v30) by extensions ['colcon_pkg']
[0.204s] [34mcolcon.colcon_core.package_identification[0m [1;30mLevel 1[0m _identify(lerobot/src/lerobot/datasets/v30) by extension 'colcon_pkg'
[0.204s] [34mcolcon.colcon_core.package_identification[0m [1;30mLevel 1[0m _identify(lerobot/src/lerobot/datasets/v30) by extensions ['colcon_meta']
[0.204s] [34mcolcon.colcon_core.package_identification[0m [1;30mLevel 1[0m _identify(lerobot/src/lerobot/datasets/v30) by extension 'colcon_meta'
[0.204s] [34mcolcon.colcon_core.package_identification[0m [1;30mLevel 1[0m _identify(lerobot/src/lerobot/datasets/v30) by extensions ['ros']
[0.204s] [34mcolcon.colcon_core.package_identification[0m [1;30mLevel 1[0m _identify(lerobot/src/lerobot/datasets/v30) by extension 'ros'
[0.204s] [34mcolcon.colcon_core.package_identification[0m [1;30mLevel 1[0m _identify(lerobot/src/lerobot/datasets/v30) by extensions ['cmake', 'python']
[0.204s] [34mcolcon.colcon_core.package_identification[0m [1;30mLevel 1[0m _identify(lerobot/src/lerobot/datasets/v30) by extension 'cmake'
[0.204s] [34mcolcon.colcon_core.package_identification[0m [1;30mLevel 1[0m _identify(lerobot/src/lerobot/datasets/v30) by extension 'python'
[0.204s] [34mcolcon.colcon_core.package_identification[0m [1;30mLevel 1[0m _identify(lerobot/src/lerobot/datasets/v30) by extensions ['python_setup_py']
[0.204s] [34mcolcon.colcon_core.package_identification[0m [1;30mLevel 1[0m _identify(lerobot/src/lerobot/datasets/v30) by extension 'python_setup_py'
[0.204s] [34mcolcon.colcon_core.package_identification[0m [1;30mLevel 1[0m _identify(lerobot/src/lerobot/envs) by extensions ['ignore', 'ignore_ament_install']
[0.205s] [34mcolcon.colcon_core.package_identification[0m [1;30mLevel 1[0m _identify(lerobot/src/lerobot/envs) by extension 'ignore'
[0.205s] [34mcolcon.colcon_core.package_identification[0m [1;30mLevel 1[0m _identify(lerobot/src/lerobot/envs) by extension 'ignore_ament_install'
[0.205s] [34mcolcon.colcon_core.package_identification[0m [1;30mLevel 1[0m _identify(lerobot/src/lerobot/envs) by extensions ['colcon_pkg']
[0.205s] [34mcolcon.colcon_core.package_identification[0m [1;30mLevel 1[0m _identify(lerobot/src/lerobot/envs) by extension 'colcon_pkg'
[0.205s] [34mcolcon.colcon_core.package_identification[0m [1;30mLevel 1[0m _identify(lerobot/src/lerobot/envs) by extensions ['colcon_meta']
[0.205s] [34mcolcon.colcon_core.package_identification[0m [1;30mLevel 1[0m _identify(lerobot/src/lerobot/envs) by extension 'colcon_meta'
[0.205s] [34mcolcon.colcon_core.package_identification[0m [1;30mLevel 1[0m _identify(lerobot/src/lerobot/envs) by extensions ['ros']
[0.205s] [34mcolcon.colcon_core.package_identification[0m [1;30mLevel 1[0m _identify(lerobot/src/lerobot/envs) by extension 'ros'
[0.205s] [34mcolcon.colcon_core.package_identification[0m [1;30mLevel 1[0m _identify(lerobot/src/lerobot/envs) by extensions ['cmake', 'python']
[0.205s] [34mcolcon.colcon_core.package_identification[0m [1;30mLevel 1[0m _identify(lerobot/src/lerobot/envs) by extension 'cmake'
[0.205s] [34mcolcon.colcon_core.package_identification[0m [1;30mLevel 1[0m _identify(lerobot/src/lerobot/envs) by extension 'python'
[0.205s] [34mcolcon.colcon_core.package_identification[0m [1;30mLevel 1[0m _identify(lerobot/src/lerobot/envs) by extensions ['python_setup_py']
[0.205s] [34mcolcon.colcon_core.package_identification[0m [1;30mLevel 1[0m _identify(lerobot/src/lerobot/envs) by extension 'python_setup_py'
[0.205s] [34mcolcon.colcon_core.package_identification[0m [1;30mLevel 1[0m _identify(lerobot/src/lerobot/model) by extensions ['ignore', 'ignore_ament_install']
[0.205s] [34mcolcon.colcon_core.package_identification[0m [1;30mLevel 1[0m _identify(lerobot/src/lerobot/model) by extension 'ignore'
[0.205s] [34mcolcon.colcon_core.package_identification[0m [1;30mLevel 1[0m _identify(lerobot/src/lerobot/model) by extension 'ignore_ament_install'
[0.205s] [34mcolcon.colcon_core.package_identification[0m [1;30mLevel 1[0m _identify(lerobot/src/lerobot/model) by extensions ['colcon_pkg']
[0.205s] [34mcolcon.colcon_core.package_identification[0m [1;30mLevel 1[0m _identify(lerobot/src/lerobot/model) by extension 'colcon_pkg'
[0.205s] [34mcolcon.colcon_core.package_identification[0m [1;30mLevel 1[0m _identify(lerobot/src/lerobot/model) by extensions ['colcon_meta']
[0.205s] [34mcolcon.colcon_core.package_identification[0m [1;30mLevel 1[0m _identify(lerobot/src/lerobot/model) by extension 'colcon_meta'
[0.205s] [34mcolcon.colcon_core.package_identification[0m [1;30mLevel 1[0m _identify(lerobot/src/lerobot/model) by extensions ['ros']
[0.205s] [34mcolcon.colcon_core.package_identification[0m [1;30mLevel 1[0m _identify(lerobot/src/lerobot/model) by extension 'ros'
[0.205s] [34mcolcon.colcon_core.package_identification[0m [1;30mLevel 1[0m _identify(lerobot/src/lerobot/model) by extensions ['cmake', 'python']
[0.205s] [34mcolcon.colcon_core.package_identification[0m [1;30mLevel 1[0m _identify(lerobot/src/lerobot/model) by extension 'cmake'
[0.205s] [34mcolcon.colcon_core.package_identification[0m [1;30mLevel 1[0m _identify(lerobot/src/lerobot/model) by extension 'python'
[0.205s] [34mcolcon.colcon_core.package_identification[0m [1;30mLevel 1[0m _identify(lerobot/src/lerobot/model) by extensions ['python_setup_py']
[0.205s] [34mcolcon.colcon_core.package_identification[0m [1;30mLevel 1[0m _identify(lerobot/src/lerobot/model) by extension 'python_setup_py'
[0.205s] [34mcolcon.colcon_core.package_identification[0m [1;30mLevel 1[0m _identify(lerobot/src/lerobot/motors) by extensions ['ignore', 'ignore_ament_install']
[0.205s] [34mcolcon.colcon_core.package_identification[0m [1;30mLevel 1[0m _identify(lerobot/src/lerobot/motors) by extension 'ignore'
[0.205s] [34mcolcon.colcon_core.package_identification[0m [1;30mLevel 1[0m _identify(lerobot/src/lerobot/motors) by extension 'ignore_ament_install'
[0.205s] [34mcolcon.colcon_core.package_identification[0m [1;30mLevel 1[0m _identify(lerobot/src/lerobot/motors) by extensions ['colcon_pkg']
[0.205s] [34mcolcon.colcon_core.package_identification[0m [1;30mLevel 1[0m _identify(lerobot/src/lerobot/motors) by extension 'colcon_pkg'
[0.205s] [34mcolcon.colcon_core.package_identification[0m [1;30mLevel 1[0m _identify(lerobot/src/lerobot/motors) by extensions ['colcon_meta']
[0.205s] [34mcolcon.colcon_core.package_identification[0m [1;30mLevel 1[0m _identify(lerobot/src/lerobot/motors) by extension 'colcon_meta'
[0.205s] [34mcolcon.colcon_core.package_identification[0m [1;30mLevel 1[0m _identify(lerobot/src/lerobot/motors) by extensions ['ros']
[0.205s] [34mcolcon.colcon_core.package_identification[0m [1;30mLevel 1[0m _identify(lerobot/src/lerobot/motors) by extension 'ros'
[0.205s] [34mcolcon.colcon_core.package_identification[0m [1;30mLevel 1[0m _identify(lerobot/src/lerobot/motors) by extensions ['cmake', 'python']
[0.205s] [34mcolcon.colcon_core.package_identification[0m [1;30mLevel 1[0m _identify(lerobot/src/lerobot/motors) by extension 'cmake'
[0.205s] [34mcolcon.colcon_core.package_identification[0m [1;30mLevel 1[0m _identify(lerobot/src/lerobot/motors) by extension 'python'
[0.205s] [34mcolcon.colcon_core.package_identification[0m [1;30mLevel 1[0m _identify(lerobot/src/lerobot/motors) by extensions ['python_setup_py']
[0.205s] [34mcolcon.colcon_core.package_identification[0m [1;30mLevel 1[0m _identify(lerobot/src/lerobot/motors) by extension 'python_setup_py'
[0.205s] [34mcolcon.colcon_core.package_identification[0m [1;30mLevel 1[0m _identify(lerobot/src/lerobot/motors/__pycache__) by extensions ['ignore', 'ignore_ament_install']
[0.205s] [34mcolcon.colcon_core.package_identification[0m [1;30mLevel 1[0m _identify(lerobot/src/lerobot/motors/__pycache__) by extension 'ignore'
[0.205s] [34mcolcon.colcon_core.package_identification[0m [1;30mLevel 1[0m _identify(lerobot/src/lerobot/motors/__pycache__) by extension 'ignore_ament_install'
[0.205s] [34mcolcon.colcon_core.package_identification[0m [1;30mLevel 1[0m _identify(lerobot/src/lerobot/motors/__pycache__) by extensions ['colcon_pkg']
[0.205s] [34mcolcon.colcon_core.package_identification[0m [1;30mLevel 1[0m _identify(lerobot/src/lerobot/motors/__pycache__) by extension 'colcon_pkg'
[0.205s] [34mcolcon.colcon_core.package_identification[0m [1;30mLevel 1[0m _identify(lerobot/src/lerobot/motors/__pycache__) by extensions ['colcon_meta']
[0.205s] [34mcolcon.colcon_core.package_identification[0m [1;30mLevel 1[0m _identify(lerobot/src/lerobot/motors/__pycache__) by extension 'colcon_meta'
[0.205s] [34mcolcon.colcon_core.package_identification[0m [1;30mLevel 1[0m _identify(lerobot/src/lerobot/motors/__pycache__) by extensions ['ros']
[0.205s] [34mcolcon.colcon_core.package_identification[0m [1;30mLevel 1[0m _identify(lerobot/src/lerobot/motors/__pycache__) by extension 'ros'
[0.205s] [34mcolcon.colcon_core.package_identification[0m [1;30mLevel 1[0m _identify(lerobot/src/lerobot/motors/__pycache__) by extensions ['cmake', 'python']
[0.205s] [34mcolcon.colcon_core.package_identification[0m [1;30mLevel 1[0m _identify(lerobot/src/lerobot/motors/__pycache__) by extension 'cmake'
[0.205s] [34mcolcon.colcon_core.package_identification[0m [1;30mLevel 1[0m _identify(lerobot/src/lerobot/motors/__pycache__) by extension 'python'
[0.206s] [34mcolcon.colcon_core.package_identification[0m [1;30mLevel 1[0m _identify(lerobot/src/lerobot/motors/__pycache__) by extensions ['python_setup_py']
[0.206s] [34mcolcon.colcon_core.package_identification[0m [1;30mLevel 1[0m _identify(lerobot/src/lerobot/motors/__pycache__) by extension 'python_setup_py'
[0.206s] [34mcolcon.colcon_core.package_identification[0m [1;30mLevel 1[0m _identify(lerobot/src/lerobot/motors/dynamixel) by extensions ['ignore', 'ignore_ament_install']
[0.206s] [34mcolcon.colcon_core.package_identification[0m [1;30mLevel 1[0m _identify(lerobot/src/lerobot/motors/dynamixel) by extension 'ignore'
[0.206s] [34mcolcon.colcon_core.package_identification[0m [1;30mLevel 1[0m _identify(lerobot/src/lerobot/motors/dynamixel) by extension 'ignore_ament_install'
[0.206s] [34mcolcon.colcon_core.package_identification[0m [1;30mLevel 1[0m _identify(lerobot/src/lerobot/motors/dynamixel) by extensions ['colcon_pkg']
[0.206s] [34mcolcon.colcon_core.package_identification[0m [1;30mLevel 1[0m _identify(lerobot/src/lerobot/motors/dynamixel) by extension 'colcon_pkg'
[0.206s] [34mcolcon.colcon_core.package_identification[0m [1;30mLevel 1[0m _identify(lerobot/src/lerobot/motors/dynamixel) by extensions ['colcon_meta']
[0.206s] [34mcolcon.colcon_core.package_identification[0m [1;30mLevel 1[0m _identify(lerobot/src/lerobot/motors/dynamixel) by extension 'colcon_meta'
[0.206s] [34mcolcon.colcon_core.package_identification[0m [1;30mLevel 1[0m _identify(lerobot/src/lerobot/motors/dynamixel) by extensions ['ros']
[0.206s] [34mcolcon.colcon_core.package_identification[0m [1;30mLevel 1[0m _identify(lerobot/src/lerobot/motors/dynamixel) by extension 'ros'
[0.206s] [34mcolcon.colcon_core.package_identification[0m [1;30mLevel 1[0m _identify(lerobot/src/lerobot/motors/dynamixel) by extensions ['cmake', 'python']
[0.206s] [34mcolcon.colcon_core.package_identification[0m [1;30mLevel 1[0m _identify(lerobot/src/lerobot/motors/dynamixel) by extension 'cmake'
[0.206s] [34mcolcon.colcon_core.package_identification[0m [1;30mLevel 1[0m _identify(lerobot/src/lerobot/motors/dynamixel) by extension 'python'
[0.206s] [34mcolcon.colcon_core.package_identification[0m [1;30mLevel 1[0m _identify(lerobot/src/lerobot/motors/dynamixel) by extensions ['python_setup_py']
[0.206s] [34mcolcon.colcon_core.package_identification[0m [1;30mLevel 1[0m _identify(lerobot/src/lerobot/motors/dynamixel) by extension 'python_setup_py'
[0.206s] [34mcolcon.colcon_core.package_identification[0m [1;30mLevel 1[0m _identify(lerobot/src/lerobot/motors/dynamixel/__pycache__) by extensions ['ignore', 'ignore_ament_install']
[0.206s] [34mcolcon.colcon_core.package_identification[0m [1;30mLevel 1[0m _identify(lerobot/src/lerobot/motors/dynamixel/__pycache__) by extension 'ignore'
[0.206s] [34mcolcon.colcon_core.package_identification[0m [1;30mLevel 1[0m _identify(lerobot/src/lerobot/motors/dynamixel/__pycache__) by extension 'ignore_ament_install'
[0.206s] [34mcolcon.colcon_core.package_identification[0m [1;30mLevel 1[0m _identify(lerobot/src/lerobot/motors/dynamixel/__pycache__) by extensions ['colcon_pkg']
[0.206s] [34mcolcon.colcon_core.package_identification[0m [1;30mLevel 1[0m _identify(lerobot/src/lerobot/motors/dynamixel/__pycache__) by extension 'colcon_pkg'
[0.206s] [34mcolcon.colcon_core.package_identification[0m [1;30mLevel 1[0m _identify(lerobot/src/lerobot/motors/dynamixel/__pycache__) by extensions ['colcon_meta']
[0.206s] [34mcolcon.colcon_core.package_identification[0m [1;30mLevel 1[0m _identify(lerobot/src/lerobot/motors/dynamixel/__pycache__) by extension 'colcon_meta'
[0.206s] [34mcolcon.colcon_core.package_identification[0m [1;30mLevel 1[0m _identify(lerobot/src/lerobot/motors/dynamixel/__pycache__) by extensions ['ros']
[0.206s] [34mcolcon.colcon_core.package_identification[0m [1;30mLevel 1[0m _identify(lerobot/src/lerobot/motors/dynamixel/__pycache__) by extension 'ros'
[0.206s] [34mcolcon.colcon_core.package_identification[0m [1;30mLevel 1[0m _identify(lerobot/src/lerobot/motors/dynamixel/__pycache__) by extensions ['cmake', 'python']
[0.206s] [34mcolcon.colcon_core.package_identification[0m [1;30mLevel 1[0m _identify(lerobot/src/lerobot/motors/dynamixel/__pycache__) by extension 'cmake'
[0.206s] [34mcolcon.colcon_core.package_identification[0m [1;30mLevel 1[0m _identify(lerobot/src/lerobot/motors/dynamixel/__pycache__) by extension 'python'
[0.206s] [34mcolcon.colcon_core.package_identification[0m [1;30mLevel 1[0m _identify(lerobot/src/lerobot/motors/dynamixel/__pycache__) by extensions ['python_setup_py']
[0.206s] [34mcolcon.colcon_core.package_identification[0m [1;30mLevel 1[0m _identify(lerobot/src/lerobot/motors/dynamixel/__pycache__) by extension 'python_setup_py'
[0.206s] [34mcolcon.colcon_core.package_identification[0m [1;30mLevel 1[0m _identify(lerobot/src/lerobot/motors/feetech) by extensions ['ignore', 'ignore_ament_install']
[0.206s] [34mcolcon.colcon_core.package_identification[0m [1;30mLevel 1[0m _identify(lerobot/src/lerobot/motors/feetech) by extension 'ignore'
[0.206s] [34mcolcon.colcon_core.package_identification[0m [1;30mLevel 1[0m _identify(lerobot/src/lerobot/motors/feetech) by extension 'ignore_ament_install'
[0.206s] [34mcolcon.colcon_core.package_identification[0m [1;30mLevel 1[0m _identify(lerobot/src/lerobot/motors/feetech) by extensions ['colcon_pkg']
[0.206s] [34mcolcon.colcon_core.package_identification[0m [1;30mLevel 1[0m _identify(lerobot/src/lerobot/motors/feetech) by extension 'colcon_pkg'
[0.206s] [34mcolcon.colcon_core.package_identification[0m [1;30mLevel 1[0m _identify(lerobot/src/lerobot/motors/feetech) by extensions ['colcon_meta']
[0.206s] [34mcolcon.colcon_core.package_identification[0m [1;30mLevel 1[0m _identify(lerobot/src/lerobot/motors/feetech) by extension 'colcon_meta'
[0.206s] [34mcolcon.colcon_core.package_identification[0m [1;30mLevel 1[0m _identify(lerobot/src/lerobot/motors/feetech) by extensions ['ros']
[0.206s] [34mcolcon.colcon_core.package_identification[0m [1;30mLevel 1[0m _identify(lerobot/src/lerobot/motors/feetech) by extension 'ros'
[0.206s] [34mcolcon.colcon_core.package_identification[0m [1;30mLevel 1[0m _identify(lerobot/src/lerobot/motors/feetech) by extensions ['cmake', 'python']
[0.206s] [34mcolcon.colcon_core.package_identification[0m [1;30mLevel 1[0m _identify(lerobot/src/lerobot/motors/feetech) by extension 'cmake'
[0.206s] [34mcolcon.colcon_core.package_identification[0m [1;30mLevel 1[0m _identify(lerobot/src/lerobot/motors/feetech) by extension 'python'
[0.206s] [34mcolcon.colcon_core.package_identification[0m [1;30mLevel 1[0m _identify(lerobot/src/lerobot/motors/feetech) by extensions ['python_setup_py']
[0.206s] [34mcolcon.colcon_core.package_identification[0m [1;30mLevel 1[0m _identify(lerobot/src/lerobot/motors/feetech) by extension 'python_setup_py'
[0.206s] [34mcolcon.colcon_core.package_identification[0m [1;30mLevel 1[0m _identify(lerobot/src/lerobot/motors/feetech/__pycache__) by extensions ['ignore', 'ignore_ament_install']
[0.206s] [34mcolcon.colcon_core.package_identification[0m [1;30mLevel 1[0m _identify(lerobot/src/lerobot/motors/feetech/__pycache__) by extension 'ignore'
[0.206s] [34mcolcon.colcon_core.package_identification[0m [1;30mLevel 1[0m _identify(lerobot/src/lerobot/motors/feetech/__pycache__) by extension 'ignore_ament_install'
[0.206s] [34mcolcon.colcon_core.package_identification[0m [1;30mLevel 1[0m _identify(lerobot/src/lerobot/motors/feetech/__pycache__) by extensions ['colcon_pkg']
[0.206s] [34mcolcon.colcon_core.package_identification[0m [1;30mLevel 1[0m _identify(lerobot/src/lerobot/motors/feetech/__pycache__) by extension 'colcon_pkg'
[0.206s] [34mcolcon.colcon_core.package_identification[0m [1;30mLevel 1[0m _identify(lerobot/src/lerobot/motors/feetech/__pycache__) by extensions ['colcon_meta']
[0.206s] [34mcolcon.colcon_core.package_identification[0m [1;30mLevel 1[0m _identify(lerobot/src/lerobot/motors/feetech/__pycache__) by extension 'colcon_meta'
[0.207s] [34mcolcon.colcon_core.package_identification[0m [1;30mLevel 1[0m _identify(lerobot/src/lerobot/motors/feetech/__pycache__) by extensions ['ros']
[0.207s] [34mcolcon.colcon_core.package_identification[0m [1;30mLevel 1[0m _identify(lerobot/src/lerobot/motors/feetech/__pycache__) by extension 'ros'
[0.207s] [34mcolcon.colcon_core.package_identification[0m [1;30mLevel 1[0m _identify(lerobot/src/lerobot/motors/feetech/__pycache__) by extensions ['cmake', 'python']
[0.207s] [34mcolcon.colcon_core.package_identification[0m [1;30mLevel 1[0m _identify(lerobot/src/lerobot/motors/feetech/__pycache__) by extension 'cmake'
[0.207s] [34mcolcon.colcon_core.package_identification[0m [1;30mLevel 1[0m _identify(lerobot/src/lerobot/motors/feetech/__pycache__) by extension 'python'
[0.207s] [34mcolcon.colcon_core.package_identification[0m [1;30mLevel 1[0m _identify(lerobot/src/lerobot/motors/feetech/__pycache__) by extensions ['python_setup_py']
[0.207s] [34mcolcon.colcon_core.package_identification[0m [1;30mLevel 1[0m _identify(lerobot/src/lerobot/motors/feetech/__pycache__) by extension 'python_setup_py'
[0.207s] [34mcolcon.colcon_core.package_identification[0m [1;30mLevel 1[0m _identify(lerobot/src/lerobot/optim) by extensions ['ignore', 'ignore_ament_install']
[0.207s] [34mcolcon.colcon_core.package_identification[0m [1;30mLevel 1[0m _identify(lerobot/src/lerobot/optim) by extension 'ignore'
[0.207s] [34mcolcon.colcon_core.package_identification[0m [1;30mLevel 1[0m _identify(lerobot/src/lerobot/optim) by extension 'ignore_ament_install'
[0.207s] [34mcolcon.colcon_core.package_identification[0m [1;30mLevel 1[0m _identify(lerobot/src/lerobot/optim) by extensions ['colcon_pkg']
[0.207s] [34mcolcon.colcon_core.package_identification[0m [1;30mLevel 1[0m _identify(lerobot/src/lerobot/optim) by extension 'colcon_pkg'
[0.207s] [34mcolcon.colcon_core.package_identification[0m [1;30mLevel 1[0m _identify(lerobot/src/lerobot/optim) by extensions ['colcon_meta']
[0.207s] [34mcolcon.colcon_core.package_identification[0m [1;30mLevel 1[0m _identify(lerobot/src/lerobot/optim) by extension 'colcon_meta'
[0.207s] [34mcolcon.colcon_core.package_identification[0m [1;30mLevel 1[0m _identify(lerobot/src/lerobot/optim) by extensions ['ros']
[0.207s] [34mcolcon.colcon_core.package_identification[0m [1;30mLevel 1[0m _identify(lerobot/src/lerobot/optim) by extension 'ros'
[0.207s] [34mcolcon.colcon_core.package_identification[0m [1;30mLevel 1[0m _identify(lerobot/src/lerobot/optim) by extensions ['cmake', 'python']
[0.207s] [34mcolcon.colcon_core.package_identification[0m [1;30mLevel 1[0m _identify(lerobot/src/lerobot/optim) by extension 'cmake'
[0.207s] [34mcolcon.colcon_core.package_identification[0m [1;30mLevel 1[0m _identify(lerobot/src/lerobot/optim) by extension 'python'
[0.207s] [34mcolcon.colcon_core.package_identification[0m [1;30mLevel 1[0m _identify(lerobot/src/lerobot/optim) by extensions ['python_setup_py']
[0.207s] [34mcolcon.colcon_core.package_identification[0m [1;30mLevel 1[0m _identify(lerobot/src/lerobot/optim) by extension 'python_setup_py'
[0.207s] [34mcolcon.colcon_core.package_identification[0m [1;30mLevel 1[0m _identify(lerobot/src/lerobot/policies) by extensions ['ignore', 'ignore_ament_install']
[0.207s] [34mcolcon.colcon_core.package_identification[0m [1;30mLevel 1[0m _identify(lerobot/src/lerobot/policies) by extension 'ignore'
[0.207s] [34mcolcon.colcon_core.package_identification[0m [1;30mLevel 1[0m _identify(lerobot/src/lerobot/policies) by extension 'ignore_ament_install'
[0.207s] [34mcolcon.colcon_core.package_identification[0m [1;30mLevel 1[0m _identify(lerobot/src/lerobot/policies) by extensions ['colcon_pkg']
[0.207s] [34mcolcon.colcon_core.package_identification[0m [1;30mLevel 1[0m _identify(lerobot/src/lerobot/policies) by extension 'colcon_pkg'
[0.207s] [34mcolcon.colcon_core.package_identification[0m [1;30mLevel 1[0m _identify(lerobot/src/lerobot/policies) by extensions ['colcon_meta']
[0.207s] [34mcolcon.colcon_core.package_identification[0m [1;30mLevel 1[0m _identify(lerobot/src/lerobot/policies) by extension 'colcon_meta'
[0.207s] [34mcolcon.colcon_core.package_identification[0m [1;30mLevel 1[0m _identify(lerobot/src/lerobot/policies) by extensions ['ros']
[0.207s] [34mcolcon.colcon_core.package_identification[0m [1;30mLevel 1[0m _identify(lerobot/src/lerobot/policies) by extension 'ros'
[0.207s] [34mcolcon.colcon_core.package_identification[0m [1;30mLevel 1[0m _identify(lerobot/src/lerobot/policies) by extensions ['cmake', 'python']
[0.207s] [34mcolcon.colcon_core.package_identification[0m [1;30mLevel 1[0m _identify(lerobot/src/lerobot/policies) by extension 'cmake'
[0.207s] [34mcolcon.colcon_core.package_identification[0m [1;30mLevel 1[0m _identify(lerobot/src/lerobot/policies) by extension 'python'
[0.207s] [34mcolcon.colcon_core.package_identification[0m [1;30mLevel 1[0m _identify(lerobot/src/lerobot/policies) by extensions ['python_setup_py']
[0.207s] [34mcolcon.colcon_core.package_identification[0m [1;30mLevel 1[0m _identify(lerobot/src/lerobot/policies) by extension 'python_setup_py'
[0.207s] [34mcolcon.colcon_core.package_identification[0m [1;30mLevel 1[0m _identify(lerobot/src/lerobot/policies/act) by extensions ['ignore', 'ignore_ament_install']
[0.207s] [34mcolcon.colcon_core.package_identification[0m [1;30mLevel 1[0m _identify(lerobot/src/lerobot/policies/act) by extension 'ignore'
[0.207s] [34mcolcon.colcon_core.package_identification[0m [1;30mLevel 1[0m _identify(lerobot/src/lerobot/policies/act) by extension 'ignore_ament_install'
[0.207s] [34mcolcon.colcon_core.package_identification[0m [1;30mLevel 1[0m _identify(lerobot/src/lerobot/policies/act) by extensions ['colcon_pkg']
[0.207s] [34mcolcon.colcon_core.package_identification[0m [1;30mLevel 1[0m _identify(lerobot/src/lerobot/policies/act) by extension 'colcon_pkg'
[0.207s] [34mcolcon.colcon_core.package_identification[0m [1;30mLevel 1[0m _identify(lerobot/src/lerobot/policies/act) by extensions ['colcon_meta']
[0.207s] [34mcolcon.colcon_core.package_identification[0m [1;30mLevel 1[0m _identify(lerobot/src/lerobot/policies/act) by extension 'colcon_meta'
[0.207s] [34mcolcon.colcon_core.package_identification[0m [1;30mLevel 1[0m _identify(lerobot/src/lerobot/policies/act) by extensions ['ros']
[0.207s] [34mcolcon.colcon_core.package_identification[0m [1;30mLevel 1[0m _identify(lerobot/src/lerobot/policies/act) by extension 'ros'
[0.207s] [34mcolcon.colcon_core.package_identification[0m [1;30mLevel 1[0m _identify(lerobot/src/lerobot/policies/act) by extensions ['cmake', 'python']
[0.207s] [34mcolcon.colcon_core.package_identification[0m [1;30mLevel 1[0m _identify(lerobot/src/lerobot/policies/act) by extension 'cmake'
[0.207s] [34mcolcon.colcon_core.package_identification[0m [1;30mLevel 1[0m _identify(lerobot/src/lerobot/policies/act) by extension 'python'
[0.207s] [34mcolcon.colcon_core.package_identification[0m [1;30mLevel 1[0m _identify(lerobot/src/lerobot/policies/act) by extensions ['python_setup_py']
[0.207s] [34mcolcon.colcon_core.package_identification[0m [1;30mLevel 1[0m _identify(lerobot/src/lerobot/policies/act) by extension 'python_setup_py'
[0.207s] [34mcolcon.colcon_core.package_identification[0m [1;30mLevel 1[0m _identify(lerobot/src/lerobot/policies/diffusion) by extensions ['ignore', 'ignore_ament_install']
[0.208s] [34mcolcon.colcon_core.package_identification[0m [1;30mLevel 1[0m _identify(lerobot/src/lerobot/policies/diffusion) by extension 'ignore'
[0.208s] [34mcolcon.colcon_core.package_identification[0m [1;30mLevel 1[0m _identify(lerobot/src/lerobot/policies/diffusion) by extension 'ignore_ament_install'
[0.208s] [34mcolcon.colcon_core.package_identification[0m [1;30mLevel 1[0m _identify(lerobot/src/lerobot/policies/diffusion) by extensions ['colcon_pkg']
[0.208s] [34mcolcon.colcon_core.package_identification[0m [1;30mLevel 1[0m _identify(lerobot/src/lerobot/policies/diffusion) by extension 'colcon_pkg'
[0.208s] [34mcolcon.colcon_core.package_identification[0m [1;30mLevel 1[0m _identify(lerobot/src/lerobot/policies/diffusion) by extensions ['colcon_meta']
[0.208s] [34mcolcon.colcon_core.package_identification[0m [1;30mLevel 1[0m _identify(lerobot/src/lerobot/policies/diffusion) by extension 'colcon_meta'
[0.208s] [34mcolcon.colcon_core.package_identification[0m [1;30mLevel 1[0m _identify(lerobot/src/lerobot/policies/diffusion) by extensions ['ros']
[0.208s] [34mcolcon.colcon_core.package_identification[0m [1;30mLevel 1[0m _identify(lerobot/src/lerobot/policies/diffusion) by extension 'ros'
[0.208s] [34mcolcon.colcon_core.package_identification[0m [1;30mLevel 1[0m _identify(lerobot/src/lerobot/policies/diffusion) by extensions ['cmake', 'python']
[0.208s] [34mcolcon.colcon_core.package_identification[0m [1;30mLevel 1[0m _identify(lerobot/src/lerobot/policies/diffusion) by extension 'cmake'
[0.208s] [34mcolcon.colcon_core.package_identification[0m [1;30mLevel 1[0m _identify(lerobot/src/lerobot/policies/diffusion) by extension 'python'
[0.208s] [34mcolcon.colcon_core.package_identification[0m [1;30mLevel 1[0m _identify(lerobot/src/lerobot/policies/diffusion) by extensions ['python_setup_py']
[0.208s] [34mcolcon.colcon_core.package_identification[0m [1;30mLevel 1[0m _identify(lerobot/src/lerobot/policies/diffusion) by extension 'python_setup_py'
[0.208s] [34mcolcon.colcon_core.package_identification[0m [1;30mLevel 1[0m _identify(lerobot/src/lerobot/policies/groot) by extensions ['ignore', 'ignore_ament_install']
[0.208s] [34mcolcon.colcon_core.package_identification[0m [1;30mLevel 1[0m _identify(lerobot/src/lerobot/policies/groot) by extension 'ignore'
[0.208s] [34mcolcon.colcon_core.package_identification[0m [1;30mLevel 1[0m _identify(lerobot/src/lerobot/policies/groot) by extension 'ignore_ament_install'
[0.208s] [34mcolcon.colcon_core.package_identification[0m [1;30mLevel 1[0m _identify(lerobot/src/lerobot/policies/groot) by extensions ['colcon_pkg']
[0.208s] [34mcolcon.colcon_core.package_identification[0m [1;30mLevel 1[0m _identify(lerobot/src/lerobot/policies/groot) by extension 'colcon_pkg'
[0.208s] [34mcolcon.colcon_core.package_identification[0m [1;30mLevel 1[0m _identify(lerobot/src/lerobot/policies/groot) by extensions ['colcon_meta']
[0.208s] [34mcolcon.colcon_core.package_identification[0m [1;30mLevel 1[0m _identify(lerobot/src/lerobot/policies/groot) by extension 'colcon_meta'
[0.208s] [34mcolcon.colcon_core.package_identification[0m [1;30mLevel 1[0m _identify(lerobot/src/lerobot/policies/groot) by extensions ['ros']
[0.208s] [34mcolcon.colcon_core.package_identification[0m [1;30mLevel 1[0m _identify(lerobot/src/lerobot/policies/groot) by extension 'ros'
[0.208s] [34mcolcon.colcon_core.package_identification[0m [1;30mLevel 1[0m _identify(lerobot/src/lerobot/policies/groot) by extensions ['cmake', 'python']
[0.208s] [34mcolcon.colcon_core.package_identification[0m [1;30mLevel 1[0m _identify(lerobot/src/lerobot/policies/groot) by extension 'cmake'
[0.208s] [34mcolcon.colcon_core.package_identification[0m [1;30mLevel 1[0m _identify(lerobot/src/lerobot/policies/groot) by extension 'python'
[0.208s] [34mcolcon.colcon_core.package_identification[0m [1;30mLevel 1[0m _identify(lerobot/src/lerobot/policies/groot) by extensions ['python_setup_py']
[0.208s] [34mcolcon.colcon_core.package_identification[0m [1;30mLevel 1[0m _identify(lerobot/src/lerobot/policies/groot) by extension 'python_setup_py'
[0.208s] [34mcolcon.colcon_core.package_identification[0m [1;30mLevel 1[0m _identify(lerobot/src/lerobot/policies/groot/action_head) by extensions ['ignore', 'ignore_ament_install']
[0.208s] [34mcolcon.colcon_core.package_identification[0m [1;30mLevel 1[0m _identify(lerobot/src/lerobot/policies/groot/action_head) by extension 'ignore'
[0.208s] [34mcolcon.colcon_core.package_identification[0m [1;30mLevel 1[0m _identify(lerobot/src/lerobot/policies/groot/action_head) by extension 'ignore_ament_install'
[0.208s] [34mcolcon.colcon_core.package_identification[0m [1;30mLevel 1[0m _identify(lerobot/src/lerobot/policies/groot/action_head) by extensions ['colcon_pkg']
[0.208s] [34mcolcon.colcon_core.package_identification[0m [1;30mLevel 1[0m _identify(lerobot/src/lerobot/policies/groot/action_head) by extension 'colcon_pkg'
[0.208s] [34mcolcon.colcon_core.package_identification[0m [1;30mLevel 1[0m _identify(lerobot/src/lerobot/policies/groot/action_head) by extensions ['colcon_meta']
[0.208s] [34mcolcon.colcon_core.package_identification[0m [1;30mLevel 1[0m _identify(lerobot/src/lerobot/policies/groot/action_head) by extension 'colcon_meta'
[0.208s] [34mcolcon.colcon_core.package_identification[0m [1;30mLevel 1[0m _identify(lerobot/src/lerobot/policies/groot/action_head) by extensions ['ros']
[0.208s] [34mcolcon.colcon_core.package_identification[0m [1;30mLevel 1[0m _identify(lerobot/src/lerobot/policies/groot/action_head) by extension 'ros'
[0.208s] [34mcolcon.colcon_core.package_identification[0m [1;30mLevel 1[0m _identify(lerobot/src/lerobot/policies/groot/action_head) by extensions ['cmake', 'python']
[0.208s] [34mcolcon.colcon_core.package_identification[0m [1;30mLevel 1[0m _identify(lerobot/src/lerobot/policies/groot/action_head) by extension 'cmake'
[0.208s] [34mcolcon.colcon_core.package_identification[0m [1;30mLevel 1[0m _identify(lerobot/src/lerobot/policies/groot/action_head) by extension 'python'
[0.208s] [34mcolcon.colcon_core.package_identification[0m [1;30mLevel 1[0m _identify(lerobot/src/lerobot/policies/groot/action_head) by extensions ['python_setup_py']
[0.208s] [34mcolcon.colcon_core.package_identification[0m [1;30mLevel 1[0m _identify(lerobot/src/lerobot/policies/groot/action_head) by extension 'python_setup_py'
[0.208s] [34mcolcon.colcon_core.package_identification[0m [1;30mLevel 1[0m _identify(lerobot/src/lerobot/policies/groot/eagle2_hg_model) by extensions ['ignore', 'ignore_ament_install']
[0.208s] [34mcolcon.colcon_core.package_identification[0m [1;30mLevel 1[0m _identify(lerobot/src/lerobot/policies/groot/eagle2_hg_model) by extension 'ignore'
[0.208s] [34mcolcon.colcon_core.package_identification[0m [1;30mLevel 1[0m _identify(lerobot/src/lerobot/policies/groot/eagle2_hg_model) by extension 'ignore_ament_install'
[0.208s] [34mcolcon.colcon_core.package_identification[0m [1;30mLevel 1[0m _identify(lerobot/src/lerobot/policies/groot/eagle2_hg_model) by extensions ['colcon_pkg']
[0.208s] [34mcolcon.colcon_core.package_identification[0m [1;30mLevel 1[0m _identify(lerobot/src/lerobot/policies/groot/eagle2_hg_model) by extension 'colcon_pkg'
[0.208s] [34mcolcon.colcon_core.package_identification[0m [1;30mLevel 1[0m _identify(lerobot/src/lerobot/policies/groot/eagle2_hg_model) by extensions ['colcon_meta']
[0.208s] [34mcolcon.colcon_core.package_identification[0m [1;30mLevel 1[0m _identify(lerobot/src/lerobot/policies/groot/eagle2_hg_model) by extension 'colcon_meta'
[0.208s] [34mcolcon.colcon_core.package_identification[0m [1;30mLevel 1[0m _identify(lerobot/src/lerobot/policies/groot/eagle2_hg_model) by extensions ['ros']
[0.208s] [34mcolcon.colcon_core.package_identification[0m [1;30mLevel 1[0m _identify(lerobot/src/lerobot/policies/groot/eagle2_hg_model) by extension 'ros'
[0.208s] [34mcolcon.colcon_core.package_identification[0m [1;30mLevel 1[0m _identify(lerobot/src/lerobot/policies/groot/eagle2_hg_model) by extensions ['cmake', 'python']
[0.208s] [34mcolcon.colcon_core.package_identification[0m [1;30mLevel 1[0m _identify(lerobot/src/lerobot/policies/groot/eagle2_hg_model) by extension 'cmake'
[0.208s] [34mcolcon.colcon_core.package_identification[0m [1;30mLevel 1[0m _identify(lerobot/src/lerobot/policies/groot/eagle2_hg_model) by extension 'python'
[0.209s] [34mcolcon.colcon_core.package_identification[0m [1;30mLevel 1[0m _identify(lerobot/src/lerobot/policies/groot/eagle2_hg_model) by extensions ['python_setup_py']
[0.209s] [34mcolcon.colcon_core.package_identification[0m [1;30mLevel 1[0m _identify(lerobot/src/lerobot/policies/groot/eagle2_hg_model) by extension 'python_setup_py'
[0.209s] [34mcolcon.colcon_core.package_identification[0m [1;30mLevel 1[0m _identify(lerobot/src/lerobot/policies/pi0) by extensions ['ignore', 'ignore_ament_install']
[0.209s] [34mcolcon.colcon_core.package_identification[0m [1;30mLevel 1[0m _identify(lerobot/src/lerobot/policies/pi0) by extension 'ignore'
[0.209s] [34mcolcon.colcon_core.package_identification[0m [1;30mLevel 1[0m _identify(lerobot/src/lerobot/policies/pi0) by extension 'ignore_ament_install'
[0.209s] [34mcolcon.colcon_core.package_identification[0m [1;30mLevel 1[0m _identify(lerobot/src/lerobot/policies/pi0) by extensions ['colcon_pkg']
[0.209s] [34mcolcon.colcon_core.package_identification[0m [1;30mLevel 1[0m _identify(lerobot/src/lerobot/policies/pi0) by extension 'colcon_pkg'
[0.209s] [34mcolcon.colcon_core.package_identification[0m [1;30mLevel 1[0m _identify(lerobot/src/lerobot/policies/pi0) by extensions ['colcon_meta']
[0.209s] [34mcolcon.colcon_core.package_identification[0m [1;30mLevel 1[0m _identify(lerobot/src/lerobot/policies/pi0) by extension 'colcon_meta'
[0.209s] [34mcolcon.colcon_core.package_identification[0m [1;30mLevel 1[0m _identify(lerobot/src/lerobot/policies/pi0) by extensions ['ros']
[0.209s] [34mcolcon.colcon_core.package_identification[0m [1;30mLevel 1[0m _identify(lerobot/src/lerobot/policies/pi0) by extension 'ros'
[0.209s] [34mcolcon.colcon_core.package_identification[0m [1;30mLevel 1[0m _identify(lerobot/src/lerobot/policies/pi0) by extensions ['cmake', 'python']
[0.209s] [34mcolcon.colcon_core.package_identification[0m [1;30mLevel 1[0m _identify(lerobot/src/lerobot/policies/pi0) by extension 'cmake'
[0.209s] [34mcolcon.colcon_core.package_identification[0m [1;30mLevel 1[0m _identify(lerobot/src/lerobot/policies/pi0) by extension 'python'
[0.209s] [34mcolcon.colcon_core.package_identification[0m [1;30mLevel 1[0m _identify(lerobot/src/lerobot/policies/pi0) by extensions ['python_setup_py']
[0.209s] [34mcolcon.colcon_core.package_identification[0m [1;30mLevel 1[0m _identify(lerobot/src/lerobot/policies/pi0) by extension 'python_setup_py'
[0.209s] [34mcolcon.colcon_core.package_identification[0m [1;30mLevel 1[0m _identify(lerobot/src/lerobot/policies/pi05) by extensions ['ignore', 'ignore_ament_install']
[0.209s] [34mcolcon.colcon_core.package_identification[0m [1;30mLevel 1[0m _identify(lerobot/src/lerobot/policies/pi05) by extension 'ignore'
[0.209s] [34mcolcon.colcon_core.package_identification[0m [1;30mLevel 1[0m _identify(lerobot/src/lerobot/policies/pi05) by extension 'ignore_ament_install'
[0.209s] [34mcolcon.colcon_core.package_identification[0m [1;30mLevel 1[0m _identify(lerobot/src/lerobot/policies/pi05) by extensions ['colcon_pkg']
[0.209s] [34mcolcon.colcon_core.package_identification[0m [1;30mLevel 1[0m _identify(lerobot/src/lerobot/policies/pi05) by extension 'colcon_pkg'
[0.209s] [34mcolcon.colcon_core.package_identification[0m [1;30mLevel 1[0m _identify(lerobot/src/lerobot/policies/pi05) by extensions ['colcon_meta']
[0.209s] [34mcolcon.colcon_core.package_identification[0m [1;30mLevel 1[0m _identify(lerobot/src/lerobot/policies/pi05) by extension 'colcon_meta'
[0.209s] [34mcolcon.colcon_core.package_identification[0m [1;30mLevel 1[0m _identify(lerobot/src/lerobot/policies/pi05) by extensions ['ros']
[0.209s] [34mcolcon.colcon_core.package_identification[0m [1;30mLevel 1[0m _identify(lerobot/src/lerobot/policies/pi05) by extension 'ros'
[0.209s] [34mcolcon.colcon_core.package_identification[0m [1;30mLevel 1[0m _identify(lerobot/src/lerobot/policies/pi05) by extensions ['cmake', 'python']
[0.209s] [34mcolcon.colcon_core.package_identification[0m [1;30mLevel 1[0m _identify(lerobot/src/lerobot/policies/pi05) by extension 'cmake'
[0.209s] [34mcolcon.colcon_core.package_identification[0m [1;30mLevel 1[0m _identify(lerobot/src/lerobot/policies/pi05) by extension 'python'
[0.209s] [34mcolcon.colcon_core.package_identification[0m [1;30mLevel 1[0m _identify(lerobot/src/lerobot/policies/pi05) by extensions ['python_setup_py']
[0.209s] [34mcolcon.colcon_core.package_identification[0m [1;30mLevel 1[0m _identify(lerobot/src/lerobot/policies/pi05) by extension 'python_setup_py'
[0.209s] [34mcolcon.colcon_core.package_identification[0m [1;30mLevel 1[0m _identify(lerobot/src/lerobot/policies/rtc) by extensions ['ignore', 'ignore_ament_install']
[0.209s] [34mcolcon.colcon_core.package_identification[0m [1;30mLevel 1[0m _identify(lerobot/src/lerobot/policies/rtc) by extension 'ignore'
[0.209s] [34mcolcon.colcon_core.package_identification[0m [1;30mLevel 1[0m _identify(lerobot/src/lerobot/policies/rtc) by extension 'ignore_ament_install'
[0.209s] [34mcolcon.colcon_core.package_identification[0m [1;30mLevel 1[0m _identify(lerobot/src/lerobot/policies/rtc) by extensions ['colcon_pkg']
[0.209s] [34mcolcon.colcon_core.package_identification[0m [1;30mLevel 1[0m _identify(lerobot/src/lerobot/policies/rtc) by extension 'colcon_pkg'
[0.209s] [34mcolcon.colcon_core.package_identification[0m [1;30mLevel 1[0m _identify(lerobot/src/lerobot/policies/rtc) by extensions ['colcon_meta']
[0.209s] [34mcolcon.colcon_core.package_identification[0m [1;30mLevel 1[0m _identify(lerobot/src/lerobot/policies/rtc) by extension 'colcon_meta'
[0.209s] [34mcolcon.colcon_core.package_identification[0m [1;30mLevel 1[0m _identify(lerobot/src/lerobot/policies/rtc) by extensions ['ros']
[0.209s] [34mcolcon.colcon_core.package_identification[0m [1;30mLevel 1[0m _identify(lerobot/src/lerobot/policies/rtc) by extension 'ros'
[0.209s] [34mcolcon.colcon_core.package_identification[0m [1;30mLevel 1[0m _identify(lerobot/src/lerobot/policies/rtc) by extensions ['cmake', 'python']
[0.209s] [34mcolcon.colcon_core.package_identification[0m [1;30mLevel 1[0m _identify(lerobot/src/lerobot/policies/rtc) by extension 'cmake'
[0.209s] [34mcolcon.colcon_core.package_identification[0m [1;30mLevel 1[0m _identify(lerobot/src/lerobot/policies/rtc) by extension 'python'
[0.209s] [34mcolcon.colcon_core.package_identification[0m [1;30mLevel 1[0m _identify(lerobot/src/lerobot/policies/rtc) by extensions ['python_setup_py']
[0.209s] [34mcolcon.colcon_core.package_identification[0m [1;30mLevel 1[0m _identify(lerobot/src/lerobot/policies/rtc) by extension 'python_setup_py'
[0.209s] [34mcolcon.colcon_core.package_identification[0m [1;30mLevel 1[0m _identify(lerobot/src/lerobot/policies/sac) by extensions ['ignore', 'ignore_ament_install']
[0.209s] [34mcolcon.colcon_core.package_identification[0m [1;30mLevel 1[0m _identify(lerobot/src/lerobot/policies/sac) by extension 'ignore'
[0.209s] [34mcolcon.colcon_core.package_identification[0m [1;30mLevel 1[0m _identify(lerobot/src/lerobot/policies/sac) by extension 'ignore_ament_install'
[0.209s] [34mcolcon.colcon_core.package_identification[0m [1;30mLevel 1[0m _identify(lerobot/src/lerobot/policies/sac) by extensions ['colcon_pkg']
[0.209s] [34mcolcon.colcon_core.package_identification[0m [1;30mLevel 1[0m _identify(lerobot/src/lerobot/policies/sac) by extension 'colcon_pkg'
[0.209s] [34mcolcon.colcon_core.package_identification[0m [1;30mLevel 1[0m _identify(lerobot/src/lerobot/policies/sac) by extensions ['colcon_meta']
[0.209s] [34mcolcon.colcon_core.package_identification[0m [1;30mLevel 1[0m _identify(lerobot/src/lerobot/policies/sac) by extension 'colcon_meta'
[0.210s] [34mcolcon.colcon_core.package_identification[0m [1;30mLevel 1[0m _identify(lerobot/src/lerobot/policies/sac) by extensions ['ros']
[0.210s] [34mcolcon.colcon_core.package_identification[0m [1;30mLevel 1[0m _identify(lerobot/src/lerobot/policies/sac) by extension 'ros'
[0.210s] [34mcolcon.colcon_core.package_identification[0m [1;30mLevel 1[0m _identify(lerobot/src/lerobot/policies/sac) by extensions ['cmake', 'python']
[0.210s] [34mcolcon.colcon_core.package_identification[0m [1;30mLevel 1[0m _identify(lerobot/src/lerobot/policies/sac) by extension 'cmake'
[0.210s] [34mcolcon.colcon_core.package_identification[0m [1;30mLevel 1[0m _identify(lerobot/src/lerobot/policies/sac) by extension 'python'
[0.210s] [34mcolcon.colcon_core.package_identification[0m [1;30mLevel 1[0m _identify(lerobot/src/lerobot/policies/sac) by extensions ['python_setup_py']
[0.210s] [34mcolcon.colcon_core.package_identification[0m [1;30mLevel 1[0m _identify(lerobot/src/lerobot/policies/sac) by extension 'python_setup_py'
[0.210s] [34mcolcon.colcon_core.package_identification[0m [1;30mLevel 1[0m _identify(lerobot/src/lerobot/policies/sac/reward_model) by extensions ['ignore', 'ignore_ament_install']
[0.210s] [34mcolcon.colcon_core.package_identification[0m [1;30mLevel 1[0m _identify(lerobot/src/lerobot/policies/sac/reward_model) by extension 'ignore'
[0.210s] [34mcolcon.colcon_core.package_identification[0m [1;30mLevel 1[0m _identify(lerobot/src/lerobot/policies/sac/reward_model) by extension 'ignore_ament_install'
[0.210s] [34mcolcon.colcon_core.package_identification[0m [1;30mLevel 1[0m _identify(lerobot/src/lerobot/policies/sac/reward_model) by extensions ['colcon_pkg']
[0.210s] [34mcolcon.colcon_core.package_identification[0m [1;30mLevel 1[0m _identify(lerobot/src/lerobot/policies/sac/reward_model) by extension 'colcon_pkg'
[0.210s] [34mcolcon.colcon_core.package_identification[0m [1;30mLevel 1[0m _identify(lerobot/src/lerobot/policies/sac/reward_model) by extensions ['colcon_meta']
[0.210s] [34mcolcon.colcon_core.package_identification[0m [1;30mLevel 1[0m _identify(lerobot/src/lerobot/policies/sac/reward_model) by extension 'colcon_meta'
[0.210s] [34mcolcon.colcon_core.package_identification[0m [1;30mLevel 1[0m _identify(lerobot/src/lerobot/policies/sac/reward_model) by extensions ['ros']
[0.210s] [34mcolcon.colcon_core.package_identification[0m [1;30mLevel 1[0m _identify(lerobot/src/lerobot/policies/sac/reward_model) by extension 'ros'
[0.210s] [34mcolcon.colcon_core.package_identification[0m [1;30mLevel 1[0m _identify(lerobot/src/lerobot/policies/sac/reward_model) by extensions ['cmake', 'python']
[0.210s] [34mcolcon.colcon_core.package_identification[0m [1;30mLevel 1[0m _identify(lerobot/src/lerobot/policies/sac/reward_model) by extension 'cmake'
[0.210s] [34mcolcon.colcon_core.package_identification[0m [1;30mLevel 1[0m _identify(lerobot/src/lerobot/policies/sac/reward_model) by extension 'python'
[0.210s] [34mcolcon.colcon_core.package_identification[0m [1;30mLevel 1[0m _identify(lerobot/src/lerobot/policies/sac/reward_model) by extensions ['python_setup_py']
[0.210s] [34mcolcon.colcon_core.package_identification[0m [1;30mLevel 1[0m _identify(lerobot/src/lerobot/policies/sac/reward_model) by extension 'python_setup_py'
[0.210s] [34mcolcon.colcon_core.package_identification[0m [1;30mLevel 1[0m _identify(lerobot/src/lerobot/policies/smolvla) by extensions ['ignore', 'ignore_ament_install']
[0.210s] [34mcolcon.colcon_core.package_identification[0m [1;30mLevel 1[0m _identify(lerobot/src/lerobot/policies/smolvla) by extension 'ignore'
[0.210s] [34mcolcon.colcon_core.package_identification[0m [1;30mLevel 1[0m _identify(lerobot/src/lerobot/policies/smolvla) by extension 'ignore_ament_install'
[0.210s] [34mcolcon.colcon_core.package_identification[0m [1;30mLevel 1[0m _identify(lerobot/src/lerobot/policies/smolvla) by extensions ['colcon_pkg']
[0.210s] [34mcolcon.colcon_core.package_identification[0m [1;30mLevel 1[0m _identify(lerobot/src/lerobot/policies/smolvla) by extension 'colcon_pkg'
[0.210s] [34mcolcon.colcon_core.package_identification[0m [1;30mLevel 1[0m _identify(lerobot/src/lerobot/policies/smolvla) by extensions ['colcon_meta']
[0.210s] [34mcolcon.colcon_core.package_identification[0m [1;30mLevel 1[0m _identify(lerobot/src/lerobot/policies/smolvla) by extension 'colcon_meta'
[0.210s] [34mcolcon.colcon_core.package_identification[0m [1;30mLevel 1[0m _identify(lerobot/src/lerobot/policies/smolvla) by extensions ['ros']
[0.210s] [34mcolcon.colcon_core.package_identification[0m [1;30mLevel 1[0m _identify(lerobot/src/lerobot/policies/smolvla) by extension 'ros'
[0.210s] [34mcolcon.colcon_core.package_identification[0m [1;30mLevel 1[0m _identify(lerobot/src/lerobot/policies/smolvla) by extensions ['cmake', 'python']
[0.210s] [34mcolcon.colcon_core.package_identification[0m [1;30mLevel 1[0m _identify(lerobot/src/lerobot/policies/smolvla) by extension 'cmake'
[0.210s] [34mcolcon.colcon_core.package_identification[0m [1;30mLevel 1[0m _identify(lerobot/src/lerobot/policies/smolvla) by extension 'python'
[0.210s] [34mcolcon.colcon_core.package_identification[0m [1;30mLevel 1[0m _identify(lerobot/src/lerobot/policies/smolvla) by extensions ['python_setup_py']
[0.210s] [34mcolcon.colcon_core.package_identification[0m [1;30mLevel 1[0m _identify(lerobot/src/lerobot/policies/smolvla) by extension 'python_setup_py'
[0.210s] [34mcolcon.colcon_core.package_identification[0m [1;30mLevel 1[0m _identify(lerobot/src/lerobot/policies/tdmpc) by extensions ['ignore', 'ignore_ament_install']
[0.210s] [34mcolcon.colcon_core.package_identification[0m [1;30mLevel 1[0m _identify(lerobot/src/lerobot/policies/tdmpc) by extension 'ignore'
[0.210s] [34mcolcon.colcon_core.package_identification[0m [1;30mLevel 1[0m _identify(lerobot/src/lerobot/policies/tdmpc) by extension 'ignore_ament_install'
[0.210s] [34mcolcon.colcon_core.package_identification[0m [1;30mLevel 1[0m _identify(lerobot/src/lerobot/policies/tdmpc) by extensions ['colcon_pkg']
[0.210s] [34mcolcon.colcon_core.package_identification[0m [1;30mLevel 1[0m _identify(lerobot/src/lerobot/policies/tdmpc) by extension 'colcon_pkg'
[0.210s] [34mcolcon.colcon_core.package_identification[0m [1;30mLevel 1[0m _identify(lerobot/src/lerobot/policies/tdmpc) by extensions ['colcon_meta']
[0.210s] [34mcolcon.colcon_core.package_identification[0m [1;30mLevel 1[0m _identify(lerobot/src/lerobot/policies/tdmpc) by extension 'colcon_meta'
[0.210s] [34mcolcon.colcon_core.package_identification[0m [1;30mLevel 1[0m _identify(lerobot/src/lerobot/policies/tdmpc) by extensions ['ros']
[0.210s] [34mcolcon.colcon_core.package_identification[0m [1;30mLevel 1[0m _identify(lerobot/src/lerobot/policies/tdmpc) by extension 'ros'
[0.210s] [34mcolcon.colcon_core.package_identification[0m [1;30mLevel 1[0m _identify(lerobot/src/lerobot/policies/tdmpc) by extensions ['cmake', 'python']
[0.210s] [34mcolcon.colcon_core.package_identification[0m [1;30mLevel 1[0m _identify(lerobot/src/lerobot/policies/tdmpc) by extension 'cmake'
[0.210s] [34mcolcon.colcon_core.package_identification[0m [1;30mLevel 1[0m _identify(lerobot/src/lerobot/policies/tdmpc) by extension 'python'
[0.210s] [34mcolcon.colcon_core.package_identification[0m [1;30mLevel 1[0m _identify(lerobot/src/lerobot/policies/tdmpc) by extensions ['python_setup_py']
[0.210s] [34mcolcon.colcon_core.package_identification[0m [1;30mLevel 1[0m _identify(lerobot/src/lerobot/policies/tdmpc) by extension 'python_setup_py'
[0.210s] [34mcolcon.colcon_core.package_identification[0m [1;30mLevel 1[0m _identify(lerobot/src/lerobot/policies/vqbet) by extensions ['ignore', 'ignore_ament_install']
[0.211s] [34mcolcon.colcon_core.package_identification[0m [1;30mLevel 1[0m _identify(lerobot/src/lerobot/policies/vqbet) by extension 'ignore'
[0.211s] [34mcolcon.colcon_core.package_identification[0m [1;30mLevel 1[0m _identify(lerobot/src/lerobot/policies/vqbet) by extension 'ignore_ament_install'
[0.211s] [34mcolcon.colcon_core.package_identification[0m [1;30mLevel 1[0m _identify(lerobot/src/lerobot/policies/vqbet) by extensions ['colcon_pkg']
[0.211s] [34mcolcon.colcon_core.package_identification[0m [1;30mLevel 1[0m _identify(lerobot/src/lerobot/policies/vqbet) by extension 'colcon_pkg'
[0.211s] [34mcolcon.colcon_core.package_identification[0m [1;30mLevel 1[0m _identify(lerobot/src/lerobot/policies/vqbet) by extensions ['colcon_meta']
[0.211s] [34mcolcon.colcon_core.package_identification[0m [1;30mLevel 1[0m _identify(lerobot/src/lerobot/policies/vqbet) by extension 'colcon_meta'
[0.211s] [34mcolcon.colcon_core.package_identification[0m [1;30mLevel 1[0m _identify(lerobot/src/lerobot/policies/vqbet) by extensions ['ros']
[0.211s] [34mcolcon.colcon_core.package_identification[0m [1;30mLevel 1[0m _identify(lerobot/src/lerobot/policies/vqbet) by extension 'ros'
[0.211s] [34mcolcon.colcon_core.package_identification[0m [1;30mLevel 1[0m _identify(lerobot/src/lerobot/policies/vqbet) by extensions ['cmake', 'python']
[0.211s] [34mcolcon.colcon_core.package_identification[0m [1;30mLevel 1[0m _identify(lerobot/src/lerobot/policies/vqbet) by extension 'cmake'
[0.211s] [34mcolcon.colcon_core.package_identification[0m [1;30mLevel 1[0m _identify(lerobot/src/lerobot/policies/vqbet) by extension 'python'
[0.211s] [34mcolcon.colcon_core.package_identification[0m [1;30mLevel 1[0m _identify(lerobot/src/lerobot/policies/vqbet) by extensions ['python_setup_py']
[0.211s] [34mcolcon.colcon_core.package_identification[0m [1;30mLevel 1[0m _identify(lerobot/src/lerobot/policies/vqbet) by extension 'python_setup_py'
[0.211s] [34mcolcon.colcon_core.package_identification[0m [1;30mLevel 1[0m _identify(lerobot/src/lerobot/processor) by extensions ['ignore', 'ignore_ament_install']
[0.211s] [34mcolcon.colcon_core.package_identification[0m [1;30mLevel 1[0m _identify(lerobot/src/lerobot/processor) by extension 'ignore'
[0.211s] [34mcolcon.colcon_core.package_identification[0m [1;30mLevel 1[0m _identify(lerobot/src/lerobot/processor) by extension 'ignore_ament_install'
[0.211s] [34mcolcon.colcon_core.package_identification[0m [1;30mLevel 1[0m _identify(lerobot/src/lerobot/processor) by extensions ['colcon_pkg']
[0.211s] [34mcolcon.colcon_core.package_identification[0m [1;30mLevel 1[0m _identify(lerobot/src/lerobot/processor) by extension 'colcon_pkg'
[0.211s] [34mcolcon.colcon_core.package_identification[0m [1;30mLevel 1[0m _identify(lerobot/src/lerobot/processor) by extensions ['colcon_meta']
[0.211s] [34mcolcon.colcon_core.package_identification[0m [1;30mLevel 1[0m _identify(lerobot/src/lerobot/processor) by extension 'colcon_meta'
[0.211s] [34mcolcon.colcon_core.package_identification[0m [1;30mLevel 1[0m _identify(lerobot/src/lerobot/processor) by extensions ['ros']
[0.211s] [34mcolcon.colcon_core.package_identification[0m [1;30mLevel 1[0m _identify(lerobot/src/lerobot/processor) by extension 'ros'
[0.211s] [34mcolcon.colcon_core.package_identification[0m [1;30mLevel 1[0m _identify(lerobot/src/lerobot/processor) by extensions ['cmake', 'python']
[0.211s] [34mcolcon.colcon_core.package_identification[0m [1;30mLevel 1[0m _identify(lerobot/src/lerobot/processor) by extension 'cmake'
[0.211s] [34mcolcon.colcon_core.package_identification[0m [1;30mLevel 1[0m _identify(lerobot/src/lerobot/processor) by extension 'python'
[0.211s] [34mcolcon.colcon_core.package_identification[0m [1;30mLevel 1[0m _identify(lerobot/src/lerobot/processor) by extensions ['python_setup_py']
[0.211s] [34mcolcon.colcon_core.package_identification[0m [1;30mLevel 1[0m _identify(lerobot/src/lerobot/processor) by extension 'python_setup_py'
[0.211s] [34mcolcon.colcon_core.package_identification[0m [1;30mLevel 1[0m _identify(lerobot/src/lerobot/rl) by extensions ['ignore', 'ignore_ament_install']
[0.211s] [34mcolcon.colcon_core.package_identification[0m [1;30mLevel 1[0m _identify(lerobot/src/lerobot/rl) by extension 'ignore'
[0.211s] [34mcolcon.colcon_core.package_identification[0m [1;30mLevel 1[0m _identify(lerobot/src/lerobot/rl) by extension 'ignore_ament_install'
[0.211s] [34mcolcon.colcon_core.package_identification[0m [1;30mLevel 1[0m _identify(lerobot/src/lerobot/rl) by extensions ['colcon_pkg']
[0.211s] [34mcolcon.colcon_core.package_identification[0m [1;30mLevel 1[0m _identify(lerobot/src/lerobot/rl) by extension 'colcon_pkg'
[0.211s] [34mcolcon.colcon_core.package_identification[0m [1;30mLevel 1[0m _identify(lerobot/src/lerobot/rl) by extensions ['colcon_meta']
[0.211s] [34mcolcon.colcon_core.package_identification[0m [1;30mLevel 1[0m _identify(lerobot/src/lerobot/rl) by extension 'colcon_meta'
[0.211s] [34mcolcon.colcon_core.package_identification[0m [1;30mLevel 1[0m _identify(lerobot/src/lerobot/rl) by extensions ['ros']
[0.211s] [34mcolcon.colcon_core.package_identification[0m [1;30mLevel 1[0m _identify(lerobot/src/lerobot/rl) by extension 'ros'
[0.211s] [34mcolcon.colcon_core.package_identification[0m [1;30mLevel 1[0m _identify(lerobot/src/lerobot/rl) by extensions ['cmake', 'python']
[0.211s] [34mcolcon.colcon_core.package_identification[0m [1;30mLevel 1[0m _identify(lerobot/src/lerobot/rl) by extension 'cmake'
[0.211s] [34mcolcon.colcon_core.package_identification[0m [1;30mLevel 1[0m _identify(lerobot/src/lerobot/rl) by extension 'python'
[0.211s] [34mcolcon.colcon_core.package_identification[0m [1;30mLevel 1[0m _identify(lerobot/src/lerobot/rl) by extensions ['python_setup_py']
[0.211s] [34mcolcon.colcon_core.package_identification[0m [1;30mLevel 1[0m _identify(lerobot/src/lerobot/rl) by extension 'python_setup_py'
[0.211s] [34mcolcon.colcon_core.package_identification[0m [1;30mLevel 1[0m _identify(lerobot/src/lerobot/robots) by extensions ['ignore', 'ignore_ament_install']
[0.211s] [34mcolcon.colcon_core.package_identification[0m [1;30mLevel 1[0m _identify(lerobot/src/lerobot/robots) by extension 'ignore'
[0.211s] [34mcolcon.colcon_core.package_identification[0m [1;30mLevel 1[0m _identify(lerobot/src/lerobot/robots) by extension 'ignore_ament_install'
[0.211s] [34mcolcon.colcon_core.package_identification[0m [1;30mLevel 1[0m _identify(lerobot/src/lerobot/robots) by extensions ['colcon_pkg']
[0.211s] [34mcolcon.colcon_core.package_identification[0m [1;30mLevel 1[0m _identify(lerobot/src/lerobot/robots) by extension 'colcon_pkg'
[0.211s] [34mcolcon.colcon_core.package_identification[0m [1;30mLevel 1[0m _identify(lerobot/src/lerobot/robots) by extensions ['colcon_meta']
[0.211s] [34mcolcon.colcon_core.package_identification[0m [1;30mLevel 1[0m _identify(lerobot/src/lerobot/robots) by extension 'colcon_meta'
[0.211s] [34mcolcon.colcon_core.package_identification[0m [1;30mLevel 1[0m _identify(lerobot/src/lerobot/robots) by extensions ['ros']
[0.211s] [34mcolcon.colcon_core.package_identification[0m [1;30mLevel 1[0m _identify(lerobot/src/lerobot/robots) by extension 'ros'
[0.211s] [34mcolcon.colcon_core.package_identification[0m [1;30mLevel 1[0m _identify(lerobot/src/lerobot/robots) by extensions ['cmake', 'python']
[0.211s] [34mcolcon.colcon_core.package_identification[0m [1;30mLevel 1[0m _identify(lerobot/src/lerobot/robots) by extension 'cmake'
[0.211s] [34mcolcon.colcon_core.package_identification[0m [1;30mLevel 1[0m _identify(lerobot/src/lerobot/robots) by extension 'python'
[0.211s] [34mcolcon.colcon_core.package_identification[0m [1;30mLevel 1[0m _identify(lerobot/src/lerobot/robots) by extensions ['python_setup_py']
[0.211s] [34mcolcon.colcon_core.package_identification[0m [1;30mLevel 1[0m _identify(lerobot/src/lerobot/robots) by extension 'python_setup_py'
[0.212s] [34mcolcon.colcon_core.package_identification[0m [1;30mLevel 1[0m _identify(lerobot/src/lerobot/robots/__pycache__) by extensions ['ignore', 'ignore_ament_install']
[0.212s] [34mcolcon.colcon_core.package_identification[0m [1;30mLevel 1[0m _identify(lerobot/src/lerobot/robots/__pycache__) by extension 'ignore'
[0.212s] [34mcolcon.colcon_core.package_identification[0m [1;30mLevel 1[0m _identify(lerobot/src/lerobot/robots/__pycache__) by extension 'ignore_ament_install'
[0.212s] [34mcolcon.colcon_core.package_identification[0m [1;30mLevel 1[0m _identify(lerobot/src/lerobot/robots/__pycache__) by extensions ['colcon_pkg']
[0.212s] [34mcolcon.colcon_core.package_identification[0m [1;30mLevel 1[0m _identify(lerobot/src/lerobot/robots/__pycache__) by extension 'colcon_pkg'
[0.212s] [34mcolcon.colcon_core.package_identification[0m [1;30mLevel 1[0m _identify(lerobot/src/lerobot/robots/__pycache__) by extensions ['colcon_meta']
[0.212s] [34mcolcon.colcon_core.package_identification[0m [1;30mLevel 1[0m _identify(lerobot/src/lerobot/robots/__pycache__) by extension 'colcon_meta'
[0.212s] [34mcolcon.colcon_core.package_identification[0m [1;30mLevel 1[0m _identify(lerobot/src/lerobot/robots/__pycache__) by extensions ['ros']
[0.212s] [34mcolcon.colcon_core.package_identification[0m [1;30mLevel 1[0m _identify(lerobot/src/lerobot/robots/__pycache__) by extension 'ros'
[0.212s] [34mcolcon.colcon_core.package_identification[0m [1;30mLevel 1[0m _identify(lerobot/src/lerobot/robots/__pycache__) by extensions ['cmake', 'python']
[0.212s] [34mcolcon.colcon_core.package_identification[0m [1;30mLevel 1[0m _identify(lerobot/src/lerobot/robots/__pycache__) by extension 'cmake'
[0.212s] [34mcolcon.colcon_core.package_identification[0m [1;30mLevel 1[0m _identify(lerobot/src/lerobot/robots/__pycache__) by extension 'python'
[0.212s] [34mcolcon.colcon_core.package_identification[0m [1;30mLevel 1[0m _identify(lerobot/src/lerobot/robots/__pycache__) by extensions ['python_setup_py']
[0.212s] [34mcolcon.colcon_core.package_identification[0m [1;30mLevel 1[0m _identify(lerobot/src/lerobot/robots/__pycache__) by extension 'python_setup_py'
[0.212s] [34mcolcon.colcon_core.package_identification[0m [1;30mLevel 1[0m _identify(lerobot/src/lerobot/robots/bi_so100_follower) by extensions ['ignore', 'ignore_ament_install']
[0.212s] [34mcolcon.colcon_core.package_identification[0m [1;30mLevel 1[0m _identify(lerobot/src/lerobot/robots/bi_so100_follower) by extension 'ignore'
[0.212s] [34mcolcon.colcon_core.package_identification[0m [1;30mLevel 1[0m _identify(lerobot/src/lerobot/robots/bi_so100_follower) by extension 'ignore_ament_install'
[0.212s] [34mcolcon.colcon_core.package_identification[0m [1;30mLevel 1[0m _identify(lerobot/src/lerobot/robots/bi_so100_follower) by extensions ['colcon_pkg']
[0.212s] [34mcolcon.colcon_core.package_identification[0m [1;30mLevel 1[0m _identify(lerobot/src/lerobot/robots/bi_so100_follower) by extension 'colcon_pkg'
[0.212s] [34mcolcon.colcon_core.package_identification[0m [1;30mLevel 1[0m _identify(lerobot/src/lerobot/robots/bi_so100_follower) by extensions ['colcon_meta']
[0.212s] [34mcolcon.colcon_core.package_identification[0m [1;30mLevel 1[0m _identify(lerobot/src/lerobot/robots/bi_so100_follower) by extension 'colcon_meta'
[0.212s] [34mcolcon.colcon_core.package_identification[0m [1;30mLevel 1[0m _identify(lerobot/src/lerobot/robots/bi_so100_follower) by extensions ['ros']
[0.212s] [34mcolcon.colcon_core.package_identification[0m [1;30mLevel 1[0m _identify(lerobot/src/lerobot/robots/bi_so100_follower) by extension 'ros'
[0.212s] [34mcolcon.colcon_core.package_identification[0m [1;30mLevel 1[0m _identify(lerobot/src/lerobot/robots/bi_so100_follower) by extensions ['cmake', 'python']
[0.212s] [34mcolcon.colcon_core.package_identification[0m [1;30mLevel 1[0m _identify(lerobot/src/lerobot/robots/bi_so100_follower) by extension 'cmake'
[0.212s] [34mcolcon.colcon_core.package_identification[0m [1;30mLevel 1[0m _identify(lerobot/src/lerobot/robots/bi_so100_follower) by extension 'python'
[0.212s] [34mcolcon.colcon_core.package_identification[0m [1;30mLevel 1[0m _identify(lerobot/src/lerobot/robots/bi_so100_follower) by extensions ['python_setup_py']
[0.212s] [34mcolcon.colcon_core.package_identification[0m [1;30mLevel 1[0m _identify(lerobot/src/lerobot/robots/bi_so100_follower) by extension 'python_setup_py'
[0.212s] [34mcolcon.colcon_core.package_identification[0m [1;30mLevel 1[0m _identify(lerobot/src/lerobot/robots/hope_jr) by extensions ['ignore', 'ignore_ament_install']
[0.212s] [34mcolcon.colcon_core.package_identification[0m [1;30mLevel 1[0m _identify(lerobot/src/lerobot/robots/hope_jr) by extension 'ignore'
[0.212s] [34mcolcon.colcon_core.package_identification[0m [1;30mLevel 1[0m _identify(lerobot/src/lerobot/robots/hope_jr) by extension 'ignore_ament_install'
[0.212s] [34mcolcon.colcon_core.package_identification[0m [1;30mLevel 1[0m _identify(lerobot/src/lerobot/robots/hope_jr) by extensions ['colcon_pkg']
[0.212s] [34mcolcon.colcon_core.package_identification[0m [1;30mLevel 1[0m _identify(lerobot/src/lerobot/robots/hope_jr) by extension 'colcon_pkg'
[0.212s] [34mcolcon.colcon_core.package_identification[0m [1;30mLevel 1[0m _identify(lerobot/src/lerobot/robots/hope_jr) by extensions ['colcon_meta']
[0.212s] [34mcolcon.colcon_core.package_identification[0m [1;30mLevel 1[0m _identify(lerobot/src/lerobot/robots/hope_jr) by extension 'colcon_meta'
[0.212s] [34mcolcon.colcon_core.package_identification[0m [1;30mLevel 1[0m _identify(lerobot/src/lerobot/robots/hope_jr) by extensions ['ros']
[0.212s] [34mcolcon.colcon_core.package_identification[0m [1;30mLevel 1[0m _identify(lerobot/src/lerobot/robots/hope_jr) by extension 'ros'
[0.212s] [34mcolcon.colcon_core.package_identification[0m [1;30mLevel 1[0m _identify(lerobot/src/lerobot/robots/hope_jr) by extensions ['cmake', 'python']
[0.212s] [34mcolcon.colcon_core.package_identification[0m [1;30mLevel 1[0m _identify(lerobot/src/lerobot/robots/hope_jr) by extension 'cmake'
[0.212s] [34mcolcon.colcon_core.package_identification[0m [1;30mLevel 1[0m _identify(lerobot/src/lerobot/robots/hope_jr) by extension 'python'
[0.212s] [34mcolcon.colcon_core.package_identification[0m [1;30mLevel 1[0m _identify(lerobot/src/lerobot/robots/hope_jr) by extensions ['python_setup_py']
[0.212s] [34mcolcon.colcon_core.package_identification[0m [1;30mLevel 1[0m _identify(lerobot/src/lerobot/robots/hope_jr) by extension 'python_setup_py'
[0.212s] [34mcolcon.colcon_core.package_identification[0m [1;30mLevel 1[0m _identify(lerobot/src/lerobot/robots/hope_jr/__pycache__) by extensions ['ignore', 'ignore_ament_install']
[0.212s] [34mcolcon.colcon_core.package_identification[0m [1;30mLevel 1[0m _identify(lerobot/src/lerobot/robots/hope_jr/__pycache__) by extension 'ignore'
[0.212s] [34mcolcon.colcon_core.package_identification[0m [1;30mLevel 1[0m _identify(lerobot/src/lerobot/robots/hope_jr/__pycache__) by extension 'ignore_ament_install'
[0.212s] [34mcolcon.colcon_core.package_identification[0m [1;30mLevel 1[0m _identify(lerobot/src/lerobot/robots/hope_jr/__pycache__) by extensions ['colcon_pkg']
[0.212s] [34mcolcon.colcon_core.package_identification[0m [1;30mLevel 1[0m _identify(lerobot/src/lerobot/robots/hope_jr/__pycache__) by extension 'colcon_pkg'
[0.212s] [34mcolcon.colcon_core.package_identification[0m [1;30mLevel 1[0m _identify(lerobot/src/lerobot/robots/hope_jr/__pycache__) by extensions ['colcon_meta']
[0.212s] [34mcolcon.colcon_core.package_identification[0m [1;30mLevel 1[0m _identify(lerobot/src/lerobot/robots/hope_jr/__pycache__) by extension 'colcon_meta'
[0.212s] [34mcolcon.colcon_core.package_identification[0m [1;30mLevel 1[0m _identify(lerobot/src/lerobot/robots/hope_jr/__pycache__) by extensions ['ros']
[0.212s] [34mcolcon.colcon_core.package_identification[0m [1;30mLevel 1[0m _identify(lerobot/src/lerobot/robots/hope_jr/__pycache__) by extension 'ros'
[0.213s] [34mcolcon.colcon_core.package_identification[0m [1;30mLevel 1[0m _identify(lerobot/src/lerobot/robots/hope_jr/__pycache__) by extensions ['cmake', 'python']
[0.213s] [34mcolcon.colcon_core.package_identification[0m [1;30mLevel 1[0m _identify(lerobot/src/lerobot/robots/hope_jr/__pycache__) by extension 'cmake'
[0.213s] [34mcolcon.colcon_core.package_identification[0m [1;30mLevel 1[0m _identify(lerobot/src/lerobot/robots/hope_jr/__pycache__) by extension 'python'
[0.213s] [34mcolcon.colcon_core.package_identification[0m [1;30mLevel 1[0m _identify(lerobot/src/lerobot/robots/hope_jr/__pycache__) by extensions ['python_setup_py']
[0.213s] [34mcolcon.colcon_core.package_identification[0m [1;30mLevel 1[0m _identify(lerobot/src/lerobot/robots/hope_jr/__pycache__) by extension 'python_setup_py'
[0.213s] [34mcolcon.colcon_core.package_identification[0m [1;30mLevel 1[0m _identify(lerobot/src/lerobot/robots/koch_follower) by extensions ['ignore', 'ignore_ament_install']
[0.213s] [34mcolcon.colcon_core.package_identification[0m [1;30mLevel 1[0m _identify(lerobot/src/lerobot/robots/koch_follower) by extension 'ignore'
[0.213s] [34mcolcon.colcon_core.package_identification[0m [1;30mLevel 1[0m _identify(lerobot/src/lerobot/robots/koch_follower) by extension 'ignore_ament_install'
[0.213s] [34mcolcon.colcon_core.package_identification[0m [1;30mLevel 1[0m _identify(lerobot/src/lerobot/robots/koch_follower) by extensions ['colcon_pkg']
[0.213s] [34mcolcon.colcon_core.package_identification[0m [1;30mLevel 1[0m _identify(lerobot/src/lerobot/robots/koch_follower) by extension 'colcon_pkg'
[0.213s] [34mcolcon.colcon_core.package_identification[0m [1;30mLevel 1[0m _identify(lerobot/src/lerobot/robots/koch_follower) by extensions ['colcon_meta']
[0.213s] [34mcolcon.colcon_core.package_identification[0m [1;30mLevel 1[0m _identify(lerobot/src/lerobot/robots/koch_follower) by extension 'colcon_meta'
[0.213s] [34mcolcon.colcon_core.package_identification[0m [1;30mLevel 1[0m _identify(lerobot/src/lerobot/robots/koch_follower) by extensions ['ros']
[0.213s] [34mcolcon.colcon_core.package_identification[0m [1;30mLevel 1[0m _identify(lerobot/src/lerobot/robots/koch_follower) by extension 'ros'
[0.213s] [34mcolcon.colcon_core.package_identification[0m [1;30mLevel 1[0m _identify(lerobot/src/lerobot/robots/koch_follower) by extensions ['cmake', 'python']
[0.213s] [34mcolcon.colcon_core.package_identification[0m [1;30mLevel 1[0m _identify(lerobot/src/lerobot/robots/koch_follower) by extension 'cmake'
[0.213s] [34mcolcon.colcon_core.package_identification[0m [1;30mLevel 1[0m _identify(lerobot/src/lerobot/robots/koch_follower) by extension 'python'
[0.213s] [34mcolcon.colcon_core.package_identification[0m [1;30mLevel 1[0m _identify(lerobot/src/lerobot/robots/koch_follower) by extensions ['python_setup_py']
[0.213s] [34mcolcon.colcon_core.package_identification[0m [1;30mLevel 1[0m _identify(lerobot/src/lerobot/robots/koch_follower) by extension 'python_setup_py'
[0.213s] [34mcolcon.colcon_core.package_identification[0m [1;30mLevel 1[0m _identify(lerobot/src/lerobot/robots/koch_follower/__pycache__) by extensions ['ignore', 'ignore_ament_install']
[0.213s] [34mcolcon.colcon_core.package_identification[0m [1;30mLevel 1[0m _identify(lerobot/src/lerobot/robots/koch_follower/__pycache__) by extension 'ignore'
[0.213s] [34mcolcon.colcon_core.package_identification[0m [1;30mLevel 1[0m _identify(lerobot/src/lerobot/robots/koch_follower/__pycache__) by extension 'ignore_ament_install'
[0.213s] [34mcolcon.colcon_core.package_identification[0m [1;30mLevel 1[0m _identify(lerobot/src/lerobot/robots/koch_follower/__pycache__) by extensions ['colcon_pkg']
[0.213s] [34mcolcon.colcon_core.package_identification[0m [1;30mLevel 1[0m _identify(lerobot/src/lerobot/robots/koch_follower/__pycache__) by extension 'colcon_pkg'
[0.213s] [34mcolcon.colcon_core.package_identification[0m [1;30mLevel 1[0m _identify(lerobot/src/lerobot/robots/koch_follower/__pycache__) by extensions ['colcon_meta']
[0.213s] [34mcolcon.colcon_core.package_identification[0m [1;30mLevel 1[0m _identify(lerobot/src/lerobot/robots/koch_follower/__pycache__) by extension 'colcon_meta'
[0.213s] [34mcolcon.colcon_core.package_identification[0m [1;30mLevel 1[0m _identify(lerobot/src/lerobot/robots/koch_follower/__pycache__) by extensions ['ros']
[0.213s] [34mcolcon.colcon_core.package_identification[0m [1;30mLevel 1[0m _identify(lerobot/src/lerobot/robots/koch_follower/__pycache__) by extension 'ros'
[0.213s] [34mcolcon.colcon_core.package_identification[0m [1;30mLevel 1[0m _identify(lerobot/src/lerobot/robots/koch_follower/__pycache__) by extensions ['cmake', 'python']
[0.213s] [34mcolcon.colcon_core.package_identification[0m [1;30mLevel 1[0m _identify(lerobot/src/lerobot/robots/koch_follower/__pycache__) by extension 'cmake'
[0.213s] [34mcolcon.colcon_core.package_identification[0m [1;30mLevel 1[0m _identify(lerobot/src/lerobot/robots/koch_follower/__pycache__) by extension 'python'
[0.213s] [34mcolcon.colcon_core.package_identification[0m [1;30mLevel 1[0m _identify(lerobot/src/lerobot/robots/koch_follower/__pycache__) by extensions ['python_setup_py']
[0.213s] [34mcolcon.colcon_core.package_identification[0m [1;30mLevel 1[0m _identify(lerobot/src/lerobot/robots/koch_follower/__pycache__) by extension 'python_setup_py'
[0.213s] [34mcolcon.colcon_core.package_identification[0m [1;30mLevel 1[0m _identify(lerobot/src/lerobot/robots/lekiwi) by extensions ['ignore', 'ignore_ament_install']
[0.213s] [34mcolcon.colcon_core.package_identification[0m [1;30mLevel 1[0m _identify(lerobot/src/lerobot/robots/lekiwi) by extension 'ignore'
[0.213s] [34mcolcon.colcon_core.package_identification[0m [1;30mLevel 1[0m _identify(lerobot/src/lerobot/robots/lekiwi) by extension 'ignore_ament_install'
[0.213s] [34mcolcon.colcon_core.package_identification[0m [1;30mLevel 1[0m _identify(lerobot/src/lerobot/robots/lekiwi) by extensions ['colcon_pkg']
[0.213s] [34mcolcon.colcon_core.package_identification[0m [1;30mLevel 1[0m _identify(lerobot/src/lerobot/robots/lekiwi) by extension 'colcon_pkg'
[0.213s] [34mcolcon.colcon_core.package_identification[0m [1;30mLevel 1[0m _identify(lerobot/src/lerobot/robots/lekiwi) by extensions ['colcon_meta']
[0.213s] [34mcolcon.colcon_core.package_identification[0m [1;30mLevel 1[0m _identify(lerobot/src/lerobot/robots/lekiwi) by extension 'colcon_meta'
[0.213s] [34mcolcon.colcon_core.package_identification[0m [1;30mLevel 1[0m _identify(lerobot/src/lerobot/robots/lekiwi) by extensions ['ros']
[0.213s] [34mcolcon.colcon_core.package_identification[0m [1;30mLevel 1[0m _identify(lerobot/src/lerobot/robots/lekiwi) by extension 'ros'
[0.213s] [34mcolcon.colcon_core.package_identification[0m [1;30mLevel 1[0m _identify(lerobot/src/lerobot/robots/lekiwi) by extensions ['cmake', 'python']
[0.213s] [34mcolcon.colcon_core.package_identification[0m [1;30mLevel 1[0m _identify(lerobot/src/lerobot/robots/lekiwi) by extension 'cmake'
[0.213s] [34mcolcon.colcon_core.package_identification[0m [1;30mLevel 1[0m _identify(lerobot/src/lerobot/robots/lekiwi) by extension 'python'
[0.213s] [34mcolcon.colcon_core.package_identification[0m [1;30mLevel 1[0m _identify(lerobot/src/lerobot/robots/lekiwi) by extensions ['python_setup_py']
[0.213s] [34mcolcon.colcon_core.package_identification[0m [1;30mLevel 1[0m _identify(lerobot/src/lerobot/robots/lekiwi) by extension 'python_setup_py'
[0.213s] [34mcolcon.colcon_core.package_identification[0m [1;30mLevel 1[0m _identify(lerobot/src/lerobot/robots/lekiwi/__pycache__) by extensions ['ignore', 'ignore_ament_install']
[0.213s] [34mcolcon.colcon_core.package_identification[0m [1;30mLevel 1[0m _identify(lerobot/src/lerobot/robots/lekiwi/__pycache__) by extension 'ignore'
[0.213s] [34mcolcon.colcon_core.package_identification[0m [1;30mLevel 1[0m _identify(lerobot/src/lerobot/robots/lekiwi/__pycache__) by extension 'ignore_ament_install'
[0.213s] [34mcolcon.colcon_core.package_identification[0m [1;30mLevel 1[0m _identify(lerobot/src/lerobot/robots/lekiwi/__pycache__) by extensions ['colcon_pkg']
[0.213s] [34mcolcon.colcon_core.package_identification[0m [1;30mLevel 1[0m _identify(lerobot/src/lerobot/robots/lekiwi/__pycache__) by extension 'colcon_pkg'
[0.214s] [34mcolcon.colcon_core.package_identification[0m [1;30mLevel 1[0m _identify(lerobot/src/lerobot/robots/lekiwi/__pycache__) by extensions ['colcon_meta']
[0.214s] [34mcolcon.colcon_core.package_identification[0m [1;30mLevel 1[0m _identify(lerobot/src/lerobot/robots/lekiwi/__pycache__) by extension 'colcon_meta'
[0.214s] [34mcolcon.colcon_core.package_identification[0m [1;30mLevel 1[0m _identify(lerobot/src/lerobot/robots/lekiwi/__pycache__) by extensions ['ros']
[0.214s] [34mcolcon.colcon_core.package_identification[0m [1;30mLevel 1[0m _identify(lerobot/src/lerobot/robots/lekiwi/__pycache__) by extension 'ros'
[0.214s] [34mcolcon.colcon_core.package_identification[0m [1;30mLevel 1[0m _identify(lerobot/src/lerobot/robots/lekiwi/__pycache__) by extensions ['cmake', 'python']
[0.214s] [34mcolcon.colcon_core.package_identification[0m [1;30mLevel 1[0m _identify(lerobot/src/lerobot/robots/lekiwi/__pycache__) by extension 'cmake'
[0.214s] [34mcolcon.colcon_core.package_identification[0m [1;30mLevel 1[0m _identify(lerobot/src/lerobot/robots/lekiwi/__pycache__) by extension 'python'
[0.214s] [34mcolcon.colcon_core.package_identification[0m [1;30mLevel 1[0m _identify(lerobot/src/lerobot/robots/lekiwi/__pycache__) by extensions ['python_setup_py']
[0.214s] [34mcolcon.colcon_core.package_identification[0m [1;30mLevel 1[0m _identify(lerobot/src/lerobot/robots/lekiwi/__pycache__) by extension 'python_setup_py'
[0.214s] [34mcolcon.colcon_core.package_identification[0m [1;30mLevel 1[0m _identify(lerobot/src/lerobot/robots/reachy2) by extensions ['ignore', 'ignore_ament_install']
[0.214s] [34mcolcon.colcon_core.package_identification[0m [1;30mLevel 1[0m _identify(lerobot/src/lerobot/robots/reachy2) by extension 'ignore'
[0.214s] [34mcolcon.colcon_core.package_identification[0m [1;30mLevel 1[0m _identify(lerobot/src/lerobot/robots/reachy2) by extension 'ignore_ament_install'
[0.214s] [34mcolcon.colcon_core.package_identification[0m [1;30mLevel 1[0m _identify(lerobot/src/lerobot/robots/reachy2) by extensions ['colcon_pkg']
[0.214s] [34mcolcon.colcon_core.package_identification[0m [1;30mLevel 1[0m _identify(lerobot/src/lerobot/robots/reachy2) by extension 'colcon_pkg'
[0.214s] [34mcolcon.colcon_core.package_identification[0m [1;30mLevel 1[0m _identify(lerobot/src/lerobot/robots/reachy2) by extensions ['colcon_meta']
[0.214s] [34mcolcon.colcon_core.package_identification[0m [1;30mLevel 1[0m _identify(lerobot/src/lerobot/robots/reachy2) by extension 'colcon_meta'
[0.214s] [34mcolcon.colcon_core.package_identification[0m [1;30mLevel 1[0m _identify(lerobot/src/lerobot/robots/reachy2) by extensions ['ros']
[0.214s] [34mcolcon.colcon_core.package_identification[0m [1;30mLevel 1[0m _identify(lerobot/src/lerobot/robots/reachy2) by extension 'ros'
[0.214s] [34mcolcon.colcon_core.package_identification[0m [1;30mLevel 1[0m _identify(lerobot/src/lerobot/robots/reachy2) by extensions ['cmake', 'python']
[0.214s] [34mcolcon.colcon_core.package_identification[0m [1;30mLevel 1[0m _identify(lerobot/src/lerobot/robots/reachy2) by extension 'cmake'
[0.214s] [34mcolcon.colcon_core.package_identification[0m [1;30mLevel 1[0m _identify(lerobot/src/lerobot/robots/reachy2) by extension 'python'
[0.214s] [34mcolcon.colcon_core.package_identification[0m [1;30mLevel 1[0m _identify(lerobot/src/lerobot/robots/reachy2) by extensions ['python_setup_py']
[0.214s] [34mcolcon.colcon_core.package_identification[0m [1;30mLevel 1[0m _identify(lerobot/src/lerobot/robots/reachy2) by extension 'python_setup_py'
[0.214s] [34mcolcon.colcon_core.package_identification[0m [1;30mLevel 1[0m _identify(lerobot/src/lerobot/robots/so100_follower) by extensions ['ignore', 'ignore_ament_install']
[0.214s] [34mcolcon.colcon_core.package_identification[0m [1;30mLevel 1[0m _identify(lerobot/src/lerobot/robots/so100_follower) by extension 'ignore'
[0.214s] [34mcolcon.colcon_core.package_identification[0m [1;30mLevel 1[0m _identify(lerobot/src/lerobot/robots/so100_follower) by extension 'ignore_ament_install'
[0.214s] [34mcolcon.colcon_core.package_identification[0m [1;30mLevel 1[0m _identify(lerobot/src/lerobot/robots/so100_follower) by extensions ['colcon_pkg']
[0.214s] [34mcolcon.colcon_core.package_identification[0m [1;30mLevel 1[0m _identify(lerobot/src/lerobot/robots/so100_follower) by extension 'colcon_pkg'
[0.214s] [34mcolcon.colcon_core.package_identification[0m [1;30mLevel 1[0m _identify(lerobot/src/lerobot/robots/so100_follower) by extensions ['colcon_meta']
[0.214s] [34mcolcon.colcon_core.package_identification[0m [1;30mLevel 1[0m _identify(lerobot/src/lerobot/robots/so100_follower) by extension 'colcon_meta'
[0.214s] [34mcolcon.colcon_core.package_identification[0m [1;30mLevel 1[0m _identify(lerobot/src/lerobot/robots/so100_follower) by extensions ['ros']
[0.214s] [34mcolcon.colcon_core.package_identification[0m [1;30mLevel 1[0m _identify(lerobot/src/lerobot/robots/so100_follower) by extension 'ros'
[0.214s] [34mcolcon.colcon_core.package_identification[0m [1;30mLevel 1[0m _identify(lerobot/src/lerobot/robots/so100_follower) by extensions ['cmake', 'python']
[0.214s] [34mcolcon.colcon_core.package_identification[0m [1;30mLevel 1[0m _identify(lerobot/src/lerobot/robots/so100_follower) by extension 'cmake'
[0.214s] [34mcolcon.colcon_core.package_identification[0m [1;30mLevel 1[0m _identify(lerobot/src/lerobot/robots/so100_follower) by extension 'python'
[0.214s] [34mcolcon.colcon_core.package_identification[0m [1;30mLevel 1[0m _identify(lerobot/src/lerobot/robots/so100_follower) by extensions ['python_setup_py']
[0.214s] [34mcolcon.colcon_core.package_identification[0m [1;30mLevel 1[0m _identify(lerobot/src/lerobot/robots/so100_follower) by extension 'python_setup_py'
[0.214s] [34mcolcon.colcon_core.package_identification[0m [1;30mLevel 1[0m _identify(lerobot/src/lerobot/robots/so100_follower/__pycache__) by extensions ['ignore', 'ignore_ament_install']
[0.214s] [34mcolcon.colcon_core.package_identification[0m [1;30mLevel 1[0m _identify(lerobot/src/lerobot/robots/so100_follower/__pycache__) by extension 'ignore'
[0.214s] [34mcolcon.colcon_core.package_identification[0m [1;30mLevel 1[0m _identify(lerobot/src/lerobot/robots/so100_follower/__pycache__) by extension 'ignore_ament_install'
[0.214s] [34mcolcon.colcon_core.package_identification[0m [1;30mLevel 1[0m _identify(lerobot/src/lerobot/robots/so100_follower/__pycache__) by extensions ['colcon_pkg']
[0.214s] [34mcolcon.colcon_core.package_identification[0m [1;30mLevel 1[0m _identify(lerobot/src/lerobot/robots/so100_follower/__pycache__) by extension 'colcon_pkg'
[0.214s] [34mcolcon.colcon_core.package_identification[0m [1;30mLevel 1[0m _identify(lerobot/src/lerobot/robots/so100_follower/__pycache__) by extensions ['colcon_meta']
[0.214s] [34mcolcon.colcon_core.package_identification[0m [1;30mLevel 1[0m _identify(lerobot/src/lerobot/robots/so100_follower/__pycache__) by extension 'colcon_meta'
[0.214s] [34mcolcon.colcon_core.package_identification[0m [1;30mLevel 1[0m _identify(lerobot/src/lerobot/robots/so100_follower/__pycache__) by extensions ['ros']
[0.214s] [34mcolcon.colcon_core.package_identification[0m [1;30mLevel 1[0m _identify(lerobot/src/lerobot/robots/so100_follower/__pycache__) by extension 'ros'
[0.214s] [34mcolcon.colcon_core.package_identification[0m [1;30mLevel 1[0m _identify(lerobot/src/lerobot/robots/so100_follower/__pycache__) by extensions ['cmake', 'python']
[0.214s] [34mcolcon.colcon_core.package_identification[0m [1;30mLevel 1[0m _identify(lerobot/src/lerobot/robots/so100_follower/__pycache__) by extension 'cmake'
[0.214s] [34mcolcon.colcon_core.package_identification[0m [1;30mLevel 1[0m _identify(lerobot/src/lerobot/robots/so100_follower/__pycache__) by extension 'python'
[0.214s] [34mcolcon.colcon_core.package_identification[0m [1;30mLevel 1[0m _identify(lerobot/src/lerobot/robots/so100_follower/__pycache__) by extensions ['python_setup_py']
[0.214s] [34mcolcon.colcon_core.package_identification[0m [1;30mLevel 1[0m _identify(lerobot/src/lerobot/robots/so100_follower/__pycache__) by extension 'python_setup_py'
[0.214s] [34mcolcon.colcon_core.package_identification[0m [1;30mLevel 1[0m _identify(lerobot/src/lerobot/robots/so101_follower) by extensions ['ignore', 'ignore_ament_install']
[0.215s] [34mcolcon.colcon_core.package_identification[0m [1;30mLevel 1[0m _identify(lerobot/src/lerobot/robots/so101_follower) by extension 'ignore'
[0.215s] [34mcolcon.colcon_core.package_identification[0m [1;30mLevel 1[0m _identify(lerobot/src/lerobot/robots/so101_follower) by extension 'ignore_ament_install'
[0.215s] [34mcolcon.colcon_core.package_identification[0m [1;30mLevel 1[0m _identify(lerobot/src/lerobot/robots/so101_follower) by extensions ['colcon_pkg']
[0.215s] [34mcolcon.colcon_core.package_identification[0m [1;30mLevel 1[0m _identify(lerobot/src/lerobot/robots/so101_follower) by extension 'colcon_pkg'
[0.215s] [34mcolcon.colcon_core.package_identification[0m [1;30mLevel 1[0m _identify(lerobot/src/lerobot/robots/so101_follower) by extensions ['colcon_meta']
[0.215s] [34mcolcon.colcon_core.package_identification[0m [1;30mLevel 1[0m _identify(lerobot/src/lerobot/robots/so101_follower) by extension 'colcon_meta'
[0.215s] [34mcolcon.colcon_core.package_identification[0m [1;30mLevel 1[0m _identify(lerobot/src/lerobot/robots/so101_follower) by extensions ['ros']
[0.215s] [34mcolcon.colcon_core.package_identification[0m [1;30mLevel 1[0m _identify(lerobot/src/lerobot/robots/so101_follower) by extension 'ros'
[0.215s] [34mcolcon.colcon_core.package_identification[0m [1;30mLevel 1[0m _identify(lerobot/src/lerobot/robots/so101_follower) by extensions ['cmake', 'python']
[0.215s] [34mcolcon.colcon_core.package_identification[0m [1;30mLevel 1[0m _identify(lerobot/src/lerobot/robots/so101_follower) by extension 'cmake'
[0.215s] [34mcolcon.colcon_core.package_identification[0m [1;30mLevel 1[0m _identify(lerobot/src/lerobot/robots/so101_follower) by extension 'python'
[0.215s] [34mcolcon.colcon_core.package_identification[0m [1;30mLevel 1[0m _identify(lerobot/src/lerobot/robots/so101_follower) by extensions ['python_setup_py']
[0.215s] [34mcolcon.colcon_core.package_identification[0m [1;30mLevel 1[0m _identify(lerobot/src/lerobot/robots/so101_follower) by extension 'python_setup_py'
[0.215s] [34mcolcon.colcon_core.package_identification[0m [1;30mLevel 1[0m _identify(lerobot/src/lerobot/robots/so101_follower/__pycache__) by extensions ['ignore', 'ignore_ament_install']
[0.215s] [34mcolcon.colcon_core.package_identification[0m [1;30mLevel 1[0m _identify(lerobot/src/lerobot/robots/so101_follower/__pycache__) by extension 'ignore'
[0.215s] [34mcolcon.colcon_core.package_identification[0m [1;30mLevel 1[0m _identify(lerobot/src/lerobot/robots/so101_follower/__pycache__) by extension 'ignore_ament_install'
[0.215s] [34mcolcon.colcon_core.package_identification[0m [1;30mLevel 1[0m _identify(lerobot/src/lerobot/robots/so101_follower/__pycache__) by extensions ['colcon_pkg']
[0.215s] [34mcolcon.colcon_core.package_identification[0m [1;30mLevel 1[0m _identify(lerobot/src/lerobot/robots/so101_follower/__pycache__) by extension 'colcon_pkg'
[0.215s] [34mcolcon.colcon_core.package_identification[0m [1;30mLevel 1[0m _identify(lerobot/src/lerobot/robots/so101_follower/__pycache__) by extensions ['colcon_meta']
[0.215s] [34mcolcon.colcon_core.package_identification[0m [1;30mLevel 1[0m _identify(lerobot/src/lerobot/robots/so101_follower/__pycache__) by extension 'colcon_meta'
[0.215s] [34mcolcon.colcon_core.package_identification[0m [1;30mLevel 1[0m _identify(lerobot/src/lerobot/robots/so101_follower/__pycache__) by extensions ['ros']
[0.215s] [34mcolcon.colcon_core.package_identification[0m [1;30mLevel 1[0m _identify(lerobot/src/lerobot/robots/so101_follower/__pycache__) by extension 'ros'
[0.215s] [34mcolcon.colcon_core.package_identification[0m [1;30mLevel 1[0m _identify(lerobot/src/lerobot/robots/so101_follower/__pycache__) by extensions ['cmake', 'python']
[0.215s] [34mcolcon.colcon_core.package_identification[0m [1;30mLevel 1[0m _identify(lerobot/src/lerobot/robots/so101_follower/__pycache__) by extension 'cmake'
[0.215s] [34mcolcon.colcon_core.package_identification[0m [1;30mLevel 1[0m _identify(lerobot/src/lerobot/robots/so101_follower/__pycache__) by extension 'python'
[0.215s] [34mcolcon.colcon_core.package_identification[0m [1;30mLevel 1[0m _identify(lerobot/src/lerobot/robots/so101_follower/__pycache__) by extensions ['python_setup_py']
[0.215s] [34mcolcon.colcon_core.package_identification[0m [1;30mLevel 1[0m _identify(lerobot/src/lerobot/robots/so101_follower/__pycache__) by extension 'python_setup_py'
[0.215s] [34mcolcon.colcon_core.package_identification[0m [1;30mLevel 1[0m _identify(lerobot/src/lerobot/robots/unitree_g1) by extensions ['ignore', 'ignore_ament_install']
[0.215s] [34mcolcon.colcon_core.package_identification[0m [1;30mLevel 1[0m _identify(lerobot/src/lerobot/robots/unitree_g1) by extension 'ignore'
[0.215s] [34mcolcon.colcon_core.package_identification[0m [1;30mLevel 1[0m _identify(lerobot/src/lerobot/robots/unitree_g1) by extension 'ignore_ament_install'
[0.215s] [34mcolcon.colcon_core.package_identification[0m [1;30mLevel 1[0m _identify(lerobot/src/lerobot/robots/unitree_g1) by extensions ['colcon_pkg']
[0.215s] [34mcolcon.colcon_core.package_identification[0m [1;30mLevel 1[0m _identify(lerobot/src/lerobot/robots/unitree_g1) by extension 'colcon_pkg'
[0.215s] [34mcolcon.colcon_core.package_identification[0m [1;30mLevel 1[0m _identify(lerobot/src/lerobot/robots/unitree_g1) by extensions ['colcon_meta']
[0.215s] [34mcolcon.colcon_core.package_identification[0m [1;30mLevel 1[0m _identify(lerobot/src/lerobot/robots/unitree_g1) by extension 'colcon_meta'
[0.215s] [34mcolcon.colcon_core.package_identification[0m [1;30mLevel 1[0m _identify(lerobot/src/lerobot/robots/unitree_g1) by extensions ['ros']
[0.215s] [34mcolcon.colcon_core.package_identification[0m [1;30mLevel 1[0m _identify(lerobot/src/lerobot/robots/unitree_g1) by extension 'ros'
[0.215s] [34mcolcon.colcon_core.package_identification[0m [1;30mLevel 1[0m _identify(lerobot/src/lerobot/robots/unitree_g1) by extensions ['cmake', 'python']
[0.215s] [34mcolcon.colcon_core.package_identification[0m [1;30mLevel 1[0m _identify(lerobot/src/lerobot/robots/unitree_g1) by extension 'cmake'
[0.215s] [34mcolcon.colcon_core.package_identification[0m [1;30mLevel 1[0m _identify(lerobot/src/lerobot/robots/unitree_g1) by extension 'python'
[0.215s] [34mcolcon.colcon_core.package_identification[0m [1;30mLevel 1[0m _identify(lerobot/src/lerobot/robots/unitree_g1) by extensions ['python_setup_py']
[0.215s] [34mcolcon.colcon_core.package_identification[0m [1;30mLevel 1[0m _identify(lerobot/src/lerobot/robots/unitree_g1) by extension 'python_setup_py'
[0.215s] [34mcolcon.colcon_core.package_identification[0m [1;30mLevel 1[0m _identify(lerobot/src/lerobot/scripts) by extensions ['ignore', 'ignore_ament_install']
[0.215s] [34mcolcon.colcon_core.package_identification[0m [1;30mLevel 1[0m _identify(lerobot/src/lerobot/scripts) by extension 'ignore'
[0.215s] [34mcolcon.colcon_core.package_identification[0m [1;30mLevel 1[0m _identify(lerobot/src/lerobot/scripts) by extension 'ignore_ament_install'
[0.215s] [34mcolcon.colcon_core.package_identification[0m [1;30mLevel 1[0m _identify(lerobot/src/lerobot/scripts) by extensions ['colcon_pkg']
[0.215s] [34mcolcon.colcon_core.package_identification[0m [1;30mLevel 1[0m _identify(lerobot/src/lerobot/scripts) by extension 'colcon_pkg'
[0.215s] [34mcolcon.colcon_core.package_identification[0m [1;30mLevel 1[0m _identify(lerobot/src/lerobot/scripts) by extensions ['colcon_meta']
[0.215s] [34mcolcon.colcon_core.package_identification[0m [1;30mLevel 1[0m _identify(lerobot/src/lerobot/scripts) by extension 'colcon_meta'
[0.215s] [34mcolcon.colcon_core.package_identification[0m [1;30mLevel 1[0m _identify(lerobot/src/lerobot/scripts) by extensions ['ros']
[0.215s] [34mcolcon.colcon_core.package_identification[0m [1;30mLevel 1[0m _identify(lerobot/src/lerobot/scripts) by extension 'ros'
[0.215s] [34mcolcon.colcon_core.package_identification[0m [1;30mLevel 1[0m _identify(lerobot/src/lerobot/scripts) by extensions ['cmake', 'python']
[0.215s] [34mcolcon.colcon_core.package_identification[0m [1;30mLevel 1[0m _identify(lerobot/src/lerobot/scripts) by extension 'cmake'
[0.215s] [34mcolcon.colcon_core.package_identification[0m [1;30mLevel 1[0m _identify(lerobot/src/lerobot/scripts) by extension 'python'
[0.215s] [34mcolcon.colcon_core.package_identification[0m [1;30mLevel 1[0m _identify(lerobot/src/lerobot/scripts) by extensions ['python_setup_py']
[0.216s] [34mcolcon.colcon_core.package_identification[0m [1;30mLevel 1[0m _identify(lerobot/src/lerobot/scripts) by extension 'python_setup_py'
[0.216s] [34mcolcon.colcon_core.package_identification[0m [1;30mLevel 1[0m _identify(lerobot/src/lerobot/scripts/__pycache__) by extensions ['ignore', 'ignore_ament_install']
[0.216s] [34mcolcon.colcon_core.package_identification[0m [1;30mLevel 1[0m _identify(lerobot/src/lerobot/scripts/__pycache__) by extension 'ignore'
[0.216s] [34mcolcon.colcon_core.package_identification[0m [1;30mLevel 1[0m _identify(lerobot/src/lerobot/scripts/__pycache__) by extension 'ignore_ament_install'
[0.216s] [34mcolcon.colcon_core.package_identification[0m [1;30mLevel 1[0m _identify(lerobot/src/lerobot/scripts/__pycache__) by extensions ['colcon_pkg']
[0.216s] [34mcolcon.colcon_core.package_identification[0m [1;30mLevel 1[0m _identify(lerobot/src/lerobot/scripts/__pycache__) by extension 'colcon_pkg'
[0.216s] [34mcolcon.colcon_core.package_identification[0m [1;30mLevel 1[0m _identify(lerobot/src/lerobot/scripts/__pycache__) by extensions ['colcon_meta']
[0.216s] [34mcolcon.colcon_core.package_identification[0m [1;30mLevel 1[0m _identify(lerobot/src/lerobot/scripts/__pycache__) by extension 'colcon_meta'
[0.216s] [34mcolcon.colcon_core.package_identification[0m [1;30mLevel 1[0m _identify(lerobot/src/lerobot/scripts/__pycache__) by extensions ['ros']
[0.216s] [34mcolcon.colcon_core.package_identification[0m [1;30mLevel 1[0m _identify(lerobot/src/lerobot/scripts/__pycache__) by extension 'ros'
[0.216s] [34mcolcon.colcon_core.package_identification[0m [1;30mLevel 1[0m _identify(lerobot/src/lerobot/scripts/__pycache__) by extensions ['cmake', 'python']
[0.216s] [34mcolcon.colcon_core.package_identification[0m [1;30mLevel 1[0m _identify(lerobot/src/lerobot/scripts/__pycache__) by extension 'cmake'
[0.216s] [34mcolcon.colcon_core.package_identification[0m [1;30mLevel 1[0m _identify(lerobot/src/lerobot/scripts/__pycache__) by extension 'python'
[0.216s] [34mcolcon.colcon_core.package_identification[0m [1;30mLevel 1[0m _identify(lerobot/src/lerobot/scripts/__pycache__) by extensions ['python_setup_py']
[0.216s] [34mcolcon.colcon_core.package_identification[0m [1;30mLevel 1[0m _identify(lerobot/src/lerobot/scripts/__pycache__) by extension 'python_setup_py'
[0.216s] [34mcolcon.colcon_core.package_identification[0m [1;30mLevel 1[0m _identify(lerobot/src/lerobot/teleoperators) by extensions ['ignore', 'ignore_ament_install']
[0.216s] [34mcolcon.colcon_core.package_identification[0m [1;30mLevel 1[0m _identify(lerobot/src/lerobot/teleoperators) by extension 'ignore'
[0.216s] [34mcolcon.colcon_core.package_identification[0m [1;30mLevel 1[0m _identify(lerobot/src/lerobot/teleoperators) by extension 'ignore_ament_install'
[0.216s] [34mcolcon.colcon_core.package_identification[0m [1;30mLevel 1[0m _identify(lerobot/src/lerobot/teleoperators) by extensions ['colcon_pkg']
[0.216s] [34mcolcon.colcon_core.package_identification[0m [1;30mLevel 1[0m _identify(lerobot/src/lerobot/teleoperators) by extension 'colcon_pkg'
[0.216s] [34mcolcon.colcon_core.package_identification[0m [1;30mLevel 1[0m _identify(lerobot/src/lerobot/teleoperators) by extensions ['colcon_meta']
[0.216s] [34mcolcon.colcon_core.package_identification[0m [1;30mLevel 1[0m _identify(lerobot/src/lerobot/teleoperators) by extension 'colcon_meta'
[0.216s] [34mcolcon.colcon_core.package_identification[0m [1;30mLevel 1[0m _identify(lerobot/src/lerobot/teleoperators) by extensions ['ros']
[0.216s] [34mcolcon.colcon_core.package_identification[0m [1;30mLevel 1[0m _identify(lerobot/src/lerobot/teleoperators) by extension 'ros'
[0.216s] [34mcolcon.colcon_core.package_identification[0m [1;30mLevel 1[0m _identify(lerobot/src/lerobot/teleoperators) by extensions ['cmake', 'python']
[0.216s] [34mcolcon.colcon_core.package_identification[0m [1;30mLevel 1[0m _identify(lerobot/src/lerobot/teleoperators) by extension 'cmake'
[0.216s] [34mcolcon.colcon_core.package_identification[0m [1;30mLevel 1[0m _identify(lerobot/src/lerobot/teleoperators) by extension 'python'
[0.216s] [34mcolcon.colcon_core.package_identification[0m [1;30mLevel 1[0m _identify(lerobot/src/lerobot/teleoperators) by extensions ['python_setup_py']
[0.216s] [34mcolcon.colcon_core.package_identification[0m [1;30mLevel 1[0m _identify(lerobot/src/lerobot/teleoperators) by extension 'python_setup_py'
[0.216s] [34mcolcon.colcon_core.package_identification[0m [1;30mLevel 1[0m _identify(lerobot/src/lerobot/teleoperators/__pycache__) by extensions ['ignore', 'ignore_ament_install']
[0.216s] [34mcolcon.colcon_core.package_identification[0m [1;30mLevel 1[0m _identify(lerobot/src/lerobot/teleoperators/__pycache__) by extension 'ignore'
[0.216s] [34mcolcon.colcon_core.package_identification[0m [1;30mLevel 1[0m _identify(lerobot/src/lerobot/teleoperators/__pycache__) by extension 'ignore_ament_install'
[0.216s] [34mcolcon.colcon_core.package_identification[0m [1;30mLevel 1[0m _identify(lerobot/src/lerobot/teleoperators/__pycache__) by extensions ['colcon_pkg']
[0.216s] [34mcolcon.colcon_core.package_identification[0m [1;30mLevel 1[0m _identify(lerobot/src/lerobot/teleoperators/__pycache__) by extension 'colcon_pkg'
[0.216s] [34mcolcon.colcon_core.package_identification[0m [1;30mLevel 1[0m _identify(lerobot/src/lerobot/teleoperators/__pycache__) by extensions ['colcon_meta']
[0.216s] [34mcolcon.colcon_core.package_identification[0m [1;30mLevel 1[0m _identify(lerobot/src/lerobot/teleoperators/__pycache__) by extension 'colcon_meta'
[0.216s] [34mcolcon.colcon_core.package_identification[0m [1;30mLevel 1[0m _identify(lerobot/src/lerobot/teleoperators/__pycache__) by extensions ['ros']
[0.216s] [34mcolcon.colcon_core.package_identification[0m [1;30mLevel 1[0m _identify(lerobot/src/lerobot/teleoperators/__pycache__) by extension 'ros'
[0.216s] [34mcolcon.colcon_core.package_identification[0m [1;30mLevel 1[0m _identify(lerobot/src/lerobot/teleoperators/__pycache__) by extensions ['cmake', 'python']
[0.216s] [34mcolcon.colcon_core.package_identification[0m [1;30mLevel 1[0m _identify(lerobot/src/lerobot/teleoperators/__pycache__) by extension 'cmake'
[0.216s] [34mcolcon.colcon_core.package_identification[0m [1;30mLevel 1[0m _identify(lerobot/src/lerobot/teleoperators/__pycache__) by extension 'python'
[0.216s] [34mcolcon.colcon_core.package_identification[0m [1;30mLevel 1[0m _identify(lerobot/src/lerobot/teleoperators/__pycache__) by extensions ['python_setup_py']
[0.216s] [34mcolcon.colcon_core.package_identification[0m [1;30mLevel 1[0m _identify(lerobot/src/lerobot/teleoperators/__pycache__) by extension 'python_setup_py'
[0.216s] [34mcolcon.colcon_core.package_identification[0m [1;30mLevel 1[0m _identify(lerobot/src/lerobot/teleoperators/bi_so100_leader) by extensions ['ignore', 'ignore_ament_install']
[0.216s] [34mcolcon.colcon_core.package_identification[0m [1;30mLevel 1[0m _identify(lerobot/src/lerobot/teleoperators/bi_so100_leader) by extension 'ignore'
[0.216s] [34mcolcon.colcon_core.package_identification[0m [1;30mLevel 1[0m _identify(lerobot/src/lerobot/teleoperators/bi_so100_leader) by extension 'ignore_ament_install'
[0.216s] [34mcolcon.colcon_core.package_identification[0m [1;30mLevel 1[0m _identify(lerobot/src/lerobot/teleoperators/bi_so100_leader) by extensions ['colcon_pkg']
[0.216s] [34mcolcon.colcon_core.package_identification[0m [1;30mLevel 1[0m _identify(lerobot/src/lerobot/teleoperators/bi_so100_leader) by extension 'colcon_pkg'
[0.216s] [34mcolcon.colcon_core.package_identification[0m [1;30mLevel 1[0m _identify(lerobot/src/lerobot/teleoperators/bi_so100_leader) by extensions ['colcon_meta']
[0.216s] [34mcolcon.colcon_core.package_identification[0m [1;30mLevel 1[0m _identify(lerobot/src/lerobot/teleoperators/bi_so100_leader) by extension 'colcon_meta'
[0.216s] [34mcolcon.colcon_core.package_identification[0m [1;30mLevel 1[0m _identify(lerobot/src/lerobot/teleoperators/bi_so100_leader) by extensions ['ros']
[0.216s] [34mcolcon.colcon_core.package_identification[0m [1;30mLevel 1[0m _identify(lerobot/src/lerobot/teleoperators/bi_so100_leader) by extension 'ros'
[0.217s] [34mcolcon.colcon_core.package_identification[0m [1;30mLevel 1[0m _identify(lerobot/src/lerobot/teleoperators/bi_so100_leader) by extensions ['cmake', 'python']
[0.217s] [34mcolcon.colcon_core.package_identification[0m [1;30mLevel 1[0m _identify(lerobot/src/lerobot/teleoperators/bi_so100_leader) by extension 'cmake'
[0.217s] [34mcolcon.colcon_core.package_identification[0m [1;30mLevel 1[0m _identify(lerobot/src/lerobot/teleoperators/bi_so100_leader) by extension 'python'
[0.217s] [34mcolcon.colcon_core.package_identification[0m [1;30mLevel 1[0m _identify(lerobot/src/lerobot/teleoperators/bi_so100_leader) by extensions ['python_setup_py']
[0.217s] [34mcolcon.colcon_core.package_identification[0m [1;30mLevel 1[0m _identify(lerobot/src/lerobot/teleoperators/bi_so100_leader) by extension 'python_setup_py'
[0.217s] [34mcolcon.colcon_core.package_identification[0m [1;30mLevel 1[0m _identify(lerobot/src/lerobot/teleoperators/gamepad) by extensions ['ignore', 'ignore_ament_install']
[0.217s] [34mcolcon.colcon_core.package_identification[0m [1;30mLevel 1[0m _identify(lerobot/src/lerobot/teleoperators/gamepad) by extension 'ignore'
[0.217s] [34mcolcon.colcon_core.package_identification[0m [1;30mLevel 1[0m _identify(lerobot/src/lerobot/teleoperators/gamepad) by extension 'ignore_ament_install'
[0.217s] [34mcolcon.colcon_core.package_identification[0m [1;30mLevel 1[0m _identify(lerobot/src/lerobot/teleoperators/gamepad) by extensions ['colcon_pkg']
[0.217s] [34mcolcon.colcon_core.package_identification[0m [1;30mLevel 1[0m _identify(lerobot/src/lerobot/teleoperators/gamepad) by extension 'colcon_pkg'
[0.217s] [34mcolcon.colcon_core.package_identification[0m [1;30mLevel 1[0m _identify(lerobot/src/lerobot/teleoperators/gamepad) by extensions ['colcon_meta']
[0.217s] [34mcolcon.colcon_core.package_identification[0m [1;30mLevel 1[0m _identify(lerobot/src/lerobot/teleoperators/gamepad) by extension 'colcon_meta'
[0.217s] [34mcolcon.colcon_core.package_identification[0m [1;30mLevel 1[0m _identify(lerobot/src/lerobot/teleoperators/gamepad) by extensions ['ros']
[0.217s] [34mcolcon.colcon_core.package_identification[0m [1;30mLevel 1[0m _identify(lerobot/src/lerobot/teleoperators/gamepad) by extension 'ros'
[0.217s] [34mcolcon.colcon_core.package_identification[0m [1;30mLevel 1[0m _identify(lerobot/src/lerobot/teleoperators/gamepad) by extensions ['cmake', 'python']
[0.217s] [34mcolcon.colcon_core.package_identification[0m [1;30mLevel 1[0m _identify(lerobot/src/lerobot/teleoperators/gamepad) by extension 'cmake'
[0.217s] [34mcolcon.colcon_core.package_identification[0m [1;30mLevel 1[0m _identify(lerobot/src/lerobot/teleoperators/gamepad) by extension 'python'
[0.217s] [34mcolcon.colcon_core.package_identification[0m [1;30mLevel 1[0m _identify(lerobot/src/lerobot/teleoperators/gamepad) by extensions ['python_setup_py']
[0.217s] [34mcolcon.colcon_core.package_identification[0m [1;30mLevel 1[0m _identify(lerobot/src/lerobot/teleoperators/gamepad) by extension 'python_setup_py'
[0.217s] [34mcolcon.colcon_core.package_identification[0m [1;30mLevel 1[0m _identify(lerobot/src/lerobot/teleoperators/homunculus) by extensions ['ignore', 'ignore_ament_install']
[0.217s] [34mcolcon.colcon_core.package_identification[0m [1;30mLevel 1[0m _identify(lerobot/src/lerobot/teleoperators/homunculus) by extension 'ignore'
[0.217s] [34mcolcon.colcon_core.package_identification[0m [1;30mLevel 1[0m _identify(lerobot/src/lerobot/teleoperators/homunculus) by extension 'ignore_ament_install'
[0.217s] [34mcolcon.colcon_core.package_identification[0m [1;30mLevel 1[0m _identify(lerobot/src/lerobot/teleoperators/homunculus) by extensions ['colcon_pkg']
[0.217s] [34mcolcon.colcon_core.package_identification[0m [1;30mLevel 1[0m _identify(lerobot/src/lerobot/teleoperators/homunculus) by extension 'colcon_pkg'
[0.217s] [34mcolcon.colcon_core.package_identification[0m [1;30mLevel 1[0m _identify(lerobot/src/lerobot/teleoperators/homunculus) by extensions ['colcon_meta']
[0.217s] [34mcolcon.colcon_core.package_identification[0m [1;30mLevel 1[0m _identify(lerobot/src/lerobot/teleoperators/homunculus) by extension 'colcon_meta'
[0.217s] [34mcolcon.colcon_core.package_identification[0m [1;30mLevel 1[0m _identify(lerobot/src/lerobot/teleoperators/homunculus) by extensions ['ros']
[0.217s] [34mcolcon.colcon_core.package_identification[0m [1;30mLevel 1[0m _identify(lerobot/src/lerobot/teleoperators/homunculus) by extension 'ros'
[0.217s] [34mcolcon.colcon_core.package_identification[0m [1;30mLevel 1[0m _identify(lerobot/src/lerobot/teleoperators/homunculus) by extensions ['cmake', 'python']
[0.217s] [34mcolcon.colcon_core.package_identification[0m [1;30mLevel 1[0m _identify(lerobot/src/lerobot/teleoperators/homunculus) by extension 'cmake'
[0.217s] [34mcolcon.colcon_core.package_identification[0m [1;30mLevel 1[0m _identify(lerobot/src/lerobot/teleoperators/homunculus) by extension 'python'
[0.217s] [34mcolcon.colcon_core.package_identification[0m [1;30mLevel 1[0m _identify(lerobot/src/lerobot/teleoperators/homunculus) by extensions ['python_setup_py']
[0.217s] [34mcolcon.colcon_core.package_identification[0m [1;30mLevel 1[0m _identify(lerobot/src/lerobot/teleoperators/homunculus) by extension 'python_setup_py'
[0.217s] [34mcolcon.colcon_core.package_identification[0m [1;30mLevel 1[0m _identify(lerobot/src/lerobot/teleoperators/homunculus/__pycache__) by extensions ['ignore', 'ignore_ament_install']
[0.217s] [34mcolcon.colcon_core.package_identification[0m [1;30mLevel 1[0m _identify(lerobot/src/lerobot/teleoperators/homunculus/__pycache__) by extension 'ignore'
[0.217s] [34mcolcon.colcon_core.package_identification[0m [1;30mLevel 1[0m _identify(lerobot/src/lerobot/teleoperators/homunculus/__pycache__) by extension 'ignore_ament_install'
[0.217s] [34mcolcon.colcon_core.package_identification[0m [1;30mLevel 1[0m _identify(lerobot/src/lerobot/teleoperators/homunculus/__pycache__) by extensions ['colcon_pkg']
[0.217s] [34mcolcon.colcon_core.package_identification[0m [1;30mLevel 1[0m _identify(lerobot/src/lerobot/teleoperators/homunculus/__pycache__) by extension 'colcon_pkg'
[0.217s] [34mcolcon.colcon_core.package_identification[0m [1;30mLevel 1[0m _identify(lerobot/src/lerobot/teleoperators/homunculus/__pycache__) by extensions ['colcon_meta']
[0.217s] [34mcolcon.colcon_core.package_identification[0m [1;30mLevel 1[0m _identify(lerobot/src/lerobot/teleoperators/homunculus/__pycache__) by extension 'colcon_meta'
[0.217s] [34mcolcon.colcon_core.package_identification[0m [1;30mLevel 1[0m _identify(lerobot/src/lerobot/teleoperators/homunculus/__pycache__) by extensions ['ros']
[0.217s] [34mcolcon.colcon_core.package_identification[0m [1;30mLevel 1[0m _identify(lerobot/src/lerobot/teleoperators/homunculus/__pycache__) by extension 'ros'
[0.217s] [34mcolcon.colcon_core.package_identification[0m [1;30mLevel 1[0m _identify(lerobot/src/lerobot/teleoperators/homunculus/__pycache__) by extensions ['cmake', 'python']
[0.217s] [34mcolcon.colcon_core.package_identification[0m [1;30mLevel 1[0m _identify(lerobot/src/lerobot/teleoperators/homunculus/__pycache__) by extension 'cmake'
[0.217s] [34mcolcon.colcon_core.package_identification[0m [1;30mLevel 1[0m _identify(lerobot/src/lerobot/teleoperators/homunculus/__pycache__) by extension 'python'
[0.217s] [34mcolcon.colcon_core.package_identification[0m [1;30mLevel 1[0m _identify(lerobot/src/lerobot/teleoperators/homunculus/__pycache__) by extensions ['python_setup_py']
[0.217s] [34mcolcon.colcon_core.package_identification[0m [1;30mLevel 1[0m _identify(lerobot/src/lerobot/teleoperators/homunculus/__pycache__) by extension 'python_setup_py'
[0.217s] [34mcolcon.colcon_core.package_identification[0m [1;30mLevel 1[0m _identify(lerobot/src/lerobot/teleoperators/keyboard) by extensions ['ignore', 'ignore_ament_install']
[0.217s] [34mcolcon.colcon_core.package_identification[0m [1;30mLevel 1[0m _identify(lerobot/src/lerobot/teleoperators/keyboard) by extension 'ignore'
[0.217s] [34mcolcon.colcon_core.package_identification[0m [1;30mLevel 1[0m _identify(lerobot/src/lerobot/teleoperators/keyboard) by extension 'ignore_ament_install'
[0.217s] [34mcolcon.colcon_core.package_identification[0m [1;30mLevel 1[0m _identify(lerobot/src/lerobot/teleoperators/keyboard) by extensions ['colcon_pkg']
[0.217s] [34mcolcon.colcon_core.package_identification[0m [1;30mLevel 1[0m _identify(lerobot/src/lerobot/teleoperators/keyboard) by extension 'colcon_pkg'
[0.218s] [34mcolcon.colcon_core.package_identification[0m [1;30mLevel 1[0m _identify(lerobot/src/lerobot/teleoperators/keyboard) by extensions ['colcon_meta']
[0.218s] [34mcolcon.colcon_core.package_identification[0m [1;30mLevel 1[0m _identify(lerobot/src/lerobot/teleoperators/keyboard) by extension 'colcon_meta'
[0.218s] [34mcolcon.colcon_core.package_identification[0m [1;30mLevel 1[0m _identify(lerobot/src/lerobot/teleoperators/keyboard) by extensions ['ros']
[0.218s] [34mcolcon.colcon_core.package_identification[0m [1;30mLevel 1[0m _identify(lerobot/src/lerobot/teleoperators/keyboard) by extension 'ros'
[0.218s] [34mcolcon.colcon_core.package_identification[0m [1;30mLevel 1[0m _identify(lerobot/src/lerobot/teleoperators/keyboard) by extensions ['cmake', 'python']
[0.218s] [34mcolcon.colcon_core.package_identification[0m [1;30mLevel 1[0m _identify(lerobot/src/lerobot/teleoperators/keyboard) by extension 'cmake'
[0.218s] [34mcolcon.colcon_core.package_identification[0m [1;30mLevel 1[0m _identify(lerobot/src/lerobot/teleoperators/keyboard) by extension 'python'
[0.218s] [34mcolcon.colcon_core.package_identification[0m [1;30mLevel 1[0m _identify(lerobot/src/lerobot/teleoperators/keyboard) by extensions ['python_setup_py']
[0.218s] [34mcolcon.colcon_core.package_identification[0m [1;30mLevel 1[0m _identify(lerobot/src/lerobot/teleoperators/keyboard) by extension 'python_setup_py'
[0.218s] [34mcolcon.colcon_core.package_identification[0m [1;30mLevel 1[0m _identify(lerobot/src/lerobot/teleoperators/koch_leader) by extensions ['ignore', 'ignore_ament_install']
[0.218s] [34mcolcon.colcon_core.package_identification[0m [1;30mLevel 1[0m _identify(lerobot/src/lerobot/teleoperators/koch_leader) by extension 'ignore'
[0.218s] [34mcolcon.colcon_core.package_identification[0m [1;30mLevel 1[0m _identify(lerobot/src/lerobot/teleoperators/koch_leader) by extension 'ignore_ament_install'
[0.218s] [34mcolcon.colcon_core.package_identification[0m [1;30mLevel 1[0m _identify(lerobot/src/lerobot/teleoperators/koch_leader) by extensions ['colcon_pkg']
[0.218s] [34mcolcon.colcon_core.package_identification[0m [1;30mLevel 1[0m _identify(lerobot/src/lerobot/teleoperators/koch_leader) by extension 'colcon_pkg'
[0.218s] [34mcolcon.colcon_core.package_identification[0m [1;30mLevel 1[0m _identify(lerobot/src/lerobot/teleoperators/koch_leader) by extensions ['colcon_meta']
[0.218s] [34mcolcon.colcon_core.package_identification[0m [1;30mLevel 1[0m _identify(lerobot/src/lerobot/teleoperators/koch_leader) by extension 'colcon_meta'
[0.218s] [34mcolcon.colcon_core.package_identification[0m [1;30mLevel 1[0m _identify(lerobot/src/lerobot/teleoperators/koch_leader) by extensions ['ros']
[0.218s] [34mcolcon.colcon_core.package_identification[0m [1;30mLevel 1[0m _identify(lerobot/src/lerobot/teleoperators/koch_leader) by extension 'ros'
[0.218s] [34mcolcon.colcon_core.package_identification[0m [1;30mLevel 1[0m _identify(lerobot/src/lerobot/teleoperators/koch_leader) by extensions ['cmake', 'python']
[0.218s] [34mcolcon.colcon_core.package_identification[0m [1;30mLevel 1[0m _identify(lerobot/src/lerobot/teleoperators/koch_leader) by extension 'cmake'
[0.218s] [34mcolcon.colcon_core.package_identification[0m [1;30mLevel 1[0m _identify(lerobot/src/lerobot/teleoperators/koch_leader) by extension 'python'
[0.218s] [34mcolcon.colcon_core.package_identification[0m [1;30mLevel 1[0m _identify(lerobot/src/lerobot/teleoperators/koch_leader) by extensions ['python_setup_py']
[0.218s] [34mcolcon.colcon_core.package_identification[0m [1;30mLevel 1[0m _identify(lerobot/src/lerobot/teleoperators/koch_leader) by extension 'python_setup_py'
[0.218s] [34mcolcon.colcon_core.package_identification[0m [1;30mLevel 1[0m _identify(lerobot/src/lerobot/teleoperators/koch_leader/__pycache__) by extensions ['ignore', 'ignore_ament_install']
[0.218s] [34mcolcon.colcon_core.package_identification[0m [1;30mLevel 1[0m _identify(lerobot/src/lerobot/teleoperators/koch_leader/__pycache__) by extension 'ignore'
[0.218s] [34mcolcon.colcon_core.package_identification[0m [1;30mLevel 1[0m _identify(lerobot/src/lerobot/teleoperators/koch_leader/__pycache__) by extension 'ignore_ament_install'
[0.218s] [34mcolcon.colcon_core.package_identification[0m [1;30mLevel 1[0m _identify(lerobot/src/lerobot/teleoperators/koch_leader/__pycache__) by extensions ['colcon_pkg']
[0.218s] [34mcolcon.colcon_core.package_identification[0m [1;30mLevel 1[0m _identify(lerobot/src/lerobot/teleoperators/koch_leader/__pycache__) by extension 'colcon_pkg'
[0.218s] [34mcolcon.colcon_core.package_identification[0m [1;30mLevel 1[0m _identify(lerobot/src/lerobot/teleoperators/koch_leader/__pycache__) by extensions ['colcon_meta']
[0.218s] [34mcolcon.colcon_core.package_identification[0m [1;30mLevel 1[0m _identify(lerobot/src/lerobot/teleoperators/koch_leader/__pycache__) by extension 'colcon_meta'
[0.218s] [34mcolcon.colcon_core.package_identification[0m [1;30mLevel 1[0m _identify(lerobot/src/lerobot/teleoperators/koch_leader/__pycache__) by extensions ['ros']
[0.218s] [34mcolcon.colcon_core.package_identification[0m [1;30mLevel 1[0m _identify(lerobot/src/lerobot/teleoperators/koch_leader/__pycache__) by extension 'ros'
[0.218s] [34mcolcon.colcon_core.package_identification[0m [1;30mLevel 1[0m _identify(lerobot/src/lerobot/teleoperators/koch_leader/__pycache__) by extensions ['cmake', 'python']
[0.218s] [34mcolcon.colcon_core.package_identification[0m [1;30mLevel 1[0m _identify(lerobot/src/lerobot/teleoperators/koch_leader/__pycache__) by extension 'cmake'
[0.218s] [34mcolcon.colcon_core.package_identification[0m [1;30mLevel 1[0m _identify(lerobot/src/lerobot/teleoperators/koch_leader/__pycache__) by extension 'python'
[0.218s] [34mcolcon.colcon_core.package_identification[0m [1;30mLevel 1[0m _identify(lerobot/src/lerobot/teleoperators/koch_leader/__pycache__) by extensions ['python_setup_py']
[0.218s] [34mcolcon.colcon_core.package_identification[0m [1;30mLevel 1[0m _identify(lerobot/src/lerobot/teleoperators/koch_leader/__pycache__) by extension 'python_setup_py'
[0.218s] [34mcolcon.colcon_core.package_identification[0m [1;30mLevel 1[0m _identify(lerobot/src/lerobot/teleoperators/phone) by extensions ['ignore', 'ignore_ament_install']
[0.218s] [34mcolcon.colcon_core.package_identification[0m [1;30mLevel 1[0m _identify(lerobot/src/lerobot/teleoperators/phone) by extension 'ignore'
[0.218s] [34mcolcon.colcon_core.package_identification[0m [1;30mLevel 1[0m _identify(lerobot/src/lerobot/teleoperators/phone) by extension 'ignore_ament_install'
[0.218s] [34mcolcon.colcon_core.package_identification[0m [1;30mLevel 1[0m _identify(lerobot/src/lerobot/teleoperators/phone) by extensions ['colcon_pkg']
[0.218s] [34mcolcon.colcon_core.package_identification[0m [1;30mLevel 1[0m _identify(lerobot/src/lerobot/teleoperators/phone) by extension 'colcon_pkg'
[0.218s] [34mcolcon.colcon_core.package_identification[0m [1;30mLevel 1[0m _identify(lerobot/src/lerobot/teleoperators/phone) by extensions ['colcon_meta']
[0.218s] [34mcolcon.colcon_core.package_identification[0m [1;30mLevel 1[0m _identify(lerobot/src/lerobot/teleoperators/phone) by extension 'colcon_meta'
[0.218s] [34mcolcon.colcon_core.package_identification[0m [1;30mLevel 1[0m _identify(lerobot/src/lerobot/teleoperators/phone) by extensions ['ros']
[0.218s] [34mcolcon.colcon_core.package_identification[0m [1;30mLevel 1[0m _identify(lerobot/src/lerobot/teleoperators/phone) by extension 'ros'
[0.218s] [34mcolcon.colcon_core.package_identification[0m [1;30mLevel 1[0m _identify(lerobot/src/lerobot/teleoperators/phone) by extensions ['cmake', 'python']
[0.218s] [34mcolcon.colcon_core.package_identification[0m [1;30mLevel 1[0m _identify(lerobot/src/lerobot/teleoperators/phone) by extension 'cmake'
[0.218s] [34mcolcon.colcon_core.package_identification[0m [1;30mLevel 1[0m _identify(lerobot/src/lerobot/teleoperators/phone) by extension 'python'
[0.218s] [34mcolcon.colcon_core.package_identification[0m [1;30mLevel 1[0m _identify(lerobot/src/lerobot/teleoperators/phone) by extensions ['python_setup_py']
[0.218s] [34mcolcon.colcon_core.package_identification[0m [1;30mLevel 1[0m _identify(lerobot/src/lerobot/teleoperators/phone) by extension 'python_setup_py'
[0.218s] [34mcolcon.colcon_core.package_identification[0m [1;30mLevel 1[0m _identify(lerobot/src/lerobot/teleoperators/reachy2_teleoperator) by extensions ['ignore', 'ignore_ament_install']
[0.219s] [34mcolcon.colcon_core.package_identification[0m [1;30mLevel 1[0m _identify(lerobot/src/lerobot/teleoperators/reachy2_teleoperator) by extension 'ignore'
[0.219s] [34mcolcon.colcon_core.package_identification[0m [1;30mLevel 1[0m _identify(lerobot/src/lerobot/teleoperators/reachy2_teleoperator) by extension 'ignore_ament_install'
[0.219s] [34mcolcon.colcon_core.package_identification[0m [1;30mLevel 1[0m _identify(lerobot/src/lerobot/teleoperators/reachy2_teleoperator) by extensions ['colcon_pkg']
[0.219s] [34mcolcon.colcon_core.package_identification[0m [1;30mLevel 1[0m _identify(lerobot/src/lerobot/teleoperators/reachy2_teleoperator) by extension 'colcon_pkg'
[0.219s] [34mcolcon.colcon_core.package_identification[0m [1;30mLevel 1[0m _identify(lerobot/src/lerobot/teleoperators/reachy2_teleoperator) by extensions ['colcon_meta']
[0.219s] [34mcolcon.colcon_core.package_identification[0m [1;30mLevel 1[0m _identify(lerobot/src/lerobot/teleoperators/reachy2_teleoperator) by extension 'colcon_meta'
[0.219s] [34mcolcon.colcon_core.package_identification[0m [1;30mLevel 1[0m _identify(lerobot/src/lerobot/teleoperators/reachy2_teleoperator) by extensions ['ros']
[0.219s] [34mcolcon.colcon_core.package_identification[0m [1;30mLevel 1[0m _identify(lerobot/src/lerobot/teleoperators/reachy2_teleoperator) by extension 'ros'
[0.219s] [34mcolcon.colcon_core.package_identification[0m [1;30mLevel 1[0m _identify(lerobot/src/lerobot/teleoperators/reachy2_teleoperator) by extensions ['cmake', 'python']
[0.219s] [34mcolcon.colcon_core.package_identification[0m [1;30mLevel 1[0m _identify(lerobot/src/lerobot/teleoperators/reachy2_teleoperator) by extension 'cmake'
[0.219s] [34mcolcon.colcon_core.package_identification[0m [1;30mLevel 1[0m _identify(lerobot/src/lerobot/teleoperators/reachy2_teleoperator) by extension 'python'
[0.219s] [34mcolcon.colcon_core.package_identification[0m [1;30mLevel 1[0m _identify(lerobot/src/lerobot/teleoperators/reachy2_teleoperator) by extensions ['python_setup_py']
[0.219s] [34mcolcon.colcon_core.package_identification[0m [1;30mLevel 1[0m _identify(lerobot/src/lerobot/teleoperators/reachy2_teleoperator) by extension 'python_setup_py'
[0.219s] [34mcolcon.colcon_core.package_identification[0m [1;30mLevel 1[0m _identify(lerobot/src/lerobot/teleoperators/so100_leader) by extensions ['ignore', 'ignore_ament_install']
[0.219s] [34mcolcon.colcon_core.package_identification[0m [1;30mLevel 1[0m _identify(lerobot/src/lerobot/teleoperators/so100_leader) by extension 'ignore'
[0.219s] [34mcolcon.colcon_core.package_identification[0m [1;30mLevel 1[0m _identify(lerobot/src/lerobot/teleoperators/so100_leader) by extension 'ignore_ament_install'
[0.219s] [34mcolcon.colcon_core.package_identification[0m [1;30mLevel 1[0m _identify(lerobot/src/lerobot/teleoperators/so100_leader) by extensions ['colcon_pkg']
[0.219s] [34mcolcon.colcon_core.package_identification[0m [1;30mLevel 1[0m _identify(lerobot/src/lerobot/teleoperators/so100_leader) by extension 'colcon_pkg'
[0.219s] [34mcolcon.colcon_core.package_identification[0m [1;30mLevel 1[0m _identify(lerobot/src/lerobot/teleoperators/so100_leader) by extensions ['colcon_meta']
[0.219s] [34mcolcon.colcon_core.package_identification[0m [1;30mLevel 1[0m _identify(lerobot/src/lerobot/teleoperators/so100_leader) by extension 'colcon_meta'
[0.219s] [34mcolcon.colcon_core.package_identification[0m [1;30mLevel 1[0m _identify(lerobot/src/lerobot/teleoperators/so100_leader) by extensions ['ros']
[0.219s] [34mcolcon.colcon_core.package_identification[0m [1;30mLevel 1[0m _identify(lerobot/src/lerobot/teleoperators/so100_leader) by extension 'ros'
[0.219s] [34mcolcon.colcon_core.package_identification[0m [1;30mLevel 1[0m _identify(lerobot/src/lerobot/teleoperators/so100_leader) by extensions ['cmake', 'python']
[0.219s] [34mcolcon.colcon_core.package_identification[0m [1;30mLevel 1[0m _identify(lerobot/src/lerobot/teleoperators/so100_leader) by extension 'cmake'
[0.219s] [34mcolcon.colcon_core.package_identification[0m [1;30mLevel 1[0m _identify(lerobot/src/lerobot/teleoperators/so100_leader) by extension 'python'
[0.219s] [34mcolcon.colcon_core.package_identification[0m [1;30mLevel 1[0m _identify(lerobot/src/lerobot/teleoperators/so100_leader) by extensions ['python_setup_py']
[0.219s] [34mcolcon.colcon_core.package_identification[0m [1;30mLevel 1[0m _identify(lerobot/src/lerobot/teleoperators/so100_leader) by extension 'python_setup_py'
[0.219s] [34mcolcon.colcon_core.package_identification[0m [1;30mLevel 1[0m _identify(lerobot/src/lerobot/teleoperators/so100_leader/__pycache__) by extensions ['ignore', 'ignore_ament_install']
[0.219s] [34mcolcon.colcon_core.package_identification[0m [1;30mLevel 1[0m _identify(lerobot/src/lerobot/teleoperators/so100_leader/__pycache__) by extension 'ignore'
[0.219s] [34mcolcon.colcon_core.package_identification[0m [1;30mLevel 1[0m _identify(lerobot/src/lerobot/teleoperators/so100_leader/__pycache__) by extension 'ignore_ament_install'
[0.219s] [34mcolcon.colcon_core.package_identification[0m [1;30mLevel 1[0m _identify(lerobot/src/lerobot/teleoperators/so100_leader/__pycache__) by extensions ['colcon_pkg']
[0.219s] [34mcolcon.colcon_core.package_identification[0m [1;30mLevel 1[0m _identify(lerobot/src/lerobot/teleoperators/so100_leader/__pycache__) by extension 'colcon_pkg'
[0.219s] [34mcolcon.colcon_core.package_identification[0m [1;30mLevel 1[0m _identify(lerobot/src/lerobot/teleoperators/so100_leader/__pycache__) by extensions ['colcon_meta']
[0.219s] [34mcolcon.colcon_core.package_identification[0m [1;30mLevel 1[0m _identify(lerobot/src/lerobot/teleoperators/so100_leader/__pycache__) by extension 'colcon_meta'
[0.219s] [34mcolcon.colcon_core.package_identification[0m [1;30mLevel 1[0m _identify(lerobot/src/lerobot/teleoperators/so100_leader/__pycache__) by extensions ['ros']
[0.219s] [34mcolcon.colcon_core.package_identification[0m [1;30mLevel 1[0m _identify(lerobot/src/lerobot/teleoperators/so100_leader/__pycache__) by extension 'ros'
[0.219s] [34mcolcon.colcon_core.package_identification[0m [1;30mLevel 1[0m _identify(lerobot/src/lerobot/teleoperators/so100_leader/__pycache__) by extensions ['cmake', 'python']
[0.219s] [34mcolcon.colcon_core.package_identification[0m [1;30mLevel 1[0m _identify(lerobot/src/lerobot/teleoperators/so100_leader/__pycache__) by extension 'cmake'
[0.219s] [34mcolcon.colcon_core.package_identification[0m [1;30mLevel 1[0m _identify(lerobot/src/lerobot/teleoperators/so100_leader/__pycache__) by extension 'python'
[0.219s] [34mcolcon.colcon_core.package_identification[0m [1;30mLevel 1[0m _identify(lerobot/src/lerobot/teleoperators/so100_leader/__pycache__) by extensions ['python_setup_py']
[0.219s] [34mcolcon.colcon_core.package_identification[0m [1;30mLevel 1[0m _identify(lerobot/src/lerobot/teleoperators/so100_leader/__pycache__) by extension 'python_setup_py'
[0.219s] [34mcolcon.colcon_core.package_identification[0m [1;30mLevel 1[0m _identify(lerobot/src/lerobot/teleoperators/so101_leader) by extensions ['ignore', 'ignore_ament_install']
[0.219s] [34mcolcon.colcon_core.package_identification[0m [1;30mLevel 1[0m _identify(lerobot/src/lerobot/teleoperators/so101_leader) by extension 'ignore'
[0.219s] [34mcolcon.colcon_core.package_identification[0m [1;30mLevel 1[0m _identify(lerobot/src/lerobot/teleoperators/so101_leader) by extension 'ignore_ament_install'
[0.219s] [34mcolcon.colcon_core.package_identification[0m [1;30mLevel 1[0m _identify(lerobot/src/lerobot/teleoperators/so101_leader) by extensions ['colcon_pkg']
[0.219s] [34mcolcon.colcon_core.package_identification[0m [1;30mLevel 1[0m _identify(lerobot/src/lerobot/teleoperators/so101_leader) by extension 'colcon_pkg'
[0.219s] [34mcolcon.colcon_core.package_identification[0m [1;30mLevel 1[0m _identify(lerobot/src/lerobot/teleoperators/so101_leader) by extensions ['colcon_meta']
[0.219s] [34mcolcon.colcon_core.package_identification[0m [1;30mLevel 1[0m _identify(lerobot/src/lerobot/teleoperators/so101_leader) by extension 'colcon_meta'
[0.219s] [34mcolcon.colcon_core.package_identification[0m [1;30mLevel 1[0m _identify(lerobot/src/lerobot/teleoperators/so101_leader) by extensions ['ros']
[0.219s] [34mcolcon.colcon_core.package_identification[0m [1;30mLevel 1[0m _identify(lerobot/src/lerobot/teleoperators/so101_leader) by extension 'ros'
[0.219s] [34mcolcon.colcon_core.package_identification[0m [1;30mLevel 1[0m _identify(lerobot/src/lerobot/teleoperators/so101_leader) by extensions ['cmake', 'python']
[0.219s] [34mcolcon.colcon_core.package_identification[0m [1;30mLevel 1[0m _identify(lerobot/src/lerobot/teleoperators/so101_leader) by extension 'cmake'
[0.219s] [34mcolcon.colcon_core.package_identification[0m [1;30mLevel 1[0m _identify(lerobot/src/lerobot/teleoperators/so101_leader) by extension 'python'
[0.219s] [34mcolcon.colcon_core.package_identification[0m [1;30mLevel 1[0m _identify(lerobot/src/lerobot/teleoperators/so101_leader) by extensions ['python_setup_py']
[0.220s] [34mcolcon.colcon_core.package_identification[0m [1;30mLevel 1[0m _identify(lerobot/src/lerobot/teleoperators/so101_leader) by extension 'python_setup_py'
[0.220s] [34mcolcon.colcon_core.package_identification[0m [1;30mLevel 1[0m _identify(lerobot/src/lerobot/teleoperators/so101_leader/__pycache__) by extensions ['ignore', 'ignore_ament_install']
[0.220s] [34mcolcon.colcon_core.package_identification[0m [1;30mLevel 1[0m _identify(lerobot/src/lerobot/teleoperators/so101_leader/__pycache__) by extension 'ignore'
[0.220s] [34mcolcon.colcon_core.package_identification[0m [1;30mLevel 1[0m _identify(lerobot/src/lerobot/teleoperators/so101_leader/__pycache__) by extension 'ignore_ament_install'
[0.220s] [34mcolcon.colcon_core.package_identification[0m [1;30mLevel 1[0m _identify(lerobot/src/lerobot/teleoperators/so101_leader/__pycache__) by extensions ['colcon_pkg']
[0.220s] [34mcolcon.colcon_core.package_identification[0m [1;30mLevel 1[0m _identify(lerobot/src/lerobot/teleoperators/so101_leader/__pycache__) by extension 'colcon_pkg'
[0.220s] [34mcolcon.colcon_core.package_identification[0m [1;30mLevel 1[0m _identify(lerobot/src/lerobot/teleoperators/so101_leader/__pycache__) by extensions ['colcon_meta']
[0.220s] [34mcolcon.colcon_core.package_identification[0m [1;30mLevel 1[0m _identify(lerobot/src/lerobot/teleoperators/so101_leader/__pycache__) by extension 'colcon_meta'
[0.220s] [34mcolcon.colcon_core.package_identification[0m [1;30mLevel 1[0m _identify(lerobot/src/lerobot/teleoperators/so101_leader/__pycache__) by extensions ['ros']
[0.220s] [34mcolcon.colcon_core.package_identification[0m [1;30mLevel 1[0m _identify(lerobot/src/lerobot/teleoperators/so101_leader/__pycache__) by extension 'ros'
[0.220s] [34mcolcon.colcon_core.package_identification[0m [1;30mLevel 1[0m _identify(lerobot/src/lerobot/teleoperators/so101_leader/__pycache__) by extensions ['cmake', 'python']
[0.220s] [34mcolcon.colcon_core.package_identification[0m [1;30mLevel 1[0m _identify(lerobot/src/lerobot/teleoperators/so101_leader/__pycache__) by extension 'cmake'
[0.220s] [34mcolcon.colcon_core.package_identification[0m [1;30mLevel 1[0m _identify(lerobot/src/lerobot/teleoperators/so101_leader/__pycache__) by extension 'python'
[0.220s] [34mcolcon.colcon_core.package_identification[0m [1;30mLevel 1[0m _identify(lerobot/src/lerobot/teleoperators/so101_leader/__pycache__) by extensions ['python_setup_py']
[0.220s] [34mcolcon.colcon_core.package_identification[0m [1;30mLevel 1[0m _identify(lerobot/src/lerobot/teleoperators/so101_leader/__pycache__) by extension 'python_setup_py'
[0.220s] [34mcolcon.colcon_core.package_identification[0m [1;30mLevel 1[0m _identify(lerobot/src/lerobot/templates) by extensions ['ignore', 'ignore_ament_install']
[0.220s] [34mcolcon.colcon_core.package_identification[0m [1;30mLevel 1[0m _identify(lerobot/src/lerobot/templates) by extension 'ignore'
[0.220s] [34mcolcon.colcon_core.package_identification[0m [1;30mLevel 1[0m _identify(lerobot/src/lerobot/templates) by extension 'ignore_ament_install'
[0.220s] [34mcolcon.colcon_core.package_identification[0m [1;30mLevel 1[0m _identify(lerobot/src/lerobot/templates) by extensions ['colcon_pkg']
[0.220s] [34mcolcon.colcon_core.package_identification[0m [1;30mLevel 1[0m _identify(lerobot/src/lerobot/templates) by extension 'colcon_pkg'
[0.220s] [34mcolcon.colcon_core.package_identification[0m [1;30mLevel 1[0m _identify(lerobot/src/lerobot/templates) by extensions ['colcon_meta']
[0.220s] [34mcolcon.colcon_core.package_identification[0m [1;30mLevel 1[0m _identify(lerobot/src/lerobot/templates) by extension 'colcon_meta'
[0.220s] [34mcolcon.colcon_core.package_identification[0m [1;30mLevel 1[0m _identify(lerobot/src/lerobot/templates) by extensions ['ros']
[0.220s] [34mcolcon.colcon_core.package_identification[0m [1;30mLevel 1[0m _identify(lerobot/src/lerobot/templates) by extension 'ros'
[0.220s] [34mcolcon.colcon_core.package_identification[0m [1;30mLevel 1[0m _identify(lerobot/src/lerobot/templates) by extensions ['cmake', 'python']
[0.220s] [34mcolcon.colcon_core.package_identification[0m [1;30mLevel 1[0m _identify(lerobot/src/lerobot/templates) by extension 'cmake'
[0.220s] [34mcolcon.colcon_core.package_identification[0m [1;30mLevel 1[0m _identify(lerobot/src/lerobot/templates) by extension 'python'
[0.220s] [34mcolcon.colcon_core.package_identification[0m [1;30mLevel 1[0m _identify(lerobot/src/lerobot/templates) by extensions ['python_setup_py']
[0.220s] [34mcolcon.colcon_core.package_identification[0m [1;30mLevel 1[0m _identify(lerobot/src/lerobot/templates) by extension 'python_setup_py'
[0.220s] [34mcolcon.colcon_core.package_identification[0m [1;30mLevel 1[0m _identify(lerobot/src/lerobot/transport) by extensions ['ignore', 'ignore_ament_install']
[0.220s] [34mcolcon.colcon_core.package_identification[0m [1;30mLevel 1[0m _identify(lerobot/src/lerobot/transport) by extension 'ignore'
[0.220s] [34mcolcon.colcon_core.package_identification[0m [1;30mLevel 1[0m _identify(lerobot/src/lerobot/transport) by extension 'ignore_ament_install'
[0.220s] [34mcolcon.colcon_core.package_identification[0m [1;30mLevel 1[0m _identify(lerobot/src/lerobot/transport) by extensions ['colcon_pkg']
[0.220s] [34mcolcon.colcon_core.package_identification[0m [1;30mLevel 1[0m _identify(lerobot/src/lerobot/transport) by extension 'colcon_pkg'
[0.220s] [34mcolcon.colcon_core.package_identification[0m [1;30mLevel 1[0m _identify(lerobot/src/lerobot/transport) by extensions ['colcon_meta']
[0.220s] [34mcolcon.colcon_core.package_identification[0m [1;30mLevel 1[0m _identify(lerobot/src/lerobot/transport) by extension 'colcon_meta'
[0.220s] [34mcolcon.colcon_core.package_identification[0m [1;30mLevel 1[0m _identify(lerobot/src/lerobot/transport) by extensions ['ros']
[0.220s] [34mcolcon.colcon_core.package_identification[0m [1;30mLevel 1[0m _identify(lerobot/src/lerobot/transport) by extension 'ros'
[0.220s] [34mcolcon.colcon_core.package_identification[0m [1;30mLevel 1[0m _identify(lerobot/src/lerobot/transport) by extensions ['cmake', 'python']
[0.220s] [34mcolcon.colcon_core.package_identification[0m [1;30mLevel 1[0m _identify(lerobot/src/lerobot/transport) by extension 'cmake'
[0.220s] [34mcolcon.colcon_core.package_identification[0m [1;30mLevel 1[0m _identify(lerobot/src/lerobot/transport) by extension 'python'
[0.220s] [34mcolcon.colcon_core.package_identification[0m [1;30mLevel 1[0m _identify(lerobot/src/lerobot/transport) by extensions ['python_setup_py']
[0.220s] [34mcolcon.colcon_core.package_identification[0m [1;30mLevel 1[0m _identify(lerobot/src/lerobot/transport) by extension 'python_setup_py'
[0.220s] [34mcolcon.colcon_core.package_identification[0m [1;30mLevel 1[0m _identify(lerobot/src/lerobot/utils) by extensions ['ignore', 'ignore_ament_install']
[0.220s] [34mcolcon.colcon_core.package_identification[0m [1;30mLevel 1[0m _identify(lerobot/src/lerobot/utils) by extension 'ignore'
[0.220s] [34mcolcon.colcon_core.package_identification[0m [1;30mLevel 1[0m _identify(lerobot/src/lerobot/utils) by extension 'ignore_ament_install'
[0.220s] [34mcolcon.colcon_core.package_identification[0m [1;30mLevel 1[0m _identify(lerobot/src/lerobot/utils) by extensions ['colcon_pkg']
[0.220s] [34mcolcon.colcon_core.package_identification[0m [1;30mLevel 1[0m _identify(lerobot/src/lerobot/utils) by extension 'colcon_pkg'
[0.220s] [34mcolcon.colcon_core.package_identification[0m [1;30mLevel 1[0m _identify(lerobot/src/lerobot/utils) by extensions ['colcon_meta']
[0.220s] [34mcolcon.colcon_core.package_identification[0m [1;30mLevel 1[0m _identify(lerobot/src/lerobot/utils) by extension 'colcon_meta'
[0.220s] [34mcolcon.colcon_core.package_identification[0m [1;30mLevel 1[0m _identify(lerobot/src/lerobot/utils) by extensions ['ros']
[0.220s] [34mcolcon.colcon_core.package_identification[0m [1;30mLevel 1[0m _identify(lerobot/src/lerobot/utils) by extension 'ros'
[0.221s] [34mcolcon.colcon_core.package_identification[0m [1;30mLevel 1[0m _identify(lerobot/src/lerobot/utils) by extensions ['cmake', 'python']
[0.221s] [34mcolcon.colcon_core.package_identification[0m [1;30mLevel 1[0m _identify(lerobot/src/lerobot/utils) by extension 'cmake'
[0.221s] [34mcolcon.colcon_core.package_identification[0m [1;30mLevel 1[0m _identify(lerobot/src/lerobot/utils) by extension 'python'
[0.221s] [34mcolcon.colcon_core.package_identification[0m [1;30mLevel 1[0m _identify(lerobot/src/lerobot/utils) by extensions ['python_setup_py']
[0.221s] [34mcolcon.colcon_core.package_identification[0m [1;30mLevel 1[0m _identify(lerobot/src/lerobot/utils) by extension 'python_setup_py'
[0.221s] [34mcolcon.colcon_core.package_identification[0m [1;30mLevel 1[0m _identify(lerobot/src/lerobot/utils/__pycache__) by extensions ['ignore', 'ignore_ament_install']
[0.221s] [34mcolcon.colcon_core.package_identification[0m [1;30mLevel 1[0m _identify(lerobot/src/lerobot/utils/__pycache__) by extension 'ignore'
[0.221s] [34mcolcon.colcon_core.package_identification[0m [1;30mLevel 1[0m _identify(lerobot/src/lerobot/utils/__pycache__) by extension 'ignore_ament_install'
[0.221s] [34mcolcon.colcon_core.package_identification[0m [1;30mLevel 1[0m _identify(lerobot/src/lerobot/utils/__pycache__) by extensions ['colcon_pkg']
[0.221s] [34mcolcon.colcon_core.package_identification[0m [1;30mLevel 1[0m _identify(lerobot/src/lerobot/utils/__pycache__) by extension 'colcon_pkg'
[0.221s] [34mcolcon.colcon_core.package_identification[0m [1;30mLevel 1[0m _identify(lerobot/src/lerobot/utils/__pycache__) by extensions ['colcon_meta']
[0.221s] [34mcolcon.colcon_core.package_identification[0m [1;30mLevel 1[0m _identify(lerobot/src/lerobot/utils/__pycache__) by extension 'colcon_meta'
[0.221s] [34mcolcon.colcon_core.package_identification[0m [1;30mLevel 1[0m _identify(lerobot/src/lerobot/utils/__pycache__) by extensions ['ros']
[0.221s] [34mcolcon.colcon_core.package_identification[0m [1;30mLevel 1[0m _identify(lerobot/src/lerobot/utils/__pycache__) by extension 'ros'
[0.221s] [34mcolcon.colcon_core.package_identification[0m [1;30mLevel 1[0m _identify(lerobot/src/lerobot/utils/__pycache__) by extensions ['cmake', 'python']
[0.221s] [34mcolcon.colcon_core.package_identification[0m [1;30mLevel 1[0m _identify(lerobot/src/lerobot/utils/__pycache__) by extension 'cmake'
[0.221s] [34mcolcon.colcon_core.package_identification[0m [1;30mLevel 1[0m _identify(lerobot/src/lerobot/utils/__pycache__) by extension 'python'
[0.221s] [34mcolcon.colcon_core.package_identification[0m [1;30mLevel 1[0m _identify(lerobot/src/lerobot/utils/__pycache__) by extensions ['python_setup_py']
[0.221s] [34mcolcon.colcon_core.package_identification[0m [1;30mLevel 1[0m _identify(lerobot/src/lerobot/utils/__pycache__) by extension 'python_setup_py'
[0.221s] [34mcolcon.colcon_core.package_identification[0m [1;30mLevel 1[0m _identify(lerobot/src/lerobot.egg-info) by extensions ['ignore', 'ignore_ament_install']
[0.221s] [34mcolcon.colcon_core.package_identification[0m [1;30mLevel 1[0m _identify(lerobot/src/lerobot.egg-info) by extension 'ignore'
[0.221s] [34mcolcon.colcon_core.package_identification[0m [1;30mLevel 1[0m _identify(lerobot/src/lerobot.egg-info) by extension 'ignore_ament_install'
[0.221s] [34mcolcon.colcon_core.package_identification[0m [1;30mLevel 1[0m _identify(lerobot/src/lerobot.egg-info) by extensions ['colcon_pkg']
[0.221s] [34mcolcon.colcon_core.package_identification[0m [1;30mLevel 1[0m _identify(lerobot/src/lerobot.egg-info) by extension 'colcon_pkg'
[0.221s] [34mcolcon.colcon_core.package_identification[0m [1;30mLevel 1[0m _identify(lerobot/src/lerobot.egg-info) by extensions ['colcon_meta']
[0.221s] [34mcolcon.colcon_core.package_identification[0m [1;30mLevel 1[0m _identify(lerobot/src/lerobot.egg-info) by extension 'colcon_meta'
[0.221s] [34mcolcon.colcon_core.package_identification[0m [1;30mLevel 1[0m _identify(lerobot/src/lerobot.egg-info) by extensions ['ros']
[0.221s] [34mcolcon.colcon_core.package_identification[0m [1;30mLevel 1[0m _identify(lerobot/src/lerobot.egg-info) by extension 'ros'
[0.221s] [34mcolcon.colcon_core.package_identification[0m [1;30mLevel 1[0m _identify(lerobot/src/lerobot.egg-info) by extensions ['cmake', 'python']
[0.221s] [34mcolcon.colcon_core.package_identification[0m [1;30mLevel 1[0m _identify(lerobot/src/lerobot.egg-info) by extension 'cmake'
[0.221s] [34mcolcon.colcon_core.package_identification[0m [1;30mLevel 1[0m _identify(lerobot/src/lerobot.egg-info) by extension 'python'
[0.221s] [34mcolcon.colcon_core.package_identification[0m [1;30mLevel 1[0m _identify(lerobot/src/lerobot.egg-info) by extensions ['python_setup_py']
[0.221s] [34mcolcon.colcon_core.package_identification[0m [1;30mLevel 1[0m _identify(lerobot/src/lerobot.egg-info) by extension 'python_setup_py'
[0.221s] [34mcolcon.colcon_core.package_identification[0m [1;30mLevel 1[0m _identify(lerobot/tests) by extensions ['ignore', 'ignore_ament_install']
[0.221s] [34mcolcon.colcon_core.package_identification[0m [1;30mLevel 1[0m _identify(lerobot/tests) by extension 'ignore'
[0.221s] [34mcolcon.colcon_core.package_identification[0m [1;30mLevel 1[0m _identify(lerobot/tests) by extension 'ignore_ament_install'
[0.221s] [34mcolcon.colcon_core.package_identification[0m [1;30mLevel 1[0m _identify(lerobot/tests) by extensions ['colcon_pkg']
[0.221s] [34mcolcon.colcon_core.package_identification[0m [1;30mLevel 1[0m _identify(lerobot/tests) by extension 'colcon_pkg'
[0.221s] [34mcolcon.colcon_core.package_identification[0m [1;30mLevel 1[0m _identify(lerobot/tests) by extensions ['colcon_meta']
[0.221s] [34mcolcon.colcon_core.package_identification[0m [1;30mLevel 1[0m _identify(lerobot/tests) by extension 'colcon_meta'
[0.221s] [34mcolcon.colcon_core.package_identification[0m [1;30mLevel 1[0m _identify(lerobot/tests) by extensions ['ros']
[0.221s] [34mcolcon.colcon_core.package_identification[0m [1;30mLevel 1[0m _identify(lerobot/tests) by extension 'ros'
[0.221s] [34mcolcon.colcon_core.package_identification[0m [1;30mLevel 1[0m _identify(lerobot/tests) by extensions ['cmake', 'python']
[0.221s] [34mcolcon.colcon_core.package_identification[0m [1;30mLevel 1[0m _identify(lerobot/tests) by extension 'cmake'
[0.221s] [34mcolcon.colcon_core.package_identification[0m [1;30mLevel 1[0m _identify(lerobot/tests) by extension 'python'
[0.221s] [34mcolcon.colcon_core.package_identification[0m [1;30mLevel 1[0m _identify(lerobot/tests) by extensions ['python_setup_py']
[0.221s] [34mcolcon.colcon_core.package_identification[0m [1;30mLevel 1[0m _identify(lerobot/tests) by extension 'python_setup_py'
[0.221s] [34mcolcon.colcon_core.package_identification[0m [1;30mLevel 1[0m _identify(lerobot/tests/artifacts) by extensions ['ignore', 'ignore_ament_install']
[0.221s] [34mcolcon.colcon_core.package_identification[0m [1;30mLevel 1[0m _identify(lerobot/tests/artifacts) by extension 'ignore'
[0.221s] [34mcolcon.colcon_core.package_identification[0m [1;30mLevel 1[0m _identify(lerobot/tests/artifacts) by extension 'ignore_ament_install'
[0.221s] [34mcolcon.colcon_core.package_identification[0m [1;30mLevel 1[0m _identify(lerobot/tests/artifacts) by extensions ['colcon_pkg']
[0.221s] [34mcolcon.colcon_core.package_identification[0m [1;30mLevel 1[0m _identify(lerobot/tests/artifacts) by extension 'colcon_pkg'
[0.222s] [34mcolcon.colcon_core.package_identification[0m [1;30mLevel 1[0m _identify(lerobot/tests/artifacts) by extensions ['colcon_meta']
[0.222s] [34mcolcon.colcon_core.package_identification[0m [1;30mLevel 1[0m _identify(lerobot/tests/artifacts) by extension 'colcon_meta'
[0.222s] [34mcolcon.colcon_core.package_identification[0m [1;30mLevel 1[0m _identify(lerobot/tests/artifacts) by extensions ['ros']
[0.222s] [34mcolcon.colcon_core.package_identification[0m [1;30mLevel 1[0m _identify(lerobot/tests/artifacts) by extension 'ros'
[0.222s] [34mcolcon.colcon_core.package_identification[0m [1;30mLevel 1[0m _identify(lerobot/tests/artifacts) by extensions ['cmake', 'python']
[0.222s] [34mcolcon.colcon_core.package_identification[0m [1;30mLevel 1[0m _identify(lerobot/tests/artifacts) by extension 'cmake'
[0.222s] [34mcolcon.colcon_core.package_identification[0m [1;30mLevel 1[0m _identify(lerobot/tests/artifacts) by extension 'python'
[0.222s] [34mcolcon.colcon_core.package_identification[0m [1;30mLevel 1[0m _identify(lerobot/tests/artifacts) by extensions ['python_setup_py']
[0.222s] [34mcolcon.colcon_core.package_identification[0m [1;30mLevel 1[0m _identify(lerobot/tests/artifacts) by extension 'python_setup_py'
[0.222s] [34mcolcon.colcon_core.package_identification[0m [1;30mLevel 1[0m _identify(lerobot/tests/artifacts/cameras) by extensions ['ignore', 'ignore_ament_install']
[0.222s] [34mcolcon.colcon_core.package_identification[0m [1;30mLevel 1[0m _identify(lerobot/tests/artifacts/cameras) by extension 'ignore'
[0.222s] [34mcolcon.colcon_core.package_identification[0m [1;30mLevel 1[0m _identify(lerobot/tests/artifacts/cameras) by extension 'ignore_ament_install'
[0.222s] [34mcolcon.colcon_core.package_identification[0m [1;30mLevel 1[0m _identify(lerobot/tests/artifacts/cameras) by extensions ['colcon_pkg']
[0.222s] [34mcolcon.colcon_core.package_identification[0m [1;30mLevel 1[0m _identify(lerobot/tests/artifacts/cameras) by extension 'colcon_pkg'
[0.222s] [34mcolcon.colcon_core.package_identification[0m [1;30mLevel 1[0m _identify(lerobot/tests/artifacts/cameras) by extensions ['colcon_meta']
[0.222s] [34mcolcon.colcon_core.package_identification[0m [1;30mLevel 1[0m _identify(lerobot/tests/artifacts/cameras) by extension 'colcon_meta'
[0.222s] [34mcolcon.colcon_core.package_identification[0m [1;30mLevel 1[0m _identify(lerobot/tests/artifacts/cameras) by extensions ['ros']
[0.222s] [34mcolcon.colcon_core.package_identification[0m [1;30mLevel 1[0m _identify(lerobot/tests/artifacts/cameras) by extension 'ros'
[0.222s] [34mcolcon.colcon_core.package_identification[0m [1;30mLevel 1[0m _identify(lerobot/tests/artifacts/cameras) by extensions ['cmake', 'python']
[0.222s] [34mcolcon.colcon_core.package_identification[0m [1;30mLevel 1[0m _identify(lerobot/tests/artifacts/cameras) by extension 'cmake'
[0.222s] [34mcolcon.colcon_core.package_identification[0m [1;30mLevel 1[0m _identify(lerobot/tests/artifacts/cameras) by extension 'python'
[0.222s] [34mcolcon.colcon_core.package_identification[0m [1;30mLevel 1[0m _identify(lerobot/tests/artifacts/cameras) by extensions ['python_setup_py']
[0.222s] [34mcolcon.colcon_core.package_identification[0m [1;30mLevel 1[0m _identify(lerobot/tests/artifacts/cameras) by extension 'python_setup_py'
[0.222s] [34mcolcon.colcon_core.package_identification[0m [1;30mLevel 1[0m _identify(lerobot/tests/artifacts/datasets) by extensions ['ignore', 'ignore_ament_install']
[0.222s] [34mcolcon.colcon_core.package_identification[0m [1;30mLevel 1[0m _identify(lerobot/tests/artifacts/datasets) by extension 'ignore'
[0.222s] [34mcolcon.colcon_core.package_identification[0m [1;30mLevel 1[0m _identify(lerobot/tests/artifacts/datasets) by extension 'ignore_ament_install'
[0.222s] [34mcolcon.colcon_core.package_identification[0m [1;30mLevel 1[0m _identify(lerobot/tests/artifacts/datasets) by extensions ['colcon_pkg']
[0.222s] [34mcolcon.colcon_core.package_identification[0m [1;30mLevel 1[0m _identify(lerobot/tests/artifacts/datasets) by extension 'colcon_pkg'
[0.222s] [34mcolcon.colcon_core.package_identification[0m [1;30mLevel 1[0m _identify(lerobot/tests/artifacts/datasets) by extensions ['colcon_meta']
[0.222s] [34mcolcon.colcon_core.package_identification[0m [1;30mLevel 1[0m _identify(lerobot/tests/artifacts/datasets) by extension 'colcon_meta'
[0.222s] [34mcolcon.colcon_core.package_identification[0m [1;30mLevel 1[0m _identify(lerobot/tests/artifacts/datasets) by extensions ['ros']
[0.222s] [34mcolcon.colcon_core.package_identification[0m [1;30mLevel 1[0m _identify(lerobot/tests/artifacts/datasets) by extension 'ros'
[0.222s] [34mcolcon.colcon_core.package_identification[0m [1;30mLevel 1[0m _identify(lerobot/tests/artifacts/datasets) by extensions ['cmake', 'python']
[0.222s] [34mcolcon.colcon_core.package_identification[0m [1;30mLevel 1[0m _identify(lerobot/tests/artifacts/datasets) by extension 'cmake'
[0.222s] [34mcolcon.colcon_core.package_identification[0m [1;30mLevel 1[0m _identify(lerobot/tests/artifacts/datasets) by extension 'python'
[0.222s] [34mcolcon.colcon_core.package_identification[0m [1;30mLevel 1[0m _identify(lerobot/tests/artifacts/datasets) by extensions ['python_setup_py']
[0.222s] [34mcolcon.colcon_core.package_identification[0m [1;30mLevel 1[0m _identify(lerobot/tests/artifacts/datasets) by extension 'python_setup_py'
[0.222s] [34mcolcon.colcon_core.package_identification[0m [1;30mLevel 1[0m _identify(lerobot/tests/artifacts/datasets/lerobot) by extensions ['ignore', 'ignore_ament_install']
[0.222s] [34mcolcon.colcon_core.package_identification[0m [1;30mLevel 1[0m _identify(lerobot/tests/artifacts/datasets/lerobot) by extension 'ignore'
[0.222s] [34mcolcon.colcon_core.package_identification[0m [1;30mLevel 1[0m _identify(lerobot/tests/artifacts/datasets/lerobot) by extension 'ignore_ament_install'
[0.222s] [34mcolcon.colcon_core.package_identification[0m [1;30mLevel 1[0m _identify(lerobot/tests/artifacts/datasets/lerobot) by extensions ['colcon_pkg']
[0.222s] [34mcolcon.colcon_core.package_identification[0m [1;30mLevel 1[0m _identify(lerobot/tests/artifacts/datasets/lerobot) by extension 'colcon_pkg'
[0.222s] [34mcolcon.colcon_core.package_identification[0m [1;30mLevel 1[0m _identify(lerobot/tests/artifacts/datasets/lerobot) by extensions ['colcon_meta']
[0.222s] [34mcolcon.colcon_core.package_identification[0m [1;30mLevel 1[0m _identify(lerobot/tests/artifacts/datasets/lerobot) by extension 'colcon_meta'
[0.222s] [34mcolcon.colcon_core.package_identification[0m [1;30mLevel 1[0m _identify(lerobot/tests/artifacts/datasets/lerobot) by extensions ['ros']
[0.222s] [34mcolcon.colcon_core.package_identification[0m [1;30mLevel 1[0m _identify(lerobot/tests/artifacts/datasets/lerobot) by extension 'ros'
[0.222s] [34mcolcon.colcon_core.package_identification[0m [1;30mLevel 1[0m _identify(lerobot/tests/artifacts/datasets/lerobot) by extensions ['cmake', 'python']
[0.222s] [34mcolcon.colcon_core.package_identification[0m [1;30mLevel 1[0m _identify(lerobot/tests/artifacts/datasets/lerobot) by extension 'cmake'
[0.222s] [34mcolcon.colcon_core.package_identification[0m [1;30mLevel 1[0m _identify(lerobot/tests/artifacts/datasets/lerobot) by extension 'python'
[0.222s] [34mcolcon.colcon_core.package_identification[0m [1;30mLevel 1[0m _identify(lerobot/tests/artifacts/datasets/lerobot) by extensions ['python_setup_py']
[0.222s] [34mcolcon.colcon_core.package_identification[0m [1;30mLevel 1[0m _identify(lerobot/tests/artifacts/datasets/lerobot) by extension 'python_setup_py'
[0.222s] [34mcolcon.colcon_core.package_identification[0m [1;30mLevel 1[0m _identify(lerobot/tests/artifacts/datasets/lerobot/aloha_sim_insertion_human) by extensions ['ignore', 'ignore_ament_install']
[0.222s] [34mcolcon.colcon_core.package_identification[0m [1;30mLevel 1[0m _identify(lerobot/tests/artifacts/datasets/lerobot/aloha_sim_insertion_human) by extension 'ignore'
[0.223s] [34mcolcon.colcon_core.package_identification[0m [1;30mLevel 1[0m _identify(lerobot/tests/artifacts/datasets/lerobot/aloha_sim_insertion_human) by extension 'ignore_ament_install'
[0.223s] [34mcolcon.colcon_core.package_identification[0m [1;30mLevel 1[0m _identify(lerobot/tests/artifacts/datasets/lerobot/aloha_sim_insertion_human) by extensions ['colcon_pkg']
[0.223s] [34mcolcon.colcon_core.package_identification[0m [1;30mLevel 1[0m _identify(lerobot/tests/artifacts/datasets/lerobot/aloha_sim_insertion_human) by extension 'colcon_pkg'
[0.223s] [34mcolcon.colcon_core.package_identification[0m [1;30mLevel 1[0m _identify(lerobot/tests/artifacts/datasets/lerobot/aloha_sim_insertion_human) by extensions ['colcon_meta']
[0.223s] [34mcolcon.colcon_core.package_identification[0m [1;30mLevel 1[0m _identify(lerobot/tests/artifacts/datasets/lerobot/aloha_sim_insertion_human) by extension 'colcon_meta'
[0.223s] [34mcolcon.colcon_core.package_identification[0m [1;30mLevel 1[0m _identify(lerobot/tests/artifacts/datasets/lerobot/aloha_sim_insertion_human) by extensions ['ros']
[0.223s] [34mcolcon.colcon_core.package_identification[0m [1;30mLevel 1[0m _identify(lerobot/tests/artifacts/datasets/lerobot/aloha_sim_insertion_human) by extension 'ros'
[0.223s] [34mcolcon.colcon_core.package_identification[0m [1;30mLevel 1[0m _identify(lerobot/tests/artifacts/datasets/lerobot/aloha_sim_insertion_human) by extensions ['cmake', 'python']
[0.223s] [34mcolcon.colcon_core.package_identification[0m [1;30mLevel 1[0m _identify(lerobot/tests/artifacts/datasets/lerobot/aloha_sim_insertion_human) by extension 'cmake'
[0.223s] [34mcolcon.colcon_core.package_identification[0m [1;30mLevel 1[0m _identify(lerobot/tests/artifacts/datasets/lerobot/aloha_sim_insertion_human) by extension 'python'
[0.223s] [34mcolcon.colcon_core.package_identification[0m [1;30mLevel 1[0m _identify(lerobot/tests/artifacts/datasets/lerobot/aloha_sim_insertion_human) by extensions ['python_setup_py']
[0.223s] [34mcolcon.colcon_core.package_identification[0m [1;30mLevel 1[0m _identify(lerobot/tests/artifacts/datasets/lerobot/aloha_sim_insertion_human) by extension 'python_setup_py'
[0.223s] [34mcolcon.colcon_core.package_identification[0m [1;30mLevel 1[0m _identify(lerobot/tests/artifacts/datasets/lerobot/pusht) by extensions ['ignore', 'ignore_ament_install']
[0.223s] [34mcolcon.colcon_core.package_identification[0m [1;30mLevel 1[0m _identify(lerobot/tests/artifacts/datasets/lerobot/pusht) by extension 'ignore'
[0.223s] [34mcolcon.colcon_core.package_identification[0m [1;30mLevel 1[0m _identify(lerobot/tests/artifacts/datasets/lerobot/pusht) by extension 'ignore_ament_install'
[0.223s] [34mcolcon.colcon_core.package_identification[0m [1;30mLevel 1[0m _identify(lerobot/tests/artifacts/datasets/lerobot/pusht) by extensions ['colcon_pkg']
[0.223s] [34mcolcon.colcon_core.package_identification[0m [1;30mLevel 1[0m _identify(lerobot/tests/artifacts/datasets/lerobot/pusht) by extension 'colcon_pkg'
[0.223s] [34mcolcon.colcon_core.package_identification[0m [1;30mLevel 1[0m _identify(lerobot/tests/artifacts/datasets/lerobot/pusht) by extensions ['colcon_meta']
[0.223s] [34mcolcon.colcon_core.package_identification[0m [1;30mLevel 1[0m _identify(lerobot/tests/artifacts/datasets/lerobot/pusht) by extension 'colcon_meta'
[0.223s] [34mcolcon.colcon_core.package_identification[0m [1;30mLevel 1[0m _identify(lerobot/tests/artifacts/datasets/lerobot/pusht) by extensions ['ros']
[0.223s] [34mcolcon.colcon_core.package_identification[0m [1;30mLevel 1[0m _identify(lerobot/tests/artifacts/datasets/lerobot/pusht) by extension 'ros'
[0.223s] [34mcolcon.colcon_core.package_identification[0m [1;30mLevel 1[0m _identify(lerobot/tests/artifacts/datasets/lerobot/pusht) by extensions ['cmake', 'python']
[0.223s] [34mcolcon.colcon_core.package_identification[0m [1;30mLevel 1[0m _identify(lerobot/tests/artifacts/datasets/lerobot/pusht) by extension 'cmake'
[0.223s] [34mcolcon.colcon_core.package_identification[0m [1;30mLevel 1[0m _identify(lerobot/tests/artifacts/datasets/lerobot/pusht) by extension 'python'
[0.223s] [34mcolcon.colcon_core.package_identification[0m [1;30mLevel 1[0m _identify(lerobot/tests/artifacts/datasets/lerobot/pusht) by extensions ['python_setup_py']
[0.223s] [34mcolcon.colcon_core.package_identification[0m [1;30mLevel 1[0m _identify(lerobot/tests/artifacts/datasets/lerobot/pusht) by extension 'python_setup_py'
[0.223s] [34mcolcon.colcon_core.package_identification[0m [1;30mLevel 1[0m _identify(lerobot/tests/artifacts/datasets/lerobot/xarm_lift_medium) by extensions ['ignore', 'ignore_ament_install']
[0.223s] [34mcolcon.colcon_core.package_identification[0m [1;30mLevel 1[0m _identify(lerobot/tests/artifacts/datasets/lerobot/xarm_lift_medium) by extension 'ignore'
[0.223s] [34mcolcon.colcon_core.package_identification[0m [1;30mLevel 1[0m _identify(lerobot/tests/artifacts/datasets/lerobot/xarm_lift_medium) by extension 'ignore_ament_install'
[0.223s] [34mcolcon.colcon_core.package_identification[0m [1;30mLevel 1[0m _identify(lerobot/tests/artifacts/datasets/lerobot/xarm_lift_medium) by extensions ['colcon_pkg']
[0.223s] [34mcolcon.colcon_core.package_identification[0m [1;30mLevel 1[0m _identify(lerobot/tests/artifacts/datasets/lerobot/xarm_lift_medium) by extension 'colcon_pkg'
[0.223s] [34mcolcon.colcon_core.package_identification[0m [1;30mLevel 1[0m _identify(lerobot/tests/artifacts/datasets/lerobot/xarm_lift_medium) by extensions ['colcon_meta']
[0.223s] [34mcolcon.colcon_core.package_identification[0m [1;30mLevel 1[0m _identify(lerobot/tests/artifacts/datasets/lerobot/xarm_lift_medium) by extension 'colcon_meta'
[0.223s] [34mcolcon.colcon_core.package_identification[0m [1;30mLevel 1[0m _identify(lerobot/tests/artifacts/datasets/lerobot/xarm_lift_medium) by extensions ['ros']
[0.223s] [34mcolcon.colcon_core.package_identification[0m [1;30mLevel 1[0m _identify(lerobot/tests/artifacts/datasets/lerobot/xarm_lift_medium) by extension 'ros'
[0.223s] [34mcolcon.colcon_core.package_identification[0m [1;30mLevel 1[0m _identify(lerobot/tests/artifacts/datasets/lerobot/xarm_lift_medium) by extensions ['cmake', 'python']
[0.223s] [34mcolcon.colcon_core.package_identification[0m [1;30mLevel 1[0m _identify(lerobot/tests/artifacts/datasets/lerobot/xarm_lift_medium) by extension 'cmake'
[0.223s] [34mcolcon.colcon_core.package_identification[0m [1;30mLevel 1[0m _identify(lerobot/tests/artifacts/datasets/lerobot/xarm_lift_medium) by extension 'python'
[0.223s] [34mcolcon.colcon_core.package_identification[0m [1;30mLevel 1[0m _identify(lerobot/tests/artifacts/datasets/lerobot/xarm_lift_medium) by extensions ['python_setup_py']
[0.223s] [34mcolcon.colcon_core.package_identification[0m [1;30mLevel 1[0m _identify(lerobot/tests/artifacts/datasets/lerobot/xarm_lift_medium) by extension 'python_setup_py'
[0.223s] [34mcolcon.colcon_core.package_identification[0m [1;30mLevel 1[0m _identify(lerobot/tests/artifacts/image_transforms) by extensions ['ignore', 'ignore_ament_install']
[0.223s] [34mcolcon.colcon_core.package_identification[0m [1;30mLevel 1[0m _identify(lerobot/tests/artifacts/image_transforms) by extension 'ignore'
[0.223s] [34mcolcon.colcon_core.package_identification[0m [1;30mLevel 1[0m _identify(lerobot/tests/artifacts/image_transforms) by extension 'ignore_ament_install'
[0.223s] [34mcolcon.colcon_core.package_identification[0m [1;30mLevel 1[0m _identify(lerobot/tests/artifacts/image_transforms) by extensions ['colcon_pkg']
[0.223s] [34mcolcon.colcon_core.package_identification[0m [1;30mLevel 1[0m _identify(lerobot/tests/artifacts/image_transforms) by extension 'colcon_pkg'
[0.223s] [34mcolcon.colcon_core.package_identification[0m [1;30mLevel 1[0m _identify(lerobot/tests/artifacts/image_transforms) by extensions ['colcon_meta']
[0.223s] [34mcolcon.colcon_core.package_identification[0m [1;30mLevel 1[0m _identify(lerobot/tests/artifacts/image_transforms) by extension 'colcon_meta'
[0.223s] [34mcolcon.colcon_core.package_identification[0m [1;30mLevel 1[0m _identify(lerobot/tests/artifacts/image_transforms) by extensions ['ros']
[0.223s] [34mcolcon.colcon_core.package_identification[0m [1;30mLevel 1[0m _identify(lerobot/tests/artifacts/image_transforms) by extension 'ros'
[0.223s] [34mcolcon.colcon_core.package_identification[0m [1;30mLevel 1[0m _identify(lerobot/tests/artifacts/image_transforms) by extensions ['cmake', 'python']
[0.223s] [34mcolcon.colcon_core.package_identification[0m [1;30mLevel 1[0m _identify(lerobot/tests/artifacts/image_transforms) by extension 'cmake'
[0.223s] [34mcolcon.colcon_core.package_identification[0m [1;30mLevel 1[0m _identify(lerobot/tests/artifacts/image_transforms) by extension 'python'
[0.223s] [34mcolcon.colcon_core.package_identification[0m [1;30mLevel 1[0m _identify(lerobot/tests/artifacts/image_transforms) by extensions ['python_setup_py']
[0.223s] [34mcolcon.colcon_core.package_identification[0m [1;30mLevel 1[0m _identify(lerobot/tests/artifacts/image_transforms) by extension 'python_setup_py'
[0.224s] [34mcolcon.colcon_core.package_identification[0m [1;30mLevel 1[0m _identify(lerobot/tests/artifacts/policies) by extensions ['ignore', 'ignore_ament_install']
[0.224s] [34mcolcon.colcon_core.package_identification[0m [1;30mLevel 1[0m _identify(lerobot/tests/artifacts/policies) by extension 'ignore'
[0.224s] [34mcolcon.colcon_core.package_identification[0m [1;30mLevel 1[0m _identify(lerobot/tests/artifacts/policies) by extension 'ignore_ament_install'
[0.224s] [34mcolcon.colcon_core.package_identification[0m [1;30mLevel 1[0m _identify(lerobot/tests/artifacts/policies) by extensions ['colcon_pkg']
[0.224s] [34mcolcon.colcon_core.package_identification[0m [1;30mLevel 1[0m _identify(lerobot/tests/artifacts/policies) by extension 'colcon_pkg'
[0.224s] [34mcolcon.colcon_core.package_identification[0m [1;30mLevel 1[0m _identify(lerobot/tests/artifacts/policies) by extensions ['colcon_meta']
[0.224s] [34mcolcon.colcon_core.package_identification[0m [1;30mLevel 1[0m _identify(lerobot/tests/artifacts/policies) by extension 'colcon_meta'
[0.224s] [34mcolcon.colcon_core.package_identification[0m [1;30mLevel 1[0m _identify(lerobot/tests/artifacts/policies) by extensions ['ros']
[0.224s] [34mcolcon.colcon_core.package_identification[0m [1;30mLevel 1[0m _identify(lerobot/tests/artifacts/policies) by extension 'ros'
[0.224s] [34mcolcon.colcon_core.package_identification[0m [1;30mLevel 1[0m _identify(lerobot/tests/artifacts/policies) by extensions ['cmake', 'python']
[0.224s] [34mcolcon.colcon_core.package_identification[0m [1;30mLevel 1[0m _identify(lerobot/tests/artifacts/policies) by extension 'cmake'
[0.224s] [34mcolcon.colcon_core.package_identification[0m [1;30mLevel 1[0m _identify(lerobot/tests/artifacts/policies) by extension 'python'
[0.224s] [34mcolcon.colcon_core.package_identification[0m [1;30mLevel 1[0m _identify(lerobot/tests/artifacts/policies) by extensions ['python_setup_py']
[0.224s] [34mcolcon.colcon_core.package_identification[0m [1;30mLevel 1[0m _identify(lerobot/tests/artifacts/policies) by extension 'python_setup_py'
[0.224s] [34mcolcon.colcon_core.package_identification[0m [1;30mLevel 1[0m _identify(lerobot/tests/artifacts/policies/aloha_sim_insertion_human_act_) by extensions ['ignore', 'ignore_ament_install']
[0.224s] [34mcolcon.colcon_core.package_identification[0m [1;30mLevel 1[0m _identify(lerobot/tests/artifacts/policies/aloha_sim_insertion_human_act_) by extension 'ignore'
[0.224s] [34mcolcon.colcon_core.package_identification[0m [1;30mLevel 1[0m _identify(lerobot/tests/artifacts/policies/aloha_sim_insertion_human_act_) by extension 'ignore_ament_install'
[0.224s] [34mcolcon.colcon_core.package_identification[0m [1;30mLevel 1[0m _identify(lerobot/tests/artifacts/policies/aloha_sim_insertion_human_act_) by extensions ['colcon_pkg']
[0.224s] [34mcolcon.colcon_core.package_identification[0m [1;30mLevel 1[0m _identify(lerobot/tests/artifacts/policies/aloha_sim_insertion_human_act_) by extension 'colcon_pkg'
[0.224s] [34mcolcon.colcon_core.package_identification[0m [1;30mLevel 1[0m _identify(lerobot/tests/artifacts/policies/aloha_sim_insertion_human_act_) by extensions ['colcon_meta']
[0.224s] [34mcolcon.colcon_core.package_identification[0m [1;30mLevel 1[0m _identify(lerobot/tests/artifacts/policies/aloha_sim_insertion_human_act_) by extension 'colcon_meta'
[0.224s] [34mcolcon.colcon_core.package_identification[0m [1;30mLevel 1[0m _identify(lerobot/tests/artifacts/policies/aloha_sim_insertion_human_act_) by extensions ['ros']
[0.224s] [34mcolcon.colcon_core.package_identification[0m [1;30mLevel 1[0m _identify(lerobot/tests/artifacts/policies/aloha_sim_insertion_human_act_) by extension 'ros'
[0.224s] [34mcolcon.colcon_core.package_identification[0m [1;30mLevel 1[0m _identify(lerobot/tests/artifacts/policies/aloha_sim_insertion_human_act_) by extensions ['cmake', 'python']
[0.224s] [34mcolcon.colcon_core.package_identification[0m [1;30mLevel 1[0m _identify(lerobot/tests/artifacts/policies/aloha_sim_insertion_human_act_) by extension 'cmake'
[0.224s] [34mcolcon.colcon_core.package_identification[0m [1;30mLevel 1[0m _identify(lerobot/tests/artifacts/policies/aloha_sim_insertion_human_act_) by extension 'python'
[0.224s] [34mcolcon.colcon_core.package_identification[0m [1;30mLevel 1[0m _identify(lerobot/tests/artifacts/policies/aloha_sim_insertion_human_act_) by extensions ['python_setup_py']
[0.224s] [34mcolcon.colcon_core.package_identification[0m [1;30mLevel 1[0m _identify(lerobot/tests/artifacts/policies/aloha_sim_insertion_human_act_) by extension 'python_setup_py'
[0.224s] [34mcolcon.colcon_core.package_identification[0m [1;30mLevel 1[0m _identify(lerobot/tests/artifacts/policies/aloha_sim_insertion_human_act_1000_steps) by extensions ['ignore', 'ignore_ament_install']
[0.224s] [34mcolcon.colcon_core.package_identification[0m [1;30mLevel 1[0m _identify(lerobot/tests/artifacts/policies/aloha_sim_insertion_human_act_1000_steps) by extension 'ignore'
[0.224s] [34mcolcon.colcon_core.package_identification[0m [1;30mLevel 1[0m _identify(lerobot/tests/artifacts/policies/aloha_sim_insertion_human_act_1000_steps) by extension 'ignore_ament_install'
[0.224s] [34mcolcon.colcon_core.package_identification[0m [1;30mLevel 1[0m _identify(lerobot/tests/artifacts/policies/aloha_sim_insertion_human_act_1000_steps) by extensions ['colcon_pkg']
[0.224s] [34mcolcon.colcon_core.package_identification[0m [1;30mLevel 1[0m _identify(lerobot/tests/artifacts/policies/aloha_sim_insertion_human_act_1000_steps) by extension 'colcon_pkg'
[0.224s] [34mcolcon.colcon_core.package_identification[0m [1;30mLevel 1[0m _identify(lerobot/tests/artifacts/policies/aloha_sim_insertion_human_act_1000_steps) by extensions ['colcon_meta']
[0.224s] [34mcolcon.colcon_core.package_identification[0m [1;30mLevel 1[0m _identify(lerobot/tests/artifacts/policies/aloha_sim_insertion_human_act_1000_steps) by extension 'colcon_meta'
[0.224s] [34mcolcon.colcon_core.package_identification[0m [1;30mLevel 1[0m _identify(lerobot/tests/artifacts/policies/aloha_sim_insertion_human_act_1000_steps) by extensions ['ros']
[0.224s] [34mcolcon.colcon_core.package_identification[0m [1;30mLevel 1[0m _identify(lerobot/tests/artifacts/policies/aloha_sim_insertion_human_act_1000_steps) by extension 'ros'
[0.224s] [34mcolcon.colcon_core.package_identification[0m [1;30mLevel 1[0m _identify(lerobot/tests/artifacts/policies/aloha_sim_insertion_human_act_1000_steps) by extensions ['cmake', 'python']
[0.224s] [34mcolcon.colcon_core.package_identification[0m [1;30mLevel 1[0m _identify(lerobot/tests/artifacts/policies/aloha_sim_insertion_human_act_1000_steps) by extension 'cmake'
[0.224s] [34mcolcon.colcon_core.package_identification[0m [1;30mLevel 1[0m _identify(lerobot/tests/artifacts/policies/aloha_sim_insertion_human_act_1000_steps) by extension 'python'
[0.224s] [34mcolcon.colcon_core.package_identification[0m [1;30mLevel 1[0m _identify(lerobot/tests/artifacts/policies/aloha_sim_insertion_human_act_1000_steps) by extensions ['python_setup_py']
[0.224s] [34mcolcon.colcon_core.package_identification[0m [1;30mLevel 1[0m _identify(lerobot/tests/artifacts/policies/aloha_sim_insertion_human_act_1000_steps) by extension 'python_setup_py'
[0.224s] [34mcolcon.colcon_core.package_identification[0m [1;30mLevel 1[0m _identify(lerobot/tests/artifacts/policies/pusht_diffusion_) by extensions ['ignore', 'ignore_ament_install']
[0.224s] [34mcolcon.colcon_core.package_identification[0m [1;30mLevel 1[0m _identify(lerobot/tests/artifacts/policies/pusht_diffusion_) by extension 'ignore'
[0.224s] [34mcolcon.colcon_core.package_identification[0m [1;30mLevel 1[0m _identify(lerobot/tests/artifacts/policies/pusht_diffusion_) by extension 'ignore_ament_install'
[0.224s] [34mcolcon.colcon_core.package_identification[0m [1;30mLevel 1[0m _identify(lerobot/tests/artifacts/policies/pusht_diffusion_) by extensions ['colcon_pkg']
[0.224s] [34mcolcon.colcon_core.package_identification[0m [1;30mLevel 1[0m _identify(lerobot/tests/artifacts/policies/pusht_diffusion_) by extension 'colcon_pkg'
[0.224s] [34mcolcon.colcon_core.package_identification[0m [1;30mLevel 1[0m _identify(lerobot/tests/artifacts/policies/pusht_diffusion_) by extensions ['colcon_meta']
[0.224s] [34mcolcon.colcon_core.package_identification[0m [1;30mLevel 1[0m _identify(lerobot/tests/artifacts/policies/pusht_diffusion_) by extension 'colcon_meta'
[0.225s] [34mcolcon.colcon_core.package_identification[0m [1;30mLevel 1[0m _identify(lerobot/tests/artifacts/policies/pusht_diffusion_) by extensions ['ros']
[0.225s] [34mcolcon.colcon_core.package_identification[0m [1;30mLevel 1[0m _identify(lerobot/tests/artifacts/policies/pusht_diffusion_) by extension 'ros'
[0.225s] [34mcolcon.colcon_core.package_identification[0m [1;30mLevel 1[0m _identify(lerobot/tests/artifacts/policies/pusht_diffusion_) by extensions ['cmake', 'python']
[0.225s] [34mcolcon.colcon_core.package_identification[0m [1;30mLevel 1[0m _identify(lerobot/tests/artifacts/policies/pusht_diffusion_) by extension 'cmake'
[0.225s] [34mcolcon.colcon_core.package_identification[0m [1;30mLevel 1[0m _identify(lerobot/tests/artifacts/policies/pusht_diffusion_) by extension 'python'
[0.225s] [34mcolcon.colcon_core.package_identification[0m [1;30mLevel 1[0m _identify(lerobot/tests/artifacts/policies/pusht_diffusion_) by extensions ['python_setup_py']
[0.225s] [34mcolcon.colcon_core.package_identification[0m [1;30mLevel 1[0m _identify(lerobot/tests/artifacts/policies/pusht_diffusion_) by extension 'python_setup_py'
[0.225s] [34mcolcon.colcon_core.package_identification[0m [1;30mLevel 1[0m _identify(lerobot/tests/artifacts/policies/xarm_lift_medium_tdmpc_use_mpc) by extensions ['ignore', 'ignore_ament_install']
[0.225s] [34mcolcon.colcon_core.package_identification[0m [1;30mLevel 1[0m _identify(lerobot/tests/artifacts/policies/xarm_lift_medium_tdmpc_use_mpc) by extension 'ignore'
[0.225s] [34mcolcon.colcon_core.package_identification[0m [1;30mLevel 1[0m _identify(lerobot/tests/artifacts/policies/xarm_lift_medium_tdmpc_use_mpc) by extension 'ignore_ament_install'
[0.225s] [34mcolcon.colcon_core.package_identification[0m [1;30mLevel 1[0m _identify(lerobot/tests/artifacts/policies/xarm_lift_medium_tdmpc_use_mpc) by extensions ['colcon_pkg']
[0.225s] [34mcolcon.colcon_core.package_identification[0m [1;30mLevel 1[0m _identify(lerobot/tests/artifacts/policies/xarm_lift_medium_tdmpc_use_mpc) by extension 'colcon_pkg'
[0.225s] [34mcolcon.colcon_core.package_identification[0m [1;30mLevel 1[0m _identify(lerobot/tests/artifacts/policies/xarm_lift_medium_tdmpc_use_mpc) by extensions ['colcon_meta']
[0.225s] [34mcolcon.colcon_core.package_identification[0m [1;30mLevel 1[0m _identify(lerobot/tests/artifacts/policies/xarm_lift_medium_tdmpc_use_mpc) by extension 'colcon_meta'
[0.225s] [34mcolcon.colcon_core.package_identification[0m [1;30mLevel 1[0m _identify(lerobot/tests/artifacts/policies/xarm_lift_medium_tdmpc_use_mpc) by extensions ['ros']
[0.225s] [34mcolcon.colcon_core.package_identification[0m [1;30mLevel 1[0m _identify(lerobot/tests/artifacts/policies/xarm_lift_medium_tdmpc_use_mpc) by extension 'ros'
[0.225s] [34mcolcon.colcon_core.package_identification[0m [1;30mLevel 1[0m _identify(lerobot/tests/artifacts/policies/xarm_lift_medium_tdmpc_use_mpc) by extensions ['cmake', 'python']
[0.225s] [34mcolcon.colcon_core.package_identification[0m [1;30mLevel 1[0m _identify(lerobot/tests/artifacts/policies/xarm_lift_medium_tdmpc_use_mpc) by extension 'cmake'
[0.225s] [34mcolcon.colcon_core.package_identification[0m [1;30mLevel 1[0m _identify(lerobot/tests/artifacts/policies/xarm_lift_medium_tdmpc_use_mpc) by extension 'python'
[0.225s] [34mcolcon.colcon_core.package_identification[0m [1;30mLevel 1[0m _identify(lerobot/tests/artifacts/policies/xarm_lift_medium_tdmpc_use_mpc) by extensions ['python_setup_py']
[0.225s] [34mcolcon.colcon_core.package_identification[0m [1;30mLevel 1[0m _identify(lerobot/tests/artifacts/policies/xarm_lift_medium_tdmpc_use_mpc) by extension 'python_setup_py'
[0.225s] [34mcolcon.colcon_core.package_identification[0m [1;30mLevel 1[0m _identify(lerobot/tests/artifacts/policies/xarm_lift_medium_tdmpc_use_policy) by extensions ['ignore', 'ignore_ament_install']
[0.225s] [34mcolcon.colcon_core.package_identification[0m [1;30mLevel 1[0m _identify(lerobot/tests/artifacts/policies/xarm_lift_medium_tdmpc_use_policy) by extension 'ignore'
[0.225s] [34mcolcon.colcon_core.package_identification[0m [1;30mLevel 1[0m _identify(lerobot/tests/artifacts/policies/xarm_lift_medium_tdmpc_use_policy) by extension 'ignore_ament_install'
[0.225s] [34mcolcon.colcon_core.package_identification[0m [1;30mLevel 1[0m _identify(lerobot/tests/artifacts/policies/xarm_lift_medium_tdmpc_use_policy) by extensions ['colcon_pkg']
[0.225s] [34mcolcon.colcon_core.package_identification[0m [1;30mLevel 1[0m _identify(lerobot/tests/artifacts/policies/xarm_lift_medium_tdmpc_use_policy) by extension 'colcon_pkg'
[0.225s] [34mcolcon.colcon_core.package_identification[0m [1;30mLevel 1[0m _identify(lerobot/tests/artifacts/policies/xarm_lift_medium_tdmpc_use_policy) by extensions ['colcon_meta']
[0.225s] [34mcolcon.colcon_core.package_identification[0m [1;30mLevel 1[0m _identify(lerobot/tests/artifacts/policies/xarm_lift_medium_tdmpc_use_policy) by extension 'colcon_meta'
[0.225s] [34mcolcon.colcon_core.package_identification[0m [1;30mLevel 1[0m _identify(lerobot/tests/artifacts/policies/xarm_lift_medium_tdmpc_use_policy) by extensions ['ros']
[0.225s] [34mcolcon.colcon_core.package_identification[0m [1;30mLevel 1[0m _identify(lerobot/tests/artifacts/policies/xarm_lift_medium_tdmpc_use_policy) by extension 'ros'
[0.225s] [34mcolcon.colcon_core.package_identification[0m [1;30mLevel 1[0m _identify(lerobot/tests/artifacts/policies/xarm_lift_medium_tdmpc_use_policy) by extensions ['cmake', 'python']
[0.225s] [34mcolcon.colcon_core.package_identification[0m [1;30mLevel 1[0m _identify(lerobot/tests/artifacts/policies/xarm_lift_medium_tdmpc_use_policy) by extension 'cmake'
[0.225s] [34mcolcon.colcon_core.package_identification[0m [1;30mLevel 1[0m _identify(lerobot/tests/artifacts/policies/xarm_lift_medium_tdmpc_use_policy) by extension 'python'
[0.225s] [34mcolcon.colcon_core.package_identification[0m [1;30mLevel 1[0m _identify(lerobot/tests/artifacts/policies/xarm_lift_medium_tdmpc_use_policy) by extensions ['python_setup_py']
[0.225s] [34mcolcon.colcon_core.package_identification[0m [1;30mLevel 1[0m _identify(lerobot/tests/artifacts/policies/xarm_lift_medium_tdmpc_use_policy) by extension 'python_setup_py'
[0.225s] [34mcolcon.colcon_core.package_identification[0m [1;30mLevel 1[0m _identify(lerobot/tests/async_inference) by extensions ['ignore', 'ignore_ament_install']
[0.225s] [34mcolcon.colcon_core.package_identification[0m [1;30mLevel 1[0m _identify(lerobot/tests/async_inference) by extension 'ignore'
[0.225s] [34mcolcon.colcon_core.package_identification[0m [1;30mLevel 1[0m _identify(lerobot/tests/async_inference) by extension 'ignore_ament_install'
[0.225s] [34mcolcon.colcon_core.package_identification[0m [1;30mLevel 1[0m _identify(lerobot/tests/async_inference) by extensions ['colcon_pkg']
[0.225s] [34mcolcon.colcon_core.package_identification[0m [1;30mLevel 1[0m _identify(lerobot/tests/async_inference) by extension 'colcon_pkg'
[0.225s] [34mcolcon.colcon_core.package_identification[0m [1;30mLevel 1[0m _identify(lerobot/tests/async_inference) by extensions ['colcon_meta']
[0.225s] [34mcolcon.colcon_core.package_identification[0m [1;30mLevel 1[0m _identify(lerobot/tests/async_inference) by extension 'colcon_meta'
[0.225s] [34mcolcon.colcon_core.package_identification[0m [1;30mLevel 1[0m _identify(lerobot/tests/async_inference) by extensions ['ros']
[0.225s] [34mcolcon.colcon_core.package_identification[0m [1;30mLevel 1[0m _identify(lerobot/tests/async_inference) by extension 'ros'
[0.225s] [34mcolcon.colcon_core.package_identification[0m [1;30mLevel 1[0m _identify(lerobot/tests/async_inference) by extensions ['cmake', 'python']
[0.225s] [34mcolcon.colcon_core.package_identification[0m [1;30mLevel 1[0m _identify(lerobot/tests/async_inference) by extension 'cmake'
[0.225s] [34mcolcon.colcon_core.package_identification[0m [1;30mLevel 1[0m _identify(lerobot/tests/async_inference) by extension 'python'
[0.225s] [34mcolcon.colcon_core.package_identification[0m [1;30mLevel 1[0m _identify(lerobot/tests/async_inference) by extensions ['python_setup_py']
[0.225s] [34mcolcon.colcon_core.package_identification[0m [1;30mLevel 1[0m _identify(lerobot/tests/async_inference) by extension 'python_setup_py'
[0.225s] [34mcolcon.colcon_core.package_identification[0m [1;30mLevel 1[0m _identify(lerobot/tests/cameras) by extensions ['ignore', 'ignore_ament_install']
[0.225s] [34mcolcon.colcon_core.package_identification[0m [1;30mLevel 1[0m _identify(lerobot/tests/cameras) by extension 'ignore'
[0.225s] [34mcolcon.colcon_core.package_identification[0m [1;30mLevel 1[0m _identify(lerobot/tests/cameras) by extension 'ignore_ament_install'
[0.225s] [34mcolcon.colcon_core.package_identification[0m [1;30mLevel 1[0m _identify(lerobot/tests/cameras) by extensions ['colcon_pkg']
[0.226s] [34mcolcon.colcon_core.package_identification[0m [1;30mLevel 1[0m _identify(lerobot/tests/cameras) by extension 'colcon_pkg'
[0.226s] [34mcolcon.colcon_core.package_identification[0m [1;30mLevel 1[0m _identify(lerobot/tests/cameras) by extensions ['colcon_meta']
[0.226s] [34mcolcon.colcon_core.package_identification[0m [1;30mLevel 1[0m _identify(lerobot/tests/cameras) by extension 'colcon_meta'
[0.226s] [34mcolcon.colcon_core.package_identification[0m [1;30mLevel 1[0m _identify(lerobot/tests/cameras) by extensions ['ros']
[0.226s] [34mcolcon.colcon_core.package_identification[0m [1;30mLevel 1[0m _identify(lerobot/tests/cameras) by extension 'ros'
[0.226s] [34mcolcon.colcon_core.package_identification[0m [1;30mLevel 1[0m _identify(lerobot/tests/cameras) by extensions ['cmake', 'python']
[0.226s] [34mcolcon.colcon_core.package_identification[0m [1;30mLevel 1[0m _identify(lerobot/tests/cameras) by extension 'cmake'
[0.226s] [34mcolcon.colcon_core.package_identification[0m [1;30mLevel 1[0m _identify(lerobot/tests/cameras) by extension 'python'
[0.226s] [34mcolcon.colcon_core.package_identification[0m [1;30mLevel 1[0m _identify(lerobot/tests/cameras) by extensions ['python_setup_py']
[0.226s] [34mcolcon.colcon_core.package_identification[0m [1;30mLevel 1[0m _identify(lerobot/tests/cameras) by extension 'python_setup_py'
[0.226s] [34mcolcon.colcon_core.package_identification[0m [1;30mLevel 1[0m _identify(lerobot/tests/configs) by extensions ['ignore', 'ignore_ament_install']
[0.226s] [34mcolcon.colcon_core.package_identification[0m [1;30mLevel 1[0m _identify(lerobot/tests/configs) by extension 'ignore'
[0.226s] [34mcolcon.colcon_core.package_identification[0m [1;30mLevel 1[0m _identify(lerobot/tests/configs) by extension 'ignore_ament_install'
[0.226s] [34mcolcon.colcon_core.package_identification[0m [1;30mLevel 1[0m _identify(lerobot/tests/configs) by extensions ['colcon_pkg']
[0.226s] [34mcolcon.colcon_core.package_identification[0m [1;30mLevel 1[0m _identify(lerobot/tests/configs) by extension 'colcon_pkg'
[0.226s] [34mcolcon.colcon_core.package_identification[0m [1;30mLevel 1[0m _identify(lerobot/tests/configs) by extensions ['colcon_meta']
[0.226s] [34mcolcon.colcon_core.package_identification[0m [1;30mLevel 1[0m _identify(lerobot/tests/configs) by extension 'colcon_meta'
[0.226s] [34mcolcon.colcon_core.package_identification[0m [1;30mLevel 1[0m _identify(lerobot/tests/configs) by extensions ['ros']
[0.226s] [34mcolcon.colcon_core.package_identification[0m [1;30mLevel 1[0m _identify(lerobot/tests/configs) by extension 'ros'
[0.226s] [34mcolcon.colcon_core.package_identification[0m [1;30mLevel 1[0m _identify(lerobot/tests/configs) by extensions ['cmake', 'python']
[0.226s] [34mcolcon.colcon_core.package_identification[0m [1;30mLevel 1[0m _identify(lerobot/tests/configs) by extension 'cmake'
[0.226s] [34mcolcon.colcon_core.package_identification[0m [1;30mLevel 1[0m _identify(lerobot/tests/configs) by extension 'python'
[0.226s] [34mcolcon.colcon_core.package_identification[0m [1;30mLevel 1[0m _identify(lerobot/tests/configs) by extensions ['python_setup_py']
[0.226s] [34mcolcon.colcon_core.package_identification[0m [1;30mLevel 1[0m _identify(lerobot/tests/configs) by extension 'python_setup_py'
[0.226s] [34mcolcon.colcon_core.package_identification[0m [1;30mLevel 1[0m _identify(lerobot/tests/datasets) by extensions ['ignore', 'ignore_ament_install']
[0.226s] [34mcolcon.colcon_core.package_identification[0m [1;30mLevel 1[0m _identify(lerobot/tests/datasets) by extension 'ignore'
[0.226s] [34mcolcon.colcon_core.package_identification[0m [1;30mLevel 1[0m _identify(lerobot/tests/datasets) by extension 'ignore_ament_install'
[0.226s] [34mcolcon.colcon_core.package_identification[0m [1;30mLevel 1[0m _identify(lerobot/tests/datasets) by extensions ['colcon_pkg']
[0.226s] [34mcolcon.colcon_core.package_identification[0m [1;30mLevel 1[0m _identify(lerobot/tests/datasets) by extension 'colcon_pkg'
[0.226s] [34mcolcon.colcon_core.package_identification[0m [1;30mLevel 1[0m _identify(lerobot/tests/datasets) by extensions ['colcon_meta']
[0.226s] [34mcolcon.colcon_core.package_identification[0m [1;30mLevel 1[0m _identify(lerobot/tests/datasets) by extension 'colcon_meta'
[0.226s] [34mcolcon.colcon_core.package_identification[0m [1;30mLevel 1[0m _identify(lerobot/tests/datasets) by extensions ['ros']
[0.226s] [34mcolcon.colcon_core.package_identification[0m [1;30mLevel 1[0m _identify(lerobot/tests/datasets) by extension 'ros'
[0.226s] [34mcolcon.colcon_core.package_identification[0m [1;30mLevel 1[0m _identify(lerobot/tests/datasets) by extensions ['cmake', 'python']
[0.226s] [34mcolcon.colcon_core.package_identification[0m [1;30mLevel 1[0m _identify(lerobot/tests/datasets) by extension 'cmake'
[0.226s] [34mcolcon.colcon_core.package_identification[0m [1;30mLevel 1[0m _identify(lerobot/tests/datasets) by extension 'python'
[0.226s] [34mcolcon.colcon_core.package_identification[0m [1;30mLevel 1[0m _identify(lerobot/tests/datasets) by extensions ['python_setup_py']
[0.226s] [34mcolcon.colcon_core.package_identification[0m [1;30mLevel 1[0m _identify(lerobot/tests/datasets) by extension 'python_setup_py'
[0.226s] [34mcolcon.colcon_core.package_identification[0m [1;30mLevel 1[0m _identify(lerobot/tests/envs) by extensions ['ignore', 'ignore_ament_install']
[0.226s] [34mcolcon.colcon_core.package_identification[0m [1;30mLevel 1[0m _identify(lerobot/tests/envs) by extension 'ignore'
[0.226s] [34mcolcon.colcon_core.package_identification[0m [1;30mLevel 1[0m _identify(lerobot/tests/envs) by extension 'ignore_ament_install'
[0.226s] [34mcolcon.colcon_core.package_identification[0m [1;30mLevel 1[0m _identify(lerobot/tests/envs) by extensions ['colcon_pkg']
[0.226s] [34mcolcon.colcon_core.package_identification[0m [1;30mLevel 1[0m _identify(lerobot/tests/envs) by extension 'colcon_pkg'
[0.226s] [34mcolcon.colcon_core.package_identification[0m [1;30mLevel 1[0m _identify(lerobot/tests/envs) by extensions ['colcon_meta']
[0.226s] [34mcolcon.colcon_core.package_identification[0m [1;30mLevel 1[0m _identify(lerobot/tests/envs) by extension 'colcon_meta'
[0.226s] [34mcolcon.colcon_core.package_identification[0m [1;30mLevel 1[0m _identify(lerobot/tests/envs) by extensions ['ros']
[0.226s] [34mcolcon.colcon_core.package_identification[0m [1;30mLevel 1[0m _identify(lerobot/tests/envs) by extension 'ros'
[0.226s] [34mcolcon.colcon_core.package_identification[0m [1;30mLevel 1[0m _identify(lerobot/tests/envs) by extensions ['cmake', 'python']
[0.226s] [34mcolcon.colcon_core.package_identification[0m [1;30mLevel 1[0m _identify(lerobot/tests/envs) by extension 'cmake'
[0.226s] [34mcolcon.colcon_core.package_identification[0m [1;30mLevel 1[0m _identify(lerobot/tests/envs) by extension 'python'
[0.226s] [34mcolcon.colcon_core.package_identification[0m [1;30mLevel 1[0m _identify(lerobot/tests/envs) by extensions ['python_setup_py']
[0.226s] [34mcolcon.colcon_core.package_identification[0m [1;30mLevel 1[0m _identify(lerobot/tests/envs) by extension 'python_setup_py'
[0.226s] [34mcolcon.colcon_core.package_identification[0m [1;30mLevel 1[0m _identify(lerobot/tests/fixtures) by extensions ['ignore', 'ignore_ament_install']
[0.226s] [34mcolcon.colcon_core.package_identification[0m [1;30mLevel 1[0m _identify(lerobot/tests/fixtures) by extension 'ignore'
[0.227s] [34mcolcon.colcon_core.package_identification[0m [1;30mLevel 1[0m _identify(lerobot/tests/fixtures) by extension 'ignore_ament_install'
[0.227s] [34mcolcon.colcon_core.package_identification[0m [1;30mLevel 1[0m _identify(lerobot/tests/fixtures) by extensions ['colcon_pkg']
[0.227s] [34mcolcon.colcon_core.package_identification[0m [1;30mLevel 1[0m _identify(lerobot/tests/fixtures) by extension 'colcon_pkg'
[0.227s] [34mcolcon.colcon_core.package_identification[0m [1;30mLevel 1[0m _identify(lerobot/tests/fixtures) by extensions ['colcon_meta']
[0.227s] [34mcolcon.colcon_core.package_identification[0m [1;30mLevel 1[0m _identify(lerobot/tests/fixtures) by extension 'colcon_meta'
[0.227s] [34mcolcon.colcon_core.package_identification[0m [1;30mLevel 1[0m _identify(lerobot/tests/fixtures) by extensions ['ros']
[0.227s] [34mcolcon.colcon_core.package_identification[0m [1;30mLevel 1[0m _identify(lerobot/tests/fixtures) by extension 'ros'
[0.227s] [34mcolcon.colcon_core.package_identification[0m [1;30mLevel 1[0m _identify(lerobot/tests/fixtures) by extensions ['cmake', 'python']
[0.227s] [34mcolcon.colcon_core.package_identification[0m [1;30mLevel 1[0m _identify(lerobot/tests/fixtures) by extension 'cmake'
[0.227s] [34mcolcon.colcon_core.package_identification[0m [1;30mLevel 1[0m _identify(lerobot/tests/fixtures) by extension 'python'
[0.227s] [34mcolcon.colcon_core.package_identification[0m [1;30mLevel 1[0m _identify(lerobot/tests/fixtures) by extensions ['python_setup_py']
[0.227s] [34mcolcon.colcon_core.package_identification[0m [1;30mLevel 1[0m _identify(lerobot/tests/fixtures) by extension 'python_setup_py'
[0.227s] [34mcolcon.colcon_core.package_identification[0m [1;30mLevel 1[0m _identify(lerobot/tests/mocks) by extensions ['ignore', 'ignore_ament_install']
[0.227s] [34mcolcon.colcon_core.package_identification[0m [1;30mLevel 1[0m _identify(lerobot/tests/mocks) by extension 'ignore'
[0.227s] [34mcolcon.colcon_core.package_identification[0m [1;30mLevel 1[0m _identify(lerobot/tests/mocks) by extension 'ignore_ament_install'
[0.227s] [34mcolcon.colcon_core.package_identification[0m [1;30mLevel 1[0m _identify(lerobot/tests/mocks) by extensions ['colcon_pkg']
[0.227s] [34mcolcon.colcon_core.package_identification[0m [1;30mLevel 1[0m _identify(lerobot/tests/mocks) by extension 'colcon_pkg'
[0.227s] [34mcolcon.colcon_core.package_identification[0m [1;30mLevel 1[0m _identify(lerobot/tests/mocks) by extensions ['colcon_meta']
[0.227s] [34mcolcon.colcon_core.package_identification[0m [1;30mLevel 1[0m _identify(lerobot/tests/mocks) by extension 'colcon_meta'
[0.227s] [34mcolcon.colcon_core.package_identification[0m [1;30mLevel 1[0m _identify(lerobot/tests/mocks) by extensions ['ros']
[0.227s] [34mcolcon.colcon_core.package_identification[0m [1;30mLevel 1[0m _identify(lerobot/tests/mocks) by extension 'ros'
[0.227s] [34mcolcon.colcon_core.package_identification[0m [1;30mLevel 1[0m _identify(lerobot/tests/mocks) by extensions ['cmake', 'python']
[0.227s] [34mcolcon.colcon_core.package_identification[0m [1;30mLevel 1[0m _identify(lerobot/tests/mocks) by extension 'cmake'
[0.227s] [34mcolcon.colcon_core.package_identification[0m [1;30mLevel 1[0m _identify(lerobot/tests/mocks) by extension 'python'
[0.227s] [34mcolcon.colcon_core.package_identification[0m [1;30mLevel 1[0m _identify(lerobot/tests/mocks) by extensions ['python_setup_py']
[0.227s] [34mcolcon.colcon_core.package_identification[0m [1;30mLevel 1[0m _identify(lerobot/tests/mocks) by extension 'python_setup_py'
[0.227s] [34mcolcon.colcon_core.package_identification[0m [1;30mLevel 1[0m _identify(lerobot/tests/motors) by extensions ['ignore', 'ignore_ament_install']
[0.227s] [34mcolcon.colcon_core.package_identification[0m [1;30mLevel 1[0m _identify(lerobot/tests/motors) by extension 'ignore'
[0.227s] [34mcolcon.colcon_core.package_identification[0m [1;30mLevel 1[0m _identify(lerobot/tests/motors) by extension 'ignore_ament_install'
[0.227s] [34mcolcon.colcon_core.package_identification[0m [1;30mLevel 1[0m _identify(lerobot/tests/motors) by extensions ['colcon_pkg']
[0.227s] [34mcolcon.colcon_core.package_identification[0m [1;30mLevel 1[0m _identify(lerobot/tests/motors) by extension 'colcon_pkg'
[0.227s] [34mcolcon.colcon_core.package_identification[0m [1;30mLevel 1[0m _identify(lerobot/tests/motors) by extensions ['colcon_meta']
[0.227s] [34mcolcon.colcon_core.package_identification[0m [1;30mLevel 1[0m _identify(lerobot/tests/motors) by extension 'colcon_meta'
[0.227s] [34mcolcon.colcon_core.package_identification[0m [1;30mLevel 1[0m _identify(lerobot/tests/motors) by extensions ['ros']
[0.227s] [34mcolcon.colcon_core.package_identification[0m [1;30mLevel 1[0m _identify(lerobot/tests/motors) by extension 'ros'
[0.227s] [34mcolcon.colcon_core.package_identification[0m [1;30mLevel 1[0m _identify(lerobot/tests/motors) by extensions ['cmake', 'python']
[0.227s] [34mcolcon.colcon_core.package_identification[0m [1;30mLevel 1[0m _identify(lerobot/tests/motors) by extension 'cmake'
[0.227s] [34mcolcon.colcon_core.package_identification[0m [1;30mLevel 1[0m _identify(lerobot/tests/motors) by extension 'python'
[0.227s] [34mcolcon.colcon_core.package_identification[0m [1;30mLevel 1[0m _identify(lerobot/tests/motors) by extensions ['python_setup_py']
[0.227s] [34mcolcon.colcon_core.package_identification[0m [1;30mLevel 1[0m _identify(lerobot/tests/motors) by extension 'python_setup_py'
[0.227s] [34mcolcon.colcon_core.package_identification[0m [1;30mLevel 1[0m _identify(lerobot/tests/optim) by extensions ['ignore', 'ignore_ament_install']
[0.227s] [34mcolcon.colcon_core.package_identification[0m [1;30mLevel 1[0m _identify(lerobot/tests/optim) by extension 'ignore'
[0.227s] [34mcolcon.colcon_core.package_identification[0m [1;30mLevel 1[0m _identify(lerobot/tests/optim) by extension 'ignore_ament_install'
[0.227s] [34mcolcon.colcon_core.package_identification[0m [1;30mLevel 1[0m _identify(lerobot/tests/optim) by extensions ['colcon_pkg']
[0.227s] [34mcolcon.colcon_core.package_identification[0m [1;30mLevel 1[0m _identify(lerobot/tests/optim) by extension 'colcon_pkg'
[0.227s] [34mcolcon.colcon_core.package_identification[0m [1;30mLevel 1[0m _identify(lerobot/tests/optim) by extensions ['colcon_meta']
[0.227s] [34mcolcon.colcon_core.package_identification[0m [1;30mLevel 1[0m _identify(lerobot/tests/optim) by extension 'colcon_meta'
[0.227s] [34mcolcon.colcon_core.package_identification[0m [1;30mLevel 1[0m _identify(lerobot/tests/optim) by extensions ['ros']
[0.227s] [34mcolcon.colcon_core.package_identification[0m [1;30mLevel 1[0m _identify(lerobot/tests/optim) by extension 'ros'
[0.227s] [34mcolcon.colcon_core.package_identification[0m [1;30mLevel 1[0m _identify(lerobot/tests/optim) by extensions ['cmake', 'python']
[0.227s] [34mcolcon.colcon_core.package_identification[0m [1;30mLevel 1[0m _identify(lerobot/tests/optim) by extension 'cmake'
[0.227s] [34mcolcon.colcon_core.package_identification[0m [1;30mLevel 1[0m _identify(lerobot/tests/optim) by extension 'python'
[0.227s] [34mcolcon.colcon_core.package_identification[0m [1;30mLevel 1[0m _identify(lerobot/tests/optim) by extensions ['python_setup_py']
[0.227s] [34mcolcon.colcon_core.package_identification[0m [1;30mLevel 1[0m _identify(lerobot/tests/optim) by extension 'python_setup_py'
[0.227s] [34mcolcon.colcon_core.package_identification[0m [1;30mLevel 1[0m _identify(lerobot/tests/plugins) by extensions ['ignore', 'ignore_ament_install']
[0.228s] [34mcolcon.colcon_core.package_identification[0m [1;30mLevel 1[0m _identify(lerobot/tests/plugins) by extension 'ignore'
[0.228s] [34mcolcon.colcon_core.package_identification[0m [1;30mLevel 1[0m _identify(lerobot/tests/plugins) by extension 'ignore_ament_install'
[0.228s] [34mcolcon.colcon_core.package_identification[0m [1;30mLevel 1[0m _identify(lerobot/tests/plugins) by extensions ['colcon_pkg']
[0.228s] [34mcolcon.colcon_core.package_identification[0m [1;30mLevel 1[0m _identify(lerobot/tests/plugins) by extension 'colcon_pkg'
[0.228s] [34mcolcon.colcon_core.package_identification[0m [1;30mLevel 1[0m _identify(lerobot/tests/plugins) by extensions ['colcon_meta']
[0.228s] [34mcolcon.colcon_core.package_identification[0m [1;30mLevel 1[0m _identify(lerobot/tests/plugins) by extension 'colcon_meta'
[0.228s] [34mcolcon.colcon_core.package_identification[0m [1;30mLevel 1[0m _identify(lerobot/tests/plugins) by extensions ['ros']
[0.228s] [34mcolcon.colcon_core.package_identification[0m [1;30mLevel 1[0m _identify(lerobot/tests/plugins) by extension 'ros'
[0.228s] [34mcolcon.colcon_core.package_identification[0m [1;30mLevel 1[0m _identify(lerobot/tests/plugins) by extensions ['cmake', 'python']
[0.228s] [34mcolcon.colcon_core.package_identification[0m [1;30mLevel 1[0m _identify(lerobot/tests/plugins) by extension 'cmake'
[0.228s] [34mcolcon.colcon_core.package_identification[0m [1;30mLevel 1[0m _identify(lerobot/tests/plugins) by extension 'python'
[0.228s] [34mcolcon.colcon_core.package_identification[0m [1;30mLevel 1[0m _identify(lerobot/tests/plugins) by extensions ['python_setup_py']
[0.228s] [34mcolcon.colcon_core.package_identification[0m [1;30mLevel 1[0m _identify(lerobot/tests/plugins) by extension 'python_setup_py'
[0.228s] [34mcolcon.colcon_core.package_identification[0m [1;30mLevel 1[0m _identify(lerobot/tests/policies) by extensions ['ignore', 'ignore_ament_install']
[0.228s] [34mcolcon.colcon_core.package_identification[0m [1;30mLevel 1[0m _identify(lerobot/tests/policies) by extension 'ignore'
[0.228s] [34mcolcon.colcon_core.package_identification[0m [1;30mLevel 1[0m _identify(lerobot/tests/policies) by extension 'ignore_ament_install'
[0.228s] [34mcolcon.colcon_core.package_identification[0m [1;30mLevel 1[0m _identify(lerobot/tests/policies) by extensions ['colcon_pkg']
[0.228s] [34mcolcon.colcon_core.package_identification[0m [1;30mLevel 1[0m _identify(lerobot/tests/policies) by extension 'colcon_pkg'
[0.228s] [34mcolcon.colcon_core.package_identification[0m [1;30mLevel 1[0m _identify(lerobot/tests/policies) by extensions ['colcon_meta']
[0.228s] [34mcolcon.colcon_core.package_identification[0m [1;30mLevel 1[0m _identify(lerobot/tests/policies) by extension 'colcon_meta'
[0.228s] [34mcolcon.colcon_core.package_identification[0m [1;30mLevel 1[0m _identify(lerobot/tests/policies) by extensions ['ros']
[0.228s] [34mcolcon.colcon_core.package_identification[0m [1;30mLevel 1[0m _identify(lerobot/tests/policies) by extension 'ros'
[0.228s] [34mcolcon.colcon_core.package_identification[0m [1;30mLevel 1[0m _identify(lerobot/tests/policies) by extensions ['cmake', 'python']
[0.228s] [34mcolcon.colcon_core.package_identification[0m [1;30mLevel 1[0m _identify(lerobot/tests/policies) by extension 'cmake'
[0.228s] [34mcolcon.colcon_core.package_identification[0m [1;30mLevel 1[0m _identify(lerobot/tests/policies) by extension 'python'
[0.228s] [34mcolcon.colcon_core.package_identification[0m [1;30mLevel 1[0m _identify(lerobot/tests/policies) by extensions ['python_setup_py']
[0.228s] [34mcolcon.colcon_core.package_identification[0m [1;30mLevel 1[0m _identify(lerobot/tests/policies) by extension 'python_setup_py'
[0.228s] [34mcolcon.colcon_core.package_identification[0m [1;30mLevel 1[0m _identify(lerobot/tests/policies/groot) by extensions ['ignore', 'ignore_ament_install']
[0.228s] [34mcolcon.colcon_core.package_identification[0m [1;30mLevel 1[0m _identify(lerobot/tests/policies/groot) by extension 'ignore'
[0.228s] [34mcolcon.colcon_core.package_identification[0m [1;30mLevel 1[0m _identify(lerobot/tests/policies/groot) by extension 'ignore_ament_install'
[0.228s] [34mcolcon.colcon_core.package_identification[0m [1;30mLevel 1[0m _identify(lerobot/tests/policies/groot) by extensions ['colcon_pkg']
[0.228s] [34mcolcon.colcon_core.package_identification[0m [1;30mLevel 1[0m _identify(lerobot/tests/policies/groot) by extension 'colcon_pkg'
[0.228s] [34mcolcon.colcon_core.package_identification[0m [1;30mLevel 1[0m _identify(lerobot/tests/policies/groot) by extensions ['colcon_meta']
[0.228s] [34mcolcon.colcon_core.package_identification[0m [1;30mLevel 1[0m _identify(lerobot/tests/policies/groot) by extension 'colcon_meta'
[0.228s] [34mcolcon.colcon_core.package_identification[0m [1;30mLevel 1[0m _identify(lerobot/tests/policies/groot) by extensions ['ros']
[0.228s] [34mcolcon.colcon_core.package_identification[0m [1;30mLevel 1[0m _identify(lerobot/tests/policies/groot) by extension 'ros'
[0.228s] [34mcolcon.colcon_core.package_identification[0m [1;30mLevel 1[0m _identify(lerobot/tests/policies/groot) by extensions ['cmake', 'python']
[0.228s] [34mcolcon.colcon_core.package_identification[0m [1;30mLevel 1[0m _identify(lerobot/tests/policies/groot) by extension 'cmake'
[0.228s] [34mcolcon.colcon_core.package_identification[0m [1;30mLevel 1[0m _identify(lerobot/tests/policies/groot) by extension 'python'
[0.228s] [34mcolcon.colcon_core.package_identification[0m [1;30mLevel 1[0m _identify(lerobot/tests/policies/groot) by extensions ['python_setup_py']
[0.228s] [34mcolcon.colcon_core.package_identification[0m [1;30mLevel 1[0m _identify(lerobot/tests/policies/groot) by extension 'python_setup_py'
[0.228s] [34mcolcon.colcon_core.package_identification[0m [1;30mLevel 1[0m _identify(lerobot/tests/policies/hilserl) by extensions ['ignore', 'ignore_ament_install']
[0.228s] [34mcolcon.colcon_core.package_identification[0m [1;30mLevel 1[0m _identify(lerobot/tests/policies/hilserl) by extension 'ignore'
[0.228s] [34mcolcon.colcon_core.package_identification[0m [1;30mLevel 1[0m _identify(lerobot/tests/policies/hilserl) by extension 'ignore_ament_install'
[0.228s] [34mcolcon.colcon_core.package_identification[0m [1;30mLevel 1[0m _identify(lerobot/tests/policies/hilserl) by extensions ['colcon_pkg']
[0.228s] [34mcolcon.colcon_core.package_identification[0m [1;30mLevel 1[0m _identify(lerobot/tests/policies/hilserl) by extension 'colcon_pkg'
[0.228s] [34mcolcon.colcon_core.package_identification[0m [1;30mLevel 1[0m _identify(lerobot/tests/policies/hilserl) by extensions ['colcon_meta']
[0.228s] [34mcolcon.colcon_core.package_identification[0m [1;30mLevel 1[0m _identify(lerobot/tests/policies/hilserl) by extension 'colcon_meta'
[0.228s] [34mcolcon.colcon_core.package_identification[0m [1;30mLevel 1[0m _identify(lerobot/tests/policies/hilserl) by extensions ['ros']
[0.228s] [34mcolcon.colcon_core.package_identification[0m [1;30mLevel 1[0m _identify(lerobot/tests/policies/hilserl) by extension 'ros'
[0.228s] [34mcolcon.colcon_core.package_identification[0m [1;30mLevel 1[0m _identify(lerobot/tests/policies/hilserl) by extensions ['cmake', 'python']
[0.228s] [34mcolcon.colcon_core.package_identification[0m [1;30mLevel 1[0m _identify(lerobot/tests/policies/hilserl) by extension 'cmake'
[0.228s] [34mcolcon.colcon_core.package_identification[0m [1;30mLevel 1[0m _identify(lerobot/tests/policies/hilserl) by extension 'python'
[0.228s] [34mcolcon.colcon_core.package_identification[0m [1;30mLevel 1[0m _identify(lerobot/tests/policies/hilserl) by extensions ['python_setup_py']
[0.228s] [34mcolcon.colcon_core.package_identification[0m [1;30mLevel 1[0m _identify(lerobot/tests/policies/hilserl) by extension 'python_setup_py'
[0.229s] [34mcolcon.colcon_core.package_identification[0m [1;30mLevel 1[0m _identify(lerobot/tests/policies/pi0_pi05) by extensions ['ignore', 'ignore_ament_install']
[0.229s] [34mcolcon.colcon_core.package_identification[0m [1;30mLevel 1[0m _identify(lerobot/tests/policies/pi0_pi05) by extension 'ignore'
[0.229s] [34mcolcon.colcon_core.package_identification[0m [1;30mLevel 1[0m _identify(lerobot/tests/policies/pi0_pi05) by extension 'ignore_ament_install'
[0.229s] [34mcolcon.colcon_core.package_identification[0m [1;30mLevel 1[0m _identify(lerobot/tests/policies/pi0_pi05) by extensions ['colcon_pkg']
[0.229s] [34mcolcon.colcon_core.package_identification[0m [1;30mLevel 1[0m _identify(lerobot/tests/policies/pi0_pi05) by extension 'colcon_pkg'
[0.229s] [34mcolcon.colcon_core.package_identification[0m [1;30mLevel 1[0m _identify(lerobot/tests/policies/pi0_pi05) by extensions ['colcon_meta']
[0.229s] [34mcolcon.colcon_core.package_identification[0m [1;30mLevel 1[0m _identify(lerobot/tests/policies/pi0_pi05) by extension 'colcon_meta'
[0.229s] [34mcolcon.colcon_core.package_identification[0m [1;30mLevel 1[0m _identify(lerobot/tests/policies/pi0_pi05) by extensions ['ros']
[0.229s] [34mcolcon.colcon_core.package_identification[0m [1;30mLevel 1[0m _identify(lerobot/tests/policies/pi0_pi05) by extension 'ros'
[0.229s] [34mcolcon.colcon_core.package_identification[0m [1;30mLevel 1[0m _identify(lerobot/tests/policies/pi0_pi05) by extensions ['cmake', 'python']
[0.229s] [34mcolcon.colcon_core.package_identification[0m [1;30mLevel 1[0m _identify(lerobot/tests/policies/pi0_pi05) by extension 'cmake'
[0.229s] [34mcolcon.colcon_core.package_identification[0m [1;30mLevel 1[0m _identify(lerobot/tests/policies/pi0_pi05) by extension 'python'
[0.229s] [34mcolcon.colcon_core.package_identification[0m [1;30mLevel 1[0m _identify(lerobot/tests/policies/pi0_pi05) by extensions ['python_setup_py']
[0.229s] [34mcolcon.colcon_core.package_identification[0m [1;30mLevel 1[0m _identify(lerobot/tests/policies/pi0_pi05) by extension 'python_setup_py'
[0.229s] [34mcolcon.colcon_core.package_identification[0m [1;30mLevel 1[0m _identify(lerobot/tests/policies/rtc) by extensions ['ignore', 'ignore_ament_install']
[0.229s] [34mcolcon.colcon_core.package_identification[0m [1;30mLevel 1[0m _identify(lerobot/tests/policies/rtc) by extension 'ignore'
[0.229s] [34mcolcon.colcon_core.package_identification[0m [1;30mLevel 1[0m _identify(lerobot/tests/policies/rtc) by extension 'ignore_ament_install'
[0.229s] [34mcolcon.colcon_core.package_identification[0m [1;30mLevel 1[0m _identify(lerobot/tests/policies/rtc) by extensions ['colcon_pkg']
[0.229s] [34mcolcon.colcon_core.package_identification[0m [1;30mLevel 1[0m _identify(lerobot/tests/policies/rtc) by extension 'colcon_pkg'
[0.229s] [34mcolcon.colcon_core.package_identification[0m [1;30mLevel 1[0m _identify(lerobot/tests/policies/rtc) by extensions ['colcon_meta']
[0.229s] [34mcolcon.colcon_core.package_identification[0m [1;30mLevel 1[0m _identify(lerobot/tests/policies/rtc) by extension 'colcon_meta'
[0.229s] [34mcolcon.colcon_core.package_identification[0m [1;30mLevel 1[0m _identify(lerobot/tests/policies/rtc) by extensions ['ros']
[0.229s] [34mcolcon.colcon_core.package_identification[0m [1;30mLevel 1[0m _identify(lerobot/tests/policies/rtc) by extension 'ros'
[0.229s] [34mcolcon.colcon_core.package_identification[0m [1;30mLevel 1[0m _identify(lerobot/tests/policies/rtc) by extensions ['cmake', 'python']
[0.229s] [34mcolcon.colcon_core.package_identification[0m [1;30mLevel 1[0m _identify(lerobot/tests/policies/rtc) by extension 'cmake'
[0.229s] [34mcolcon.colcon_core.package_identification[0m [1;30mLevel 1[0m _identify(lerobot/tests/policies/rtc) by extension 'python'
[0.229s] [34mcolcon.colcon_core.package_identification[0m [1;30mLevel 1[0m _identify(lerobot/tests/policies/rtc) by extensions ['python_setup_py']
[0.229s] [34mcolcon.colcon_core.package_identification[0m [1;30mLevel 1[0m _identify(lerobot/tests/policies/rtc) by extension 'python_setup_py'
[0.229s] [34mcolcon.colcon_core.package_identification[0m [1;30mLevel 1[0m _identify(lerobot/tests/policies/smolvla) by extensions ['ignore', 'ignore_ament_install']
[0.229s] [34mcolcon.colcon_core.package_identification[0m [1;30mLevel 1[0m _identify(lerobot/tests/policies/smolvla) by extension 'ignore'
[0.229s] [34mcolcon.colcon_core.package_identification[0m [1;30mLevel 1[0m _identify(lerobot/tests/policies/smolvla) by extension 'ignore_ament_install'
[0.229s] [34mcolcon.colcon_core.package_identification[0m [1;30mLevel 1[0m _identify(lerobot/tests/policies/smolvla) by extensions ['colcon_pkg']
[0.229s] [34mcolcon.colcon_core.package_identification[0m [1;30mLevel 1[0m _identify(lerobot/tests/policies/smolvla) by extension 'colcon_pkg'
[0.229s] [34mcolcon.colcon_core.package_identification[0m [1;30mLevel 1[0m _identify(lerobot/tests/policies/smolvla) by extensions ['colcon_meta']
[0.229s] [34mcolcon.colcon_core.package_identification[0m [1;30mLevel 1[0m _identify(lerobot/tests/policies/smolvla) by extension 'colcon_meta'
[0.229s] [34mcolcon.colcon_core.package_identification[0m [1;30mLevel 1[0m _identify(lerobot/tests/policies/smolvla) by extensions ['ros']
[0.229s] [34mcolcon.colcon_core.package_identification[0m [1;30mLevel 1[0m _identify(lerobot/tests/policies/smolvla) by extension 'ros'
[0.229s] [34mcolcon.colcon_core.package_identification[0m [1;30mLevel 1[0m _identify(lerobot/tests/policies/smolvla) by extensions ['cmake', 'python']
[0.229s] [34mcolcon.colcon_core.package_identification[0m [1;30mLevel 1[0m _identify(lerobot/tests/policies/smolvla) by extension 'cmake'
[0.229s] [34mcolcon.colcon_core.package_identification[0m [1;30mLevel 1[0m _identify(lerobot/tests/policies/smolvla) by extension 'python'
[0.229s] [34mcolcon.colcon_core.package_identification[0m [1;30mLevel 1[0m _identify(lerobot/tests/policies/smolvla) by extensions ['python_setup_py']
[0.229s] [34mcolcon.colcon_core.package_identification[0m [1;30mLevel 1[0m _identify(lerobot/tests/policies/smolvla) by extension 'python_setup_py'
[0.229s] [34mcolcon.colcon_core.package_identification[0m [1;30mLevel 1[0m _identify(lerobot/tests/processor) by extensions ['ignore', 'ignore_ament_install']
[0.229s] [34mcolcon.colcon_core.package_identification[0m [1;30mLevel 1[0m _identify(lerobot/tests/processor) by extension 'ignore'
[0.229s] [34mcolcon.colcon_core.package_identification[0m [1;30mLevel 1[0m _identify(lerobot/tests/processor) by extension 'ignore_ament_install'
[0.229s] [34mcolcon.colcon_core.package_identification[0m [1;30mLevel 1[0m _identify(lerobot/tests/processor) by extensions ['colcon_pkg']
[0.229s] [34mcolcon.colcon_core.package_identification[0m [1;30mLevel 1[0m _identify(lerobot/tests/processor) by extension 'colcon_pkg'
[0.229s] [34mcolcon.colcon_core.package_identification[0m [1;30mLevel 1[0m _identify(lerobot/tests/processor) by extensions ['colcon_meta']
[0.229s] [34mcolcon.colcon_core.package_identification[0m [1;30mLevel 1[0m _identify(lerobot/tests/processor) by extension 'colcon_meta'
[0.229s] [34mcolcon.colcon_core.package_identification[0m [1;30mLevel 1[0m _identify(lerobot/tests/processor) by extensions ['ros']
[0.229s] [34mcolcon.colcon_core.package_identification[0m [1;30mLevel 1[0m _identify(lerobot/tests/processor) by extension 'ros'
[0.229s] [34mcolcon.colcon_core.package_identification[0m [1;30mLevel 1[0m _identify(lerobot/tests/processor) by extensions ['cmake', 'python']
[0.229s] [34mcolcon.colcon_core.package_identification[0m [1;30mLevel 1[0m _identify(lerobot/tests/processor) by extension 'cmake'
[0.229s] [34mcolcon.colcon_core.package_identification[0m [1;30mLevel 1[0m _identify(lerobot/tests/processor) by extension 'python'
[0.229s] [34mcolcon.colcon_core.package_identification[0m [1;30mLevel 1[0m _identify(lerobot/tests/processor) by extensions ['python_setup_py']
[0.229s] [34mcolcon.colcon_core.package_identification[0m [1;30mLevel 1[0m _identify(lerobot/tests/processor) by extension 'python_setup_py'
[0.230s] [34mcolcon.colcon_core.package_identification[0m [1;30mLevel 1[0m _identify(lerobot/tests/rl) by extensions ['ignore', 'ignore_ament_install']
[0.230s] [34mcolcon.colcon_core.package_identification[0m [1;30mLevel 1[0m _identify(lerobot/tests/rl) by extension 'ignore'
[0.230s] [34mcolcon.colcon_core.package_identification[0m [1;30mLevel 1[0m _identify(lerobot/tests/rl) by extension 'ignore_ament_install'
[0.230s] [34mcolcon.colcon_core.package_identification[0m [1;30mLevel 1[0m _identify(lerobot/tests/rl) by extensions ['colcon_pkg']
[0.230s] [34mcolcon.colcon_core.package_identification[0m [1;30mLevel 1[0m _identify(lerobot/tests/rl) by extension 'colcon_pkg'
[0.230s] [34mcolcon.colcon_core.package_identification[0m [1;30mLevel 1[0m _identify(lerobot/tests/rl) by extensions ['colcon_meta']
[0.230s] [34mcolcon.colcon_core.package_identification[0m [1;30mLevel 1[0m _identify(lerobot/tests/rl) by extension 'colcon_meta'
[0.230s] [34mcolcon.colcon_core.package_identification[0m [1;30mLevel 1[0m _identify(lerobot/tests/rl) by extensions ['ros']
[0.230s] [34mcolcon.colcon_core.package_identification[0m [1;30mLevel 1[0m _identify(lerobot/tests/rl) by extension 'ros'
[0.230s] [34mcolcon.colcon_core.package_identification[0m [1;30mLevel 1[0m _identify(lerobot/tests/rl) by extensions ['cmake', 'python']
[0.230s] [34mcolcon.colcon_core.package_identification[0m [1;30mLevel 1[0m _identify(lerobot/tests/rl) by extension 'cmake'
[0.230s] [34mcolcon.colcon_core.package_identification[0m [1;30mLevel 1[0m _identify(lerobot/tests/rl) by extension 'python'
[0.230s] [34mcolcon.colcon_core.package_identification[0m [1;30mLevel 1[0m _identify(lerobot/tests/rl) by extensions ['python_setup_py']
[0.230s] [34mcolcon.colcon_core.package_identification[0m [1;30mLevel 1[0m _identify(lerobot/tests/rl) by extension 'python_setup_py'
[0.230s] [34mcolcon.colcon_core.package_identification[0m [1;30mLevel 1[0m _identify(lerobot/tests/robots) by extensions ['ignore', 'ignore_ament_install']
[0.230s] [34mcolcon.colcon_core.package_identification[0m [1;30mLevel 1[0m _identify(lerobot/tests/robots) by extension 'ignore'
[0.230s] [34mcolcon.colcon_core.package_identification[0m [1;30mLevel 1[0m _identify(lerobot/tests/robots) by extension 'ignore_ament_install'
[0.230s] [34mcolcon.colcon_core.package_identification[0m [1;30mLevel 1[0m _identify(lerobot/tests/robots) by extensions ['colcon_pkg']
[0.230s] [34mcolcon.colcon_core.package_identification[0m [1;30mLevel 1[0m _identify(lerobot/tests/robots) by extension 'colcon_pkg'
[0.230s] [34mcolcon.colcon_core.package_identification[0m [1;30mLevel 1[0m _identify(lerobot/tests/robots) by extensions ['colcon_meta']
[0.230s] [34mcolcon.colcon_core.package_identification[0m [1;30mLevel 1[0m _identify(lerobot/tests/robots) by extension 'colcon_meta'
[0.230s] [34mcolcon.colcon_core.package_identification[0m [1;30mLevel 1[0m _identify(lerobot/tests/robots) by extensions ['ros']
[0.230s] [34mcolcon.colcon_core.package_identification[0m [1;30mLevel 1[0m _identify(lerobot/tests/robots) by extension 'ros'
[0.230s] [34mcolcon.colcon_core.package_identification[0m [1;30mLevel 1[0m _identify(lerobot/tests/robots) by extensions ['cmake', 'python']
[0.230s] [34mcolcon.colcon_core.package_identification[0m [1;30mLevel 1[0m _identify(lerobot/tests/robots) by extension 'cmake'
[0.230s] [34mcolcon.colcon_core.package_identification[0m [1;30mLevel 1[0m _identify(lerobot/tests/robots) by extension 'python'
[0.230s] [34mcolcon.colcon_core.package_identification[0m [1;30mLevel 1[0m _identify(lerobot/tests/robots) by extensions ['python_setup_py']
[0.230s] [34mcolcon.colcon_core.package_identification[0m [1;30mLevel 1[0m _identify(lerobot/tests/robots) by extension 'python_setup_py'
[0.230s] [34mcolcon.colcon_core.package_identification[0m [1;30mLevel 1[0m _identify(lerobot/tests/teleoperators) by extensions ['ignore', 'ignore_ament_install']
[0.230s] [34mcolcon.colcon_core.package_identification[0m [1;30mLevel 1[0m _identify(lerobot/tests/teleoperators) by extension 'ignore'
[0.230s] [34mcolcon.colcon_core.package_identification[0m [1;30mLevel 1[0m _identify(lerobot/tests/teleoperators) by extension 'ignore_ament_install'
[0.230s] [34mcolcon.colcon_core.package_identification[0m [1;30mLevel 1[0m _identify(lerobot/tests/teleoperators) by extensions ['colcon_pkg']
[0.230s] [34mcolcon.colcon_core.package_identification[0m [1;30mLevel 1[0m _identify(lerobot/tests/teleoperators) by extension 'colcon_pkg'
[0.230s] [34mcolcon.colcon_core.package_identification[0m [1;30mLevel 1[0m _identify(lerobot/tests/teleoperators) by extensions ['colcon_meta']
[0.230s] [34mcolcon.colcon_core.package_identification[0m [1;30mLevel 1[0m _identify(lerobot/tests/teleoperators) by extension 'colcon_meta'
[0.230s] [34mcolcon.colcon_core.package_identification[0m [1;30mLevel 1[0m _identify(lerobot/tests/teleoperators) by extensions ['ros']
[0.230s] [34mcolcon.colcon_core.package_identification[0m [1;30mLevel 1[0m _identify(lerobot/tests/teleoperators) by extension 'ros'
[0.230s] [34mcolcon.colcon_core.package_identification[0m [1;30mLevel 1[0m _identify(lerobot/tests/teleoperators) by extensions ['cmake', 'python']
[0.230s] [34mcolcon.colcon_core.package_identification[0m [1;30mLevel 1[0m _identify(lerobot/tests/teleoperators) by extension 'cmake'
[0.230s] [34mcolcon.colcon_core.package_identification[0m [1;30mLevel 1[0m _identify(lerobot/tests/teleoperators) by extension 'python'
[0.230s] [34mcolcon.colcon_core.package_identification[0m [1;30mLevel 1[0m _identify(lerobot/tests/teleoperators) by extensions ['python_setup_py']
[0.230s] [34mcolcon.colcon_core.package_identification[0m [1;30mLevel 1[0m _identify(lerobot/tests/teleoperators) by extension 'python_setup_py'
[0.230s] [34mcolcon.colcon_core.package_identification[0m [1;30mLevel 1[0m _identify(lerobot/tests/training) by extensions ['ignore', 'ignore_ament_install']
[0.230s] [34mcolcon.colcon_core.package_identification[0m [1;30mLevel 1[0m _identify(lerobot/tests/training) by extension 'ignore'
[0.230s] [34mcolcon.colcon_core.package_identification[0m [1;30mLevel 1[0m _identify(lerobot/tests/training) by extension 'ignore_ament_install'
[0.230s] [34mcolcon.colcon_core.package_identification[0m [1;30mLevel 1[0m _identify(lerobot/tests/training) by extensions ['colcon_pkg']
[0.230s] [34mcolcon.colcon_core.package_identification[0m [1;30mLevel 1[0m _identify(lerobot/tests/training) by extension 'colcon_pkg'
[0.230s] [34mcolcon.colcon_core.package_identification[0m [1;30mLevel 1[0m _identify(lerobot/tests/training) by extensions ['colcon_meta']
[0.230s] [34mcolcon.colcon_core.package_identification[0m [1;30mLevel 1[0m _identify(lerobot/tests/training) by extension 'colcon_meta'
[0.230s] [34mcolcon.colcon_core.package_identification[0m [1;30mLevel 1[0m _identify(lerobot/tests/training) by extensions ['ros']
[0.230s] [34mcolcon.colcon_core.package_identification[0m [1;30mLevel 1[0m _identify(lerobot/tests/training) by extension 'ros'
[0.230s] [34mcolcon.colcon_core.package_identification[0m [1;30mLevel 1[0m _identify(lerobot/tests/training) by extensions ['cmake', 'python']
[0.230s] [34mcolcon.colcon_core.package_identification[0m [1;30mLevel 1[0m _identify(lerobot/tests/training) by extension 'cmake'
[0.230s] [34mcolcon.colcon_core.package_identification[0m [1;30mLevel 1[0m _identify(lerobot/tests/training) by extension 'python'
[0.231s] [34mcolcon.colcon_core.package_identification[0m [1;30mLevel 1[0m _identify(lerobot/tests/training) by extensions ['python_setup_py']
[0.231s] [34mcolcon.colcon_core.package_identification[0m [1;30mLevel 1[0m _identify(lerobot/tests/training) by extension 'python_setup_py'
[0.231s] [34mcolcon.colcon_core.package_identification[0m [1;30mLevel 1[0m _identify(lerobot/tests/transport) by extensions ['ignore', 'ignore_ament_install']
[0.231s] [34mcolcon.colcon_core.package_identification[0m [1;30mLevel 1[0m _identify(lerobot/tests/transport) by extension 'ignore'
[0.231s] [34mcolcon.colcon_core.package_identification[0m [1;30mLevel 1[0m _identify(lerobot/tests/transport) by extension 'ignore_ament_install'
[0.231s] [34mcolcon.colcon_core.package_identification[0m [1;30mLevel 1[0m _identify(lerobot/tests/transport) by extensions ['colcon_pkg']
[0.231s] [34mcolcon.colcon_core.package_identification[0m [1;30mLevel 1[0m _identify(lerobot/tests/transport) by extension 'colcon_pkg'
[0.231s] [34mcolcon.colcon_core.package_identification[0m [1;30mLevel 1[0m _identify(lerobot/tests/transport) by extensions ['colcon_meta']
[0.231s] [34mcolcon.colcon_core.package_identification[0m [1;30mLevel 1[0m _identify(lerobot/tests/transport) by extension 'colcon_meta'
[0.231s] [34mcolcon.colcon_core.package_identification[0m [1;30mLevel 1[0m _identify(lerobot/tests/transport) by extensions ['ros']
[0.231s] [34mcolcon.colcon_core.package_identification[0m [1;30mLevel 1[0m _identify(lerobot/tests/transport) by extension 'ros'
[0.231s] [34mcolcon.colcon_core.package_identification[0m [1;30mLevel 1[0m _identify(lerobot/tests/transport) by extensions ['cmake', 'python']
[0.231s] [34mcolcon.colcon_core.package_identification[0m [1;30mLevel 1[0m _identify(lerobot/tests/transport) by extension 'cmake'
[0.231s] [34mcolcon.colcon_core.package_identification[0m [1;30mLevel 1[0m _identify(lerobot/tests/transport) by extension 'python'
[0.231s] [34mcolcon.colcon_core.package_identification[0m [1;30mLevel 1[0m _identify(lerobot/tests/transport) by extensions ['python_setup_py']
[0.231s] [34mcolcon.colcon_core.package_identification[0m [1;30mLevel 1[0m _identify(lerobot/tests/transport) by extension 'python_setup_py'
[0.231s] [34mcolcon.colcon_core.package_identification[0m [1;30mLevel 1[0m _identify(lerobot/tests/utils) by extensions ['ignore', 'ignore_ament_install']
[0.231s] [34mcolcon.colcon_core.package_identification[0m [1;30mLevel 1[0m _identify(lerobot/tests/utils) by extension 'ignore'
[0.231s] [34mcolcon.colcon_core.package_identification[0m [1;30mLevel 1[0m _identify(lerobot/tests/utils) by extension 'ignore_ament_install'
[0.231s] [34mcolcon.colcon_core.package_identification[0m [1;30mLevel 1[0m _identify(lerobot/tests/utils) by extensions ['colcon_pkg']
[0.231s] [34mcolcon.colcon_core.package_identification[0m [1;30mLevel 1[0m _identify(lerobot/tests/utils) by extension 'colcon_pkg'
[0.231s] [34mcolcon.colcon_core.package_identification[0m [1;30mLevel 1[0m _identify(lerobot/tests/utils) by extensions ['colcon_meta']
[0.231s] [34mcolcon.colcon_core.package_identification[0m [1;30mLevel 1[0m _identify(lerobot/tests/utils) by extension 'colcon_meta'
[0.231s] [34mcolcon.colcon_core.package_identification[0m [1;30mLevel 1[0m _identify(lerobot/tests/utils) by extensions ['ros']
[0.231s] [34mcolcon.colcon_core.package_identification[0m [1;30mLevel 1[0m _identify(lerobot/tests/utils) by extension 'ros'
[0.231s] [34mcolcon.colcon_core.package_identification[0m [1;30mLevel 1[0m _identify(lerobot/tests/utils) by extensions ['cmake', 'python']
[0.231s] [34mcolcon.colcon_core.package_identification[0m [1;30mLevel 1[0m _identify(lerobot/tests/utils) by extension 'cmake'
[0.231s] [34mcolcon.colcon_core.package_identification[0m [1;30mLevel 1[0m _identify(lerobot/tests/utils) by extension 'python'
[0.231s] [34mcolcon.colcon_core.package_identification[0m [1;30mLevel 1[0m _identify(lerobot/tests/utils) by extensions ['python_setup_py']
[0.231s] [34mcolcon.colcon_core.package_identification[0m [1;30mLevel 1[0m _identify(lerobot/tests/utils) by extension 'python_setup_py'
[0.231s] [34mcolcon.colcon_core.package_identification[0m [1;30mLevel 1[0m _identify(log) by extensions ['ignore', 'ignore_ament_install']
[0.231s] [34mcolcon.colcon_core.package_identification[0m [1;30mLevel 1[0m _identify(log) by extension 'ignore'
[0.231s] [34mcolcon.colcon_core.package_identification[0m [1;30mLevel 1[0m _identify(log) ignored
[0.231s] [34mcolcon.colcon_core.package_discovery[0m [1;30mLevel 1[0m discover_packages(recursive) using defaults
[0.231s] [34mcolcon.colcon_core.package_discovery[0m [1;30mLevel 1[0m discover_packages(ignore) discover
[0.231s] [34mcolcon.colcon_core.package_discovery[0m [1;30mLevel 1[0m discover_packages(ignore) using defaults
[0.231s] [34mcolcon.colcon_core.package_discovery[0m [1;30mLevel 1[0m discover_packages(path) discover
[0.231s] [34mcolcon.colcon_core.package_discovery[0m [1;30mLevel 1[0m discover_packages(path) using defaults
[0.240s] [34mcolcon.colcon_core.package_discovery[0m [1;30mLevel 1[0m discover_packages(prefix_path) check parameters
[0.240s] [34mcolcon.colcon_core.package_discovery[0m [1;30mLevel 1[0m discover_packages(prefix_path) discover
[0.240s] [34mcolcon.colcon_installed_package_information.package_discovery[0m [1;30mDEBUG[0m [32mFound 0 installed packages in /home/teamgrit/jaehooni/endpoint_control/install[0m
[0.241s] [34mcolcon.colcon_installed_package_information.package_discovery[0m [1;30mDEBUG[0m [32mFound 500 installed packages in /opt/ros/humble[0m
[0.243s] [34mcolcon.colcon_core.package_discovery[0m [1;30mLevel 1[0m discover_packages(prefix_path) using defaults
[0.267s] [34mcolcon.colcon_core.verb[0m [1;30mLevel 5[0m set package 'so_arm_custom_control' build argument 'cmake_args' from command line to 'None'
[0.267s] [34mcolcon.colcon_core.verb[0m [1;30mLevel 5[0m set package 'so_arm_custom_control' build argument 'cmake_target' from command line to 'None'
[0.267s] [34mcolcon.colcon_core.verb[0m [1;30mLevel 5[0m set package 'so_arm_custom_control' build argument 'cmake_target_skip_unavailable' from command line to 'False'
[0.267s] [34mcolcon.colcon_core.verb[0m [1;30mLevel 5[0m set package 'so_arm_custom_control' build argument 'cmake_clean_cache' from command line to 'False'
[0.267s] [34mcolcon.colcon_core.verb[0m [1;30mLevel 5[0m set package 'so_arm_custom_control' build argument 'cmake_clean_first' from command line to 'False'
[0.267s] [34mcolcon.colcon_core.verb[0m [1;30mLevel 5[0m set package 'so_arm_custom_control' build argument 'cmake_force_configure' from command line to 'False'
[0.267s] [34mcolcon.colcon_core.verb[0m [1;30mLevel 5[0m set package 'so_arm_custom_control' build argument 'ament_cmake_args' from command line to 'None'
[0.267s] [34mcolcon.colcon_core.verb[0m [1;30mLevel 5[0m set package 'so_arm_custom_control' build argument 'catkin_cmake_args' from command line to 'None'
[0.267s] [34mcolcon.colcon_core.verb[0m [1;30mLevel 5[0m set package 'so_arm_custom_control' build argument 'catkin_skip_building_tests' from command line to 'False'
[0.267s] [34mcolcon.colcon_core.verb[0m [1;30mDEBUG[0m [32mBuilding package 'so_arm_custom_control' with the following arguments: {'ament_cmake_args': None, 'build_base': '/home/teamgrit/jaehooni/endpoint_control/build/so_arm_custom_control', 'catkin_cmake_args': None, 'catkin_skip_building_tests': False, 'cmake_args': None, 'cmake_clean_cache': False, 'cmake_clean_first': False, 'cmake_force_configure': False, 'cmake_target': None, 'cmake_target_skip_unavailable': False, 'install_base': '/home/teamgrit/jaehooni/endpoint_control/install/so_arm_custom_control', 'merge_install': False, 'path': '/home/teamgrit/jaehooni/endpoint_control/SO-ARM101_MoveIt_IsaacSim/src/so_arm_custom_control', 'symlink_install': False, 'test_result_base': None}[0m
[0.267s] [34mcolcon.colcon_core.verb[0m [1;30mLevel 5[0m set package 'so_arm_description' build argument 'cmake_args' from command line to 'None'
[0.267s] [34mcolcon.colcon_core.verb[0m [1;30mLevel 5[0m set package 'so_arm_description' build argument 'cmake_target' from command line to 'None'
[0.267s] [34mcolcon.colcon_core.verb[0m [1;30mLevel 5[0m set package 'so_arm_description' build argument 'cmake_target_skip_unavailable' from command line to 'False'
[0.267s] [34mcolcon.colcon_core.verb[0m [1;30mLevel 5[0m set package 'so_arm_description' build argument 'cmake_clean_cache' from command line to 'False'
[0.267s] [34mcolcon.colcon_core.verb[0m [1;30mLevel 5[0m set package 'so_arm_description' build argument 'cmake_clean_first' from command line to 'False'
[0.267s] [34mcolcon.colcon_core.verb[0m [1;30mLevel 5[0m set package 'so_arm_description' build argument 'cmake_force_configure' from command line to 'False'
[0.267s] [34mcolcon.colcon_core.verb[0m [1;30mLevel 5[0m set package 'so_arm_description' build argument 'ament_cmake_args' from command line to 'None'
[0.268s] [34mcolcon.colcon_core.verb[0m [1;30mLevel 5[0m set package 'so_arm_description' build argument 'catkin_cmake_args' from command line to 'None'
[0.268s] [34mcolcon.colcon_core.verb[0m [1;30mLevel 5[0m set package 'so_arm_description' build argument 'catkin_skip_building_tests' from command line to 'False'
[0.268s] [34mcolcon.colcon_core.verb[0m [1;30mDEBUG[0m [32mBuilding package 'so_arm_description' with the following arguments: {'ament_cmake_args': None, 'build_base': '/home/teamgrit/jaehooni/endpoint_control/build/so_arm_description', 'catkin_cmake_args': None, 'catkin_skip_building_tests': False, 'cmake_args': None, 'cmake_clean_cache': False, 'cmake_clean_first': False, 'cmake_force_configure': False, 'cmake_target': None, 'cmake_target_skip_unavailable': False, 'install_base': '/home/teamgrit/jaehooni/endpoint_control/install/so_arm_description', 'merge_install': False, 'path': '/home/teamgrit/jaehooni/endpoint_control/SO-ARM101_MoveIt_IsaacSim/src/so_arm_description', 'symlink_install': False, 'test_result_base': None}[0m
[0.268s] [34mcolcon.colcon_core.verb[0m [1;30mLevel 5[0m set package 'so_arm_motion_interface' build argument 'cmake_args' from command line to 'None'
[0.268s] [34mcolcon.colcon_core.verb[0m [1;30mLevel 5[0m set package 'so_arm_motion_interface' build argument 'cmake_target' from command line to 'None'
[0.268s] [34mcolcon.colcon_core.verb[0m [1;30mLevel 5[0m set package 'so_arm_motion_interface' build argument 'cmake_target_skip_unavailable' from command line to 'False'
[0.268s] [34mcolcon.colcon_core.verb[0m [1;30mLevel 5[0m set package 'so_arm_motion_interface' build argument 'cmake_clean_cache' from command line to 'False'
[0.268s] [34mcolcon.colcon_core.verb[0m [1;30mLevel 5[0m set package 'so_arm_motion_interface' build argument 'cmake_clean_first' from command line to 'False'
[0.268s] [34mcolcon.colcon_core.verb[0m [1;30mLevel 5[0m set package 'so_arm_motion_interface' build argument 'cmake_force_configure' from command line to 'False'
[0.268s] [34mcolcon.colcon_core.verb[0m [1;30mLevel 5[0m set package 'so_arm_motion_interface' build argument 'ament_cmake_args' from command line to 'None'
[0.268s] [34mcolcon.colcon_core.verb[0m [1;30mLevel 5[0m set package 'so_arm_motion_interface' build argument 'catkin_cmake_args' from command line to 'None'
[0.268s] [34mcolcon.colcon_core.verb[0m [1;30mLevel 5[0m set package 'so_arm_motion_interface' build argument 'catkin_skip_building_tests' from command line to 'False'
[0.268s] [34mcolcon.colcon_core.verb[0m [1;30mDEBUG[0m [32mBuilding package 'so_arm_motion_interface' with the following arguments: {'ament_cmake_args': None, 'build_base': '/home/teamgrit/jaehooni/endpoint_control/build/so_arm_motion_interface', 'catkin_cmake_args': None, 'catkin_skip_building_tests': False, 'cmake_args': None, 'cmake_clean_cache': False, 'cmake_clean_first': False, 'cmake_force_configure': False, 'cmake_target': None, 'cmake_target_skip_unavailable': False, 'install_base': '/home/teamgrit/jaehooni/endpoint_control/install/so_arm_motion_interface', 'merge_install': False, 'path': '/home/teamgrit/jaehooni/endpoint_control/SO-ARM101_MoveIt_IsaacSim/src/so_arm_motion_interface', 'symlink_install': False, 'test_result_base': None}[0m
[0.268s] [34mcolcon.colcon_core.verb[0m [1;30mLevel 5[0m set package 'so_arm_moveit_config' build argument 'cmake_args' from command line to 'None'
[0.268s] [34mcolcon.colcon_core.verb[0m [1;30mLevel 5[0m set package 'so_arm_moveit_config' build argument 'cmake_target' from command line to 'None'
[0.268s] [34mcolcon.colcon_core.verb[0m [1;30mLevel 5[0m set package 'so_arm_moveit_config' build argument 'cmake_target_skip_unavailable' from command line to 'False'
[0.268s] [34mcolcon.colcon_core.verb[0m [1;30mLevel 5[0m set package 'so_arm_moveit_config' build argument 'cmake_clean_cache' from command line to 'False'
[0.268s] [34mcolcon.colcon_core.verb[0m [1;30mLevel 5[0m set package 'so_arm_moveit_config' build argument 'cmake_clean_first' from command line to 'False'
[0.268s] [34mcolcon.colcon_core.verb[0m [1;30mLevel 5[0m set package 'so_arm_moveit_config' build argument 'cmake_force_configure' from command line to 'False'
[0.268s] [34mcolcon.colcon_core.verb[0m [1;30mLevel 5[0m set package 'so_arm_moveit_config' build argument 'ament_cmake_args' from command line to 'None'
[0.268s] [34mcolcon.colcon_core.verb[0m [1;30mLevel 5[0m set package 'so_arm_moveit_config' build argument 'catkin_cmake_args' from command line to 'None'
[0.268s] [34mcolcon.colcon_core.verb[0m [1;30mLevel 5[0m set package 'so_arm_moveit_config' build argument 'catkin_skip_building_tests' from command line to 'False'
[0.268s] [34mcolcon.colcon_core.verb[0m [1;30mDEBUG[0m [32mBuilding package 'so_arm_moveit_config' with the following arguments: {'ament_cmake_args': None, 'build_base': '/home/teamgrit/jaehooni/endpoint_control/build/so_arm_moveit_config', 'catkin_cmake_args': None, 'catkin_skip_building_tests': False, 'cmake_args': None, 'cmake_clean_cache': False, 'cmake_clean_first': False, 'cmake_force_configure': False, 'cmake_target': None, 'cmake_target_skip_unavailable': False, 'install_base': '/home/teamgrit/jaehooni/endpoint_control/install/so_arm_moveit_config', 'merge_install': False, 'path': '/home/teamgrit/jaehooni/endpoint_control/SO-ARM101_MoveIt_IsaacSim/src/so_arm_moveit_config', 'symlink_install': False, 'test_result_base': None}[0m
[0.268s] [34mcolcon.colcon_core.executor[0m [1;30mINFO[0m Executing jobs using 'parallel' executor
[0.269s] [34mcolcon.colcon_parallel_executor.executor.parallel[0m [1;30mDEBUG[0m [32mrun_until_complete[0m
[0.269s] [34mcolcon.colcon_ros.task.ament_cmake.build[0m [1;30mINFO[0m Building ROS package in '/home/teamgrit/jaehooni/endpoint_control/SO-ARM101_MoveIt_IsaacSim/src/so_arm_description' with build type 'ament_cmake'
[0.269s] [34mcolcon.colcon_cmake.task.cmake.build[0m [1;30mINFO[0m Building CMake package in '/home/teamgrit/jaehooni/endpoint_control/SO-ARM101_MoveIt_IsaacSim/src/so_arm_description'
[0.270s] [34mcolcon.colcon_core.plugin_system[0m [1;30mINFO[0m Skipping extension 'colcon_core.shell.bat': Not used on non-Windows systems
[0.270s] [34mcolcon.colcon_core.shell[0m [1;30mINFO[0m Skip shell extension 'powershell' for command environment: Not usable outside of PowerShell
[0.270s] [34mcolcon.colcon_core.shell[0m [1;30mDEBUG[0m [32mSkip shell extension 'dsv' for command environment[0m
[0.272s] [34mcolcon.colcon_ros.task.ament_python.build[0m [1;30mINFO[0m Building ROS package in '/home/teamgrit/jaehooni/endpoint_control/SO-ARM101_MoveIt_IsaacSim/src/so_arm_custom_control' with build type 'ament_python'
[0.272s] [34mcolcon.colcon_core.shell[0m [1;30mLevel 1[0m create_environment_hook('so_arm_custom_control', 'ament_prefix_path')
[0.272s] [34mcolcon.colcon_core.shell[0m [1;30mINFO[0m Creating environment hook '/home/teamgrit/jaehooni/endpoint_control/install/so_arm_custom_control/share/so_arm_custom_control/hook/ament_prefix_path.ps1'
[0.273s] [34mcolcon.colcon_core.shell[0m [1;30mINFO[0m Creating environment descriptor '/home/teamgrit/jaehooni/endpoint_control/install/so_arm_custom_control/share/so_arm_custom_control/hook/ament_prefix_path.dsv'
[0.273s] [34mcolcon.colcon_core.shell[0m [1;30mINFO[0m Creating environment hook '/home/teamgrit/jaehooni/endpoint_control/install/so_arm_custom_control/share/so_arm_custom_control/hook/ament_prefix_path.sh'
[0.273s] [34mcolcon.colcon_core.shell[0m [1;30mINFO[0m Skip shell extension 'powershell' for command environment: Not usable outside of PowerShell
[0.273s] [34mcolcon.colcon_core.shell[0m [1;30mDEBUG[0m [32mSkip shell extension 'dsv' for command environment[0m
[0.275s] [34mcolcon.colcon_ros.task.ament_python.build[0m [1;30mINFO[0m Building ROS package in '/home/teamgrit/jaehooni/endpoint_control/SO-ARM101_MoveIt_IsaacSim/src/so_arm_motion_interface' with build type 'ament_python'
[0.275s] [34mcolcon.colcon_core.shell[0m [1;30mLevel 1[0m create_environment_hook('so_arm_motion_interface', 'ament_prefix_path')
[0.275s] [34mcolcon.colcon_core.shell[0m [1;30mINFO[0m Creating environment hook '/home/teamgrit/jaehooni/endpoint_control/install/so_arm_motion_interface/share/so_arm_motion_interface/hook/ament_prefix_path.ps1'
[0.275s] [34mcolcon.colcon_core.shell[0m [1;30mINFO[0m Creating environment descriptor '/home/teamgrit/jaehooni/endpoint_control/install/so_arm_motion_interface/share/so_arm_motion_interface/hook/ament_prefix_path.dsv'
[0.275s] [34mcolcon.colcon_core.shell[0m [1;30mINFO[0m Creating environment hook '/home/teamgrit/jaehooni/endpoint_control/install/so_arm_motion_interface/share/so_arm_motion_interface/hook/ament_prefix_path.sh'
[0.275s] [34mcolcon.colcon_core.shell[0m [1;30mINFO[0m Skip shell extension 'powershell' for command environment: Not usable outside of PowerShell
[0.275s] [34mcolcon.colcon_core.shell[0m [1;30mDEBUG[0m [32mSkip shell extension 'dsv' for command environment[0m
[0.279s] [34mcolcon.colcon_core.event_handler.log_command[0m [1;30mDEBUG[0m [32mInvoking command in '/home/teamgrit/jaehooni/endpoint_control/build/so_arm_description': CMAKE_PREFIX_PATH=/opt/ros/humble /usr/bin/cmake /home/teamgrit/jaehooni/endpoint_control/SO-ARM101_MoveIt_IsaacSim/src/so_arm_description -DCMAKE_INSTALL_PREFIX=/home/teamgrit/jaehooni/endpoint_control/install/so_arm_description[0m
[0.447s] [34mcolcon.colcon_core.task.python.build[0m [1;30mINFO[0m Building Python package in '/home/teamgrit/jaehooni/endpoint_control/SO-ARM101_MoveIt_IsaacSim/src/so_arm_custom_control'
[0.448s] [34mcolcon.colcon_core.shell[0m [1;30mINFO[0m Skip shell extension 'powershell' for command environment: Not usable outside of PowerShell
[0.448s] [34mcolcon.colcon_core.shell[0m [1;30mDEBUG[0m [32mSkip shell extension 'dsv' for command environment[0m
[0.623s] [34mcolcon.colcon_core.task.python.build[0m [1;30mINFO[0m Building Python package in '/home/teamgrit/jaehooni/endpoint_control/SO-ARM101_MoveIt_IsaacSim/src/so_arm_motion_interface'
[0.623s] [34mcolcon.colcon_core.shell[0m [1;30mINFO[0m Skip shell extension 'powershell' for command environment: Not usable outside of PowerShell
[0.623s] [34mcolcon.colcon_core.shell[0m [1;30mDEBUG[0m [32mSkip shell extension 'dsv' for command environment[0m
[1.074s] [34mcolcon.colcon_core.event_handler.log_command[0m [1;30mDEBUG[0m [32mInvoked command in '/home/teamgrit/jaehooni/endpoint_control/build/so_arm_description' returned '0': CMAKE_PREFIX_PATH=/opt/ros/humble /usr/bin/cmake /home/teamgrit/jaehooni/endpoint_control/SO-ARM101_MoveIt_IsaacSim/src/so_arm_description -DCMAKE_INSTALL_PREFIX=/home/teamgrit/jaehooni/endpoint_control/install/so_arm_description[0m
[1.077s] [34mcolcon.colcon_core.event_handler.log_command[0m [1;30mDEBUG[0m [32mInvoking command in '/home/teamgrit/jaehooni/endpoint_control/build/so_arm_description': CMAKE_PREFIX_PATH=/opt/ros/humble /usr/bin/cmake --build /home/teamgrit/jaehooni/endpoint_control/build/so_arm_description -- -j20 -l20[0m
[1.130s] [34mcolcon.colcon_core.event_handler.log_command[0m [1;30mDEBUG[0m [32mInvoked command in '/home/teamgrit/jaehooni/endpoint_control/build/so_arm_description' returned '0': CMAKE_PREFIX_PATH=/opt/ros/humble /usr/bin/cmake --build /home/teamgrit/jaehooni/endpoint_control/build/so_arm_description -- -j20 -l20[0m
[1.144s] [34mcolcon.colcon_core.event_handler.log_command[0m [1;30mDEBUG[0m [32mInvoking command in '/home/teamgrit/jaehooni/endpoint_control/build/so_arm_description': CMAKE_PREFIX_PATH=/opt/ros/humble /usr/bin/cmake --install /home/teamgrit/jaehooni/endpoint_control/build/so_arm_description[0m
[1.227s] [34mcolcon.colcon_core.event_handler.log_command[0m [1;30mDEBUG[0m [32mInvoking command in '/home/teamgrit/jaehooni/endpoint_control/SO-ARM101_MoveIt_IsaacSim/src/so_arm_custom_control': PYTHONPATH=/home/teamgrit/jaehooni/endpoint_control/build/so_arm_custom_control/prefix_override:/usr/lib/python3/dist-packages/colcon_core/task/python/colcon_distutils_commands:/home/teamgrit/jaehooni/endpoint_control/install/so_arm_custom_control/lib/python3.10/site-packages:${PYTHONPATH} /usr/bin/python3 -W ignore:setup.py install is deprecated -W ignore:easy_install command is deprecated setup.py egg_info --egg-base ../../../build/so_arm_custom_control build --build-base /home/teamgrit/jaehooni/endpoint_control/build/so_arm_custom_control/build install --record /home/teamgrit/jaehooni/endpoint_control/build/so_arm_custom_control/install.log --single-version-externally-managed install_data[0m
[1.229s] [34mcolcon.colcon_core.event_handler.log_command[0m [1;30mDEBUG[0m [32mInvoking command in '/home/teamgrit/jaehooni/endpoint_control/SO-ARM101_MoveIt_IsaacSim/src/so_arm_motion_interface': PYTHONPATH=/home/teamgrit/jaehooni/endpoint_control/build/so_arm_motion_interface/prefix_override:/usr/lib/python3/dist-packages/colcon_core/task/python/colcon_distutils_commands:/home/teamgrit/jaehooni/endpoint_control/install/so_arm_motion_interface/lib/python3.10/site-packages:${PYTHONPATH} /usr/bin/python3 -W ignore:setup.py install is deprecated -W ignore:easy_install command is deprecated setup.py egg_info --egg-base ../../../build/so_arm_motion_interface build --build-base /home/teamgrit/jaehooni/endpoint_control/build/so_arm_motion_interface/build install --record /home/teamgrit/jaehooni/endpoint_control/build/so_arm_motion_interface/install.log --single-version-externally-managed install_data[0m
[1.248s] [34mcolcon.colcon_core.environment[0m [1;30mLevel 1[0m create_environment_scripts_only(so_arm_description)
[1.249s] [34mcolcon.colcon_core.event_handler.log_command[0m [1;30mDEBUG[0m [32mInvoked command in '/home/teamgrit/jaehooni/endpoint_control/build/so_arm_description' returned '0': CMAKE_PREFIX_PATH=/opt/ros/humble /usr/bin/cmake --install /home/teamgrit/jaehooni/endpoint_control/build/so_arm_description[0m
[1.262s] [34mcolcon.colcon_core.environment[0m [1;30mLevel 1[0m checking '/home/teamgrit/jaehooni/endpoint_control/install/so_arm_description' for CMake module files
[1.262s] [34mcolcon.colcon_core.environment[0m [1;30mLevel 1[0m checking '/home/teamgrit/jaehooni/endpoint_control/install/so_arm_description' for CMake config files
[1.263s] [34mcolcon.colcon_core.shell[0m [1;30mLevel 1[0m create_environment_hook('so_arm_description', 'cmake_prefix_path')
[1.263s] [34mcolcon.colcon_core.shell[0m [1;30mINFO[0m Creating environment hook '/home/teamgrit/jaehooni/endpoint_control/install/so_arm_description/share/so_arm_description/hook/cmake_prefix_path.ps1'
[1.263s] [34mcolcon.colcon_core.shell[0m [1;30mINFO[0m Creating environment descriptor '/home/teamgrit/jaehooni/endpoint_control/install/so_arm_description/share/so_arm_description/hook/cmake_prefix_path.dsv'
[1.263s] [34mcolcon.colcon_core.shell[0m [1;30mINFO[0m Creating environment hook '/home/teamgrit/jaehooni/endpoint_control/install/so_arm_description/share/so_arm_description/hook/cmake_prefix_path.sh'
[1.264s] [34mcolcon.colcon_core.environment[0m [1;30mLevel 1[0m checking '/home/teamgrit/jaehooni/endpoint_control/install/so_arm_description/bin'
[1.264s] [34mcolcon.colcon_core.environment[0m [1;30mLevel 1[0m checking '/home/teamgrit/jaehooni/endpoint_control/install/so_arm_description/lib/pkgconfig/so_arm_description.pc'
[1.264s] [34mcolcon.colcon_core.environment[0m [1;30mLevel 1[0m checking '/home/teamgrit/jaehooni/endpoint_control/install/so_arm_description/lib/python3.10/site-packages'
[1.265s] [34mcolcon.colcon_core.environment[0m [1;30mLevel 1[0m checking '/home/teamgrit/jaehooni/endpoint_control/install/so_arm_description/bin'
[1.265s] [34mcolcon.colcon_core.shell[0m [1;30mINFO[0m Creating package script '/home/teamgrit/jaehooni/endpoint_control/install/so_arm_description/share/so_arm_description/package.ps1'
[1.266s] [34mcolcon.colcon_core.shell[0m [1;30mINFO[0m Creating package descriptor '/home/teamgrit/jaehooni/endpoint_control/install/so_arm_description/share/so_arm_description/package.dsv'
[1.267s] [34mcolcon.colcon_core.shell[0m [1;30mINFO[0m Creating package script '/home/teamgrit/jaehooni/endpoint_control/install/so_arm_description/share/so_arm_description/package.sh'
[1.269s] [34mcolcon.colcon_core.shell[0m [1;30mINFO[0m Creating package script '/home/teamgrit/jaehooni/endpoint_control/install/so_arm_description/share/so_arm_description/package.bash'
[1.270s] [34mcolcon.colcon_core.shell[0m [1;30mINFO[0m Creating package script '/home/teamgrit/jaehooni/endpoint_control/install/so_arm_description/share/so_arm_description/package.zsh'
[1.272s] [34mcolcon.colcon_core.environment[0m [1;30mLevel 1[0m create_file_with_runtime_dependencies(/home/teamgrit/jaehooni/endpoint_control/install/so_arm_description/share/colcon-core/packages/so_arm_description)
[1.273s] [34mcolcon.colcon_core.environment[0m [1;30mLevel 1[0m create_environment_scripts_only(so_arm_description)
[1.273s] [34mcolcon.colcon_core.environment[0m [1;30mLevel 1[0m checking '/home/teamgrit/jaehooni/endpoint_control/install/so_arm_description' for CMake module files
[1.273s] [34mcolcon.colcon_core.environment[0m [1;30mLevel 1[0m checking '/home/teamgrit/jaehooni/endpoint_control/install/so_arm_description' for CMake config files
[1.273s] [34mcolcon.colcon_core.shell[0m [1;30mLevel 1[0m create_environment_hook('so_arm_description', 'cmake_prefix_path')
[1.274s] [34mcolcon.colcon_core.shell[0m [1;30mINFO[0m Creating environment hook '/home/teamgrit/jaehooni/endpoint_control/install/so_arm_description/share/so_arm_description/hook/cmake_prefix_path.ps1'
[1.274s] [34mcolcon.colcon_core.shell[0m [1;30mINFO[0m Creating environment descriptor '/home/teamgrit/jaehooni/endpoint_control/install/so_arm_description/share/so_arm_description/hook/cmake_prefix_path.dsv'
[1.274s] [34mcolcon.colcon_core.shell[0m [1;30mINFO[0m Creating environment hook '/home/teamgrit/jaehooni/endpoint_control/install/so_arm_description/share/so_arm_description/hook/cmake_prefix_path.sh'
[1.275s] [34mcolcon.colcon_core.environment[0m [1;30mLevel 1[0m checking '/home/teamgrit/jaehooni/endpoint_control/install/so_arm_description/bin'
[1.275s] [34mcolcon.colcon_core.environment[0m [1;30mLevel 1[0m checking '/home/teamgrit/jaehooni/endpoint_control/install/so_arm_description/lib/pkgconfig/so_arm_description.pc'
[1.275s] [34mcolcon.colcon_core.environment[0m [1;30mLevel 1[0m checking '/home/teamgrit/jaehooni/endpoint_control/install/so_arm_description/lib/python3.10/site-packages'
[1.275s] [34mcolcon.colcon_core.environment[0m [1;30mLevel 1[0m checking '/home/teamgrit/jaehooni/endpoint_control/install/so_arm_description/bin'
[1.276s] [34mcolcon.colcon_core.shell[0m [1;30mINFO[0m Creating package script '/home/teamgrit/jaehooni/endpoint_control/install/so_arm_description/share/so_arm_description/package.ps1'
[1.276s] [34mcolcon.colcon_core.shell[0m [1;30mINFO[0m Creating package descriptor '/home/teamgrit/jaehooni/endpoint_control/install/so_arm_description/share/so_arm_description/package.dsv'
[1.276s] [34mcolcon.colcon_core.shell[0m [1;30mINFO[0m Creating package script '/home/teamgrit/jaehooni/endpoint_control/install/so_arm_description/share/so_arm_description/package.sh'
[1.277s] [34mcolcon.colcon_core.shell[0m [1;30mINFO[0m Creating package script '/home/teamgrit/jaehooni/endpoint_control/install/so_arm_description/share/so_arm_description/package.bash'
[1.277s] [34mcolcon.colcon_core.shell[0m [1;30mINFO[0m Creating package script '/home/teamgrit/jaehooni/endpoint_control/install/so_arm_description/share/so_arm_description/package.zsh'
[1.277s] [34mcolcon.colcon_core.environment[0m [1;30mLevel 1[0m create_file_with_runtime_dependencies(/home/teamgrit/jaehooni/endpoint_control/install/so_arm_description/share/colcon-core/packages/so_arm_description)
[1.278s] [34mcolcon.colcon_ros.task.ament_cmake.build[0m [1;30mINFO[0m Building ROS package in '/home/teamgrit/jaehooni/endpoint_control/SO-ARM101_MoveIt_IsaacSim/src/so_arm_moveit_config' with build type 'ament_cmake'
[1.278s] [34mcolcon.colcon_cmake.task.cmake.build[0m [1;30mINFO[0m Building CMake package in '/home/teamgrit/jaehooni/endpoint_control/SO-ARM101_MoveIt_IsaacSim/src/so_arm_moveit_config'
[1.278s] [34mcolcon.colcon_core.shell[0m [1;30mINFO[0m Skip shell extension 'powershell' for command environment: Not usable outside of PowerShell
[1.278s] [34mcolcon.colcon_core.shell[0m [1;30mDEBUG[0m [32mSkip shell extension 'dsv' for command environment[0m
[1.285s] [34mcolcon.colcon_core.event_handler.log_command[0m [1;30mDEBUG[0m [32mInvoking command in '/home/teamgrit/jaehooni/endpoint_control/build/so_arm_moveit_config': AMENT_PREFIX_PATH=/home/teamgrit/jaehooni/endpoint_control/install/so_arm_description:${AMENT_PREFIX_PATH} CMAKE_PREFIX_PATH=/home/teamgrit/jaehooni/endpoint_control/install/so_arm_description:/opt/ros/humble /usr/bin/cmake /home/teamgrit/jaehooni/endpoint_control/SO-ARM101_MoveIt_IsaacSim/src/so_arm_moveit_config -DCMAKE_INSTALL_PREFIX=/home/teamgrit/jaehooni/endpoint_control/install/so_arm_moveit_config[0m
[1.422s] [34mcolcon.colcon_core.environment[0m [1;30mLevel 1[0m checking '/home/teamgrit/jaehooni/endpoint_control/install/so_arm_custom_control' for CMake module files
[1.422s] [34mcolcon.colcon_core.event_handler.log_command[0m [1;30mDEBUG[0m [32mInvoked command in '/home/teamgrit/jaehooni/endpoint_control/SO-ARM101_MoveIt_IsaacSim/src/so_arm_custom_control' returned '0': PYTHONPATH=/home/teamgrit/jaehooni/endpoint_control/build/so_arm_custom_control/prefix_override:/usr/lib/python3/dist-packages/colcon_core/task/python/colcon_distutils_commands:/home/teamgrit/jaehooni/endpoint_control/install/so_arm_custom_control/lib/python3.10/site-packages:${PYTHONPATH} /usr/bin/python3 -W ignore:setup.py install is deprecated -W ignore:easy_install command is deprecated setup.py egg_info --egg-base ../../../build/so_arm_custom_control build --build-base /home/teamgrit/jaehooni/endpoint_control/build/so_arm_custom_control/build install --record /home/teamgrit/jaehooni/endpoint_control/build/so_arm_custom_control/install.log --single-version-externally-managed install_data[0m
[1.423s] [34mcolcon.colcon_core.environment[0m [1;30mLevel 1[0m checking '/home/teamgrit/jaehooni/endpoint_control/install/so_arm_custom_control' for CMake config files
[1.423s] [34mcolcon.colcon_core.environment[0m [1;30mLevel 1[0m checking '/home/teamgrit/jaehooni/endpoint_control/install/so_arm_custom_control/lib'
[1.423s] [34mcolcon.colcon_core.environment[0m [1;30mLevel 1[0m checking '/home/teamgrit/jaehooni/endpoint_control/install/so_arm_custom_control/bin'
[1.423s] [34mcolcon.colcon_core.environment[0m [1;30mLevel 1[0m checking '/home/teamgrit/jaehooni/endpoint_control/install/so_arm_custom_control/lib/pkgconfig/so_arm_custom_control.pc'
[1.424s] [34mcolcon.colcon_core.environment[0m [1;30mLevel 1[0m checking '/home/teamgrit/jaehooni/endpoint_control/install/so_arm_custom_control/lib/python3.10/site-packages'
[1.424s] [34mcolcon.colcon_core.shell[0m [1;30mLevel 1[0m create_environment_hook('so_arm_custom_control', 'pythonpath')
[1.424s] [34mcolcon.colcon_core.shell[0m [1;30mINFO[0m Creating environment hook '/home/teamgrit/jaehooni/endpoint_control/install/so_arm_custom_control/share/so_arm_custom_control/hook/pythonpath.ps1'
[1.424s] [34mcolcon.colcon_core.shell[0m [1;30mINFO[0m Creating environment descriptor '/home/teamgrit/jaehooni/endpoint_control/install/so_arm_custom_control/share/so_arm_custom_control/hook/pythonpath.dsv'
[1.425s] [34mcolcon.colcon_core.shell[0m [1;30mINFO[0m Creating environment hook '/home/teamgrit/jaehooni/endpoint_control/install/so_arm_custom_control/share/so_arm_custom_control/hook/pythonpath.sh'
[1.426s] [34mcolcon.colcon_core.environment[0m [1;30mLevel 1[0m checking '/home/teamgrit/jaehooni/endpoint_control/install/so_arm_custom_control/bin'
[1.426s] [34mcolcon.colcon_core.environment[0m [1;30mLevel 1[0m create_environment_scripts_only(so_arm_custom_control)
[1.426s] [34mcolcon.colcon_core.shell[0m [1;30mINFO[0m Creating package script '/home/teamgrit/jaehooni/endpoint_control/install/so_arm_custom_control/share/so_arm_custom_control/package.ps1'
[1.427s] [34mcolcon.colcon_core.shell[0m [1;30mINFO[0m Creating package descriptor '/home/teamgrit/jaehooni/endpoint_control/install/so_arm_custom_control/share/so_arm_custom_control/package.dsv'
[1.427s] [34mcolcon.colcon_core.shell[0m [1;30mINFO[0m Creating package script '/home/teamgrit/jaehooni/endpoint_control/install/so_arm_custom_control/share/so_arm_custom_control/package.sh'
[1.427s] [34mcolcon.colcon_core.shell[0m [1;30mINFO[0m Creating package script '/home/teamgrit/jaehooni/endpoint_control/install/so_arm_custom_control/share/so_arm_custom_control/package.bash'
[1.428s] [34mcolcon.colcon_core.shell[0m [1;30mINFO[0m Creating package script '/home/teamgrit/jaehooni/endpoint_control/install/so_arm_custom_control/share/so_arm_custom_control/package.zsh'
[1.428s] [34mcolcon.colcon_core.environment[0m [1;30mLevel 1[0m create_file_with_runtime_dependencies(/home/teamgrit/jaehooni/endpoint_control/install/so_arm_custom_control/share/colcon-core/packages/so_arm_custom_control)
[1.438s] [34mcolcon.colcon_core.environment[0m [1;30mLevel 1[0m checking '/home/teamgrit/jaehooni/endpoint_control/install/so_arm_motion_interface' for CMake module files
[1.439s] [34mcolcon.colcon_core.event_handler.log_command[0m [1;30mDEBUG[0m [32mInvoked command in '/home/teamgrit/jaehooni/endpoint_control/SO-ARM101_MoveIt_IsaacSim/src/so_arm_motion_interface' returned '0': PYTHONPATH=/home/teamgrit/jaehooni/endpoint_control/build/so_arm_motion_interface/prefix_override:/usr/lib/python3/dist-packages/colcon_core/task/python/colcon_distutils_commands:/home/teamgrit/jaehooni/endpoint_control/install/so_arm_motion_interface/lib/python3.10/site-packages:${PYTHONPATH} /usr/bin/python3 -W ignore:setup.py install is deprecated -W ignore:easy_install command is deprecated setup.py egg_info --egg-base ../../../build/so_arm_motion_interface build --build-base /home/teamgrit/jaehooni/endpoint_control/build/so_arm_motion_interface/build install --record /home/teamgrit/jaehooni/endpoint_control/build/so_arm_motion_interface/install.log --single-version-externally-managed install_data[0m
[1.439s] [34mcolcon.colcon_core.environment[0m [1;30mLevel 1[0m checking '/home/teamgrit/jaehooni/endpoint_control/install/so_arm_motion_interface' for CMake config files
[1.439s] [34mcolcon.colcon_core.environment[0m [1;30mLevel 1[0m checking '/home/teamgrit/jaehooni/endpoint_control/install/so_arm_motion_interface/lib'
[1.439s] [34mcolcon.colcon_core.environment[0m [1;30mLevel 1[0m checking '/home/teamgrit/jaehooni/endpoint_control/install/so_arm_motion_interface/bin'
[1.439s] [34mcolcon.colcon_core.environment[0m [1;30mLevel 1[0m checking '/home/teamgrit/jaehooni/endpoint_control/install/so_arm_motion_interface/lib/pkgconfig/so_arm_motion_interface.pc'
[1.440s] [34mcolcon.colcon_core.environment[0m [1;30mLevel 1[0m checking '/home/teamgrit/jaehooni/endpoint_control/install/so_arm_motion_interface/lib/python3.10/site-packages'
[1.440s] [34mcolcon.colcon_core.shell[0m [1;30mLevel 1[0m create_environment_hook('so_arm_motion_interface', 'pythonpath')
[1.440s] [34mcolcon.colcon_core.shell[0m [1;30mINFO[0m Creating environment hook '/home/teamgrit/jaehooni/endpoint_control/install/so_arm_motion_interface/share/so_arm_motion_interface/hook/pythonpath.ps1'
[1.442s] [34mcolcon.colcon_core.shell[0m [1;30mINFO[0m Creating environment descriptor '/home/teamgrit/jaehooni/endpoint_control/install/so_arm_motion_interface/share/so_arm_motion_interface/hook/pythonpath.dsv'
[1.442s] [34mcolcon.colcon_core.shell[0m [1;30mINFO[0m Creating environment hook '/home/teamgrit/jaehooni/endpoint_control/install/so_arm_motion_interface/share/so_arm_motion_interface/hook/pythonpath.sh'
[1.443s] [34mcolcon.colcon_core.environment[0m [1;30mLevel 1[0m checking '/home/teamgrit/jaehooni/endpoint_control/install/so_arm_motion_interface/bin'
[1.443s] [34mcolcon.colcon_core.environment[0m [1;30mLevel 1[0m create_environment_scripts_only(so_arm_motion_interface)
[1.443s] [34mcolcon.colcon_core.shell[0m [1;30mINFO[0m Creating package script '/home/teamgrit/jaehooni/endpoint_control/install/so_arm_motion_interface/share/so_arm_motion_interface/package.ps1'
[1.443s] [34mcolcon.colcon_core.shell[0m [1;30mINFO[0m Creating package descriptor '/home/teamgrit/jaehooni/endpoint_control/install/so_arm_motion_interface/share/so_arm_motion_interface/package.dsv'
[1.443s] [34mcolcon.colcon_core.shell[0m [1;30mINFO[0m Creating package script '/home/teamgrit/jaehooni/endpoint_control/install/so_arm_motion_interface/share/so_arm_motion_interface/package.sh'
[1.444s] [34mcolcon.colcon_core.shell[0m [1;30mINFO[0m Creating package script '/home/teamgrit/jaehooni/endpoint_control/install/so_arm_motion_interface/share/so_arm_motion_interface/package.bash'
[1.444s] [34mcolcon.colcon_core.shell[0m [1;30mINFO[0m Creating package script '/home/teamgrit/jaehooni/endpoint_control/install/so_arm_motion_interface/share/so_arm_motion_interface/package.zsh'
[1.444s] [34mcolcon.colcon_core.environment[0m [1;30mLevel 1[0m create_file_with_runtime_dependencies(/home/teamgrit/jaehooni/endpoint_control/install/so_arm_motion_interface/share/colcon-core/packages/so_arm_motion_interface)
[1.731s] [34mcolcon.colcon_core.event_handler.log_command[0m [1;30mDEBUG[0m [32mInvoked command in '/home/teamgrit/jaehooni/endpoint_control/build/so_arm_moveit_config' returned '0': AMENT_PREFIX_PATH=/home/teamgrit/jaehooni/endpoint_control/install/so_arm_description:${AMENT_PREFIX_PATH} CMAKE_PREFIX_PATH=/home/teamgrit/jaehooni/endpoint_control/install/so_arm_description:/opt/ros/humble /usr/bin/cmake /home/teamgrit/jaehooni/endpoint_control/SO-ARM101_MoveIt_IsaacSim/src/so_arm_moveit_config -DCMAKE_INSTALL_PREFIX=/home/teamgrit/jaehooni/endpoint_control/install/so_arm_moveit_config[0m
[1.732s] [34mcolcon.colcon_core.event_handler.log_command[0m [1;30mDEBUG[0m [32mInvoking command in '/home/teamgrit/jaehooni/endpoint_control/build/so_arm_moveit_config': AMENT_PREFIX_PATH=/home/teamgrit/jaehooni/endpoint_control/install/so_arm_description:${AMENT_PREFIX_PATH} CMAKE_PREFIX_PATH=/home/teamgrit/jaehooni/endpoint_control/install/so_arm_description:/opt/ros/humble /usr/bin/cmake --build /home/teamgrit/jaehooni/endpoint_control/build/so_arm_moveit_config -- -j20 -l20[0m
[1.755s] [34mcolcon.colcon_core.event_handler.log_command[0m [1;30mDEBUG[0m [32mInvoked command in '/home/teamgrit/jaehooni/endpoint_control/build/so_arm_moveit_config' returned '0': AMENT_PREFIX_PATH=/home/teamgrit/jaehooni/endpoint_control/install/so_arm_description:${AMENT_PREFIX_PATH} CMAKE_PREFIX_PATH=/home/teamgrit/jaehooni/endpoint_control/install/so_arm_description:/opt/ros/humble /usr/bin/cmake --build /home/teamgrit/jaehooni/endpoint_control/build/so_arm_moveit_config -- -j20 -l20[0m
[1.756s] [34mcolcon.colcon_core.event_handler.log_command[0m [1;30mDEBUG[0m [32mInvoking command in '/home/teamgrit/jaehooni/endpoint_control/build/so_arm_moveit_config': AMENT_PREFIX_PATH=/home/teamgrit/jaehooni/endpoint_control/install/so_arm_description:${AMENT_PREFIX_PATH} CMAKE_PREFIX_PATH=/home/teamgrit/jaehooni/endpoint_control/install/so_arm_description:/opt/ros/humble /usr/bin/cmake --install /home/teamgrit/jaehooni/endpoint_control/build/so_arm_moveit_config[0m
[1.778s] [34mcolcon.colcon_core.environment[0m [1;30mLevel 1[0m create_environment_scripts_only(so_arm_moveit_config)
[1.778s] [34mcolcon.colcon_core.event_handler.log_command[0m [1;30mDEBUG[0m [32mInvoked command in '/home/teamgrit/jaehooni/endpoint_control/build/so_arm_moveit_config' returned '0': AMENT_PREFIX_PATH=/home/teamgrit/jaehooni/endpoint_control/install/so_arm_description:${AMENT_PREFIX_PATH} CMAKE_PREFIX_PATH=/home/teamgrit/jaehooni/endpoint_control/install/so_arm_description:/opt/ros/humble /usr/bin/cmake --install /home/teamgrit/jaehooni/endpoint_control/build/so_arm_moveit_config[0m
[1.778s] [34mcolcon.colcon_core.environment[0m [1;30mLevel 1[0m checking '/home/teamgrit/jaehooni/endpoint_control/install/so_arm_moveit_config' for CMake module files
[1.779s] [34mcolcon.colcon_core.environment[0m [1;30mLevel 1[0m checking '/home/teamgrit/jaehooni/endpoint_control/install/so_arm_moveit_config' for CMake config files
[1.779s] [34mcolcon.colcon_core.shell[0m [1;30mLevel 1[0m create_environment_hook('so_arm_moveit_config', 'cmake_prefix_path')
[1.780s] [34mcolcon.colcon_core.shell[0m [1;30mINFO[0m Creating environment hook '/home/teamgrit/jaehooni/endpoint_control/install/so_arm_moveit_config/share/so_arm_moveit_config/hook/cmake_prefix_path.ps1'
[1.780s] [34mcolcon.colcon_core.shell[0m [1;30mINFO[0m Creating environment descriptor '/home/teamgrit/jaehooni/endpoint_control/install/so_arm_moveit_config/share/so_arm_moveit_config/hook/cmake_prefix_path.dsv'
[1.781s] [34mcolcon.colcon_core.shell[0m [1;30mINFO[0m Creating environment hook '/home/teamgrit/jaehooni/endpoint_control/install/so_arm_moveit_config/share/so_arm_moveit_config/hook/cmake_prefix_path.sh'
[1.781s] [34mcolcon.colcon_core.environment[0m [1;30mLevel 1[0m checking '/home/teamgrit/jaehooni/endpoint_control/install/so_arm_moveit_config/bin'
[1.781s] [34mcolcon.colcon_core.environment[0m [1;30mLevel 1[0m checking '/home/teamgrit/jaehooni/endpoint_control/install/so_arm_moveit_config/lib/pkgconfig/so_arm_moveit_config.pc'
[1.782s] [34mcolcon.colcon_core.environment[0m [1;30mLevel 1[0m checking '/home/teamgrit/jaehooni/endpoint_control/install/so_arm_moveit_config/lib/python3.10/site-packages'
[1.782s] [34mcolcon.colcon_core.environment[0m [1;30mLevel 1[0m checking '/home/teamgrit/jaehooni/endpoint_control/install/so_arm_moveit_config/bin'
[1.783s] [34mcolcon.colcon_core.shell[0m [1;30mINFO[0m Creating package script '/home/teamgrit/jaehooni/endpoint_control/install/so_arm_moveit_config/share/so_arm_moveit_config/package.ps1'
[1.783s] [34mcolcon.colcon_core.shell[0m [1;30mINFO[0m Creating package descriptor '/home/teamgrit/jaehooni/endpoint_control/install/so_arm_moveit_config/share/so_arm_moveit_config/package.dsv'
[1.784s] [34mcolcon.colcon_core.shell[0m [1;30mINFO[0m Creating package script '/home/teamgrit/jaehooni/endpoint_control/install/so_arm_moveit_config/share/so_arm_moveit_config/package.sh'
[1.784s] [34mcolcon.colcon_core.shell[0m [1;30mINFO[0m Creating package script '/home/teamgrit/jaehooni/endpoint_control/install/so_arm_moveit_config/share/so_arm_moveit_config/package.bash'
[1.784s] [34mcolcon.colcon_core.shell[0m [1;30mINFO[0m Creating package script '/home/teamgrit/jaehooni/endpoint_control/install/so_arm_moveit_config/share/so_arm_moveit_config/package.zsh'
[1.784s] [34mcolcon.colcon_core.environment[0m [1;30mLevel 1[0m create_file_with_runtime_dependencies(/home/teamgrit/jaehooni/endpoint_control/install/so_arm_moveit_config/share/colcon-core/packages/so_arm_moveit_config)
[1.785s] [34mcolcon.colcon_core.environment[0m [1;30mLevel 1[0m create_environment_scripts_only(so_arm_moveit_config)
[1.785s] [34mcolcon.colcon_core.environment[0m [1;30mLevel 1[0m checking '/home/teamgrit/jaehooni/endpoint_control/install/so_arm_moveit_config' for CMake module files
[1.785s] [34mcolcon.colcon_core.environment[0m [1;30mLevel 1[0m checking '/home/teamgrit/jaehooni/endpoint_control/install/so_arm_moveit_config' for CMake config files
[1.785s] [34mcolcon.colcon_core.shell[0m [1;30mLevel 1[0m create_environment_hook('so_arm_moveit_config', 'cmake_prefix_path')
[1.785s] [34mcolcon.colcon_core.shell[0m [1;30mINFO[0m Creating environment hook '/home/teamgrit/jaehooni/endpoint_control/install/so_arm_moveit_config/share/so_arm_moveit_config/hook/cmake_prefix_path.ps1'
[1.785s] [34mcolcon.colcon_core.shell[0m [1;30mINFO[0m Creating environment descriptor '/home/teamgrit/jaehooni/endpoint_control/install/so_arm_moveit_config/share/so_arm_moveit_config/hook/cmake_prefix_path.dsv'
[1.785s] [34mcolcon.colcon_core.shell[0m [1;30mINFO[0m Creating environment hook '/home/teamgrit/jaehooni/endpoint_control/install/so_arm_moveit_config/share/so_arm_moveit_config/hook/cmake_prefix_path.sh'
[1.786s] [34mcolcon.colcon_core.environment[0m [1;30mLevel 1[0m checking '/home/teamgrit/jaehooni/endpoint_control/install/so_arm_moveit_config/bin'
[1.786s] [34mcolcon.colcon_core.environment[0m [1;30mLevel 1[0m checking '/home/teamgrit/jaehooni/endpoint_control/install/so_arm_moveit_config/lib/pkgconfig/so_arm_moveit_config.pc'
[1.786s] [34mcolcon.colcon_core.environment[0m [1;30mLevel 1[0m checking '/home/teamgrit/jaehooni/endpoint_control/install/so_arm_moveit_config/lib/python3.10/site-packages'
[1.786s] [34mcolcon.colcon_core.environment[0m [1;30mLevel 1[0m checking '/home/teamgrit/jaehooni/endpoint_control/install/so_arm_moveit_config/bin'
[1.786s] [34mcolcon.colcon_core.shell[0m [1;30mINFO[0m Creating package script '/home/teamgrit/jaehooni/endpoint_control/install/so_arm_moveit_config/share/so_arm_moveit_config/package.ps1'
[1.786s] [34mcolcon.colcon_core.shell[0m [1;30mINFO[0m Creating package descriptor '/home/teamgrit/jaehooni/endpoint_control/install/so_arm_moveit_config/share/so_arm_moveit_config/package.dsv'
[1.787s] [34mcolcon.colcon_core.shell[0m [1;30mINFO[0m Creating package script '/home/teamgrit/jaehooni/endpoint_control/install/so_arm_moveit_config/share/so_arm_moveit_config/package.sh'
[1.787s] [34mcolcon.colcon_core.shell[0m [1;30mINFO[0m Creating package script '/home/teamgrit/jaehooni/endpoint_control/install/so_arm_moveit_config/share/so_arm_moveit_config/package.bash'
[1.787s] [34mcolcon.colcon_core.shell[0m [1;30mINFO[0m Creating package script '/home/teamgrit/jaehooni/endpoint_control/install/so_arm_moveit_config/share/so_arm_moveit_config/package.zsh'
[1.787s] [34mcolcon.colcon_core.environment[0m [1;30mLevel 1[0m create_file_with_runtime_dependencies(/home/teamgrit/jaehooni/endpoint_control/install/so_arm_moveit_config/share/colcon-core/packages/so_arm_moveit_config)
[1.787s] [34mcolcon.colcon_parallel_executor.executor.parallel[0m [1;30mDEBUG[0m [32mclosing loop[0m
[1.787s] [34mcolcon.colcon_parallel_executor.executor.parallel[0m [1;30mDEBUG[0m [32mloop closed[0m
[1.787s] [34mcolcon.colcon_parallel_executor.executor.parallel[0m [1;30mDEBUG[0m [32mrun_until_complete finished with '0'[0m
[1.787s] [34mcolcon.colcon_core.event_reactor[0m [1;30mDEBUG[0m [32mjoining thread[0m
[1.793s] [34mcolcon.colcon_core.plugin_system[0m [1;30mINFO[0m Skipping extension 'colcon_notification.desktop_notification.terminal_notifier': Not used on non-Darwin systems
[1.793s] [34mcolcon.colcon_core.plugin_system[0m [1;30mINFO[0m Skipping extension 'colcon_notification.desktop_notification.win32': Not used on non-Windows systems
[1.793s] [34mcolcon.colcon_notification.desktop_notification[0m [1;30mINFO[0m Sending desktop notification using 'notify2'
[1.814s] [34mcolcon.colcon_core.event_reactor[0m [1;30mDEBUG[0m [32mjoined thread[0m
[1.814s] [34mcolcon.colcon_core.shell[0m [1;30mINFO[0m Creating prefix script '/home/teamgrit/jaehooni/endpoint_control/install/local_setup.ps1'
[1.815s] [34mcolcon.colcon_core.shell[0m [1;30mINFO[0m Creating prefix util module '/home/teamgrit/jaehooni/endpoint_control/install/_local_setup_util_ps1.py'
[1.816s] [34mcolcon.colcon_core.shell[0m [1;30mINFO[0m Creating prefix chain script '/home/teamgrit/jaehooni/endpoint_control/install/setup.ps1'
[1.816s] [34mcolcon.colcon_core.shell[0m [1;30mINFO[0m Creating prefix script '/home/teamgrit/jaehooni/endpoint_control/install/local_setup.sh'
[1.817s] [34mcolcon.colcon_core.shell[0m [1;30mINFO[0m Creating prefix util module '/home/teamgrit/jaehooni/endpoint_control/install/_local_setup_util_sh.py'
[1.817s] [34mcolcon.colcon_core.shell[0m [1;30mINFO[0m Creating prefix chain script '/home/teamgrit/jaehooni/endpoint_control/install/setup.sh'
[1.818s] [34mcolcon.colcon_core.shell[0m [1;30mINFO[0m Creating prefix script '/home/teamgrit/jaehooni/endpoint_control/install/local_setup.bash'
[1.818s] [34mcolcon.colcon_core.shell[0m [1;30mINFO[0m Creating prefix chain script '/home/teamgrit/jaehooni/endpoint_control/install/setup.bash'
[1.819s] [34mcolcon.colcon_core.shell[0m [1;30mINFO[0m Creating prefix script '/home/teamgrit/jaehooni/endpoint_control/install/local_setup.zsh'
[1.819s] [34mcolcon.colcon_core.shell[0m [1;30mINFO[0m Creating prefix chain script '/home/teamgrit/jaehooni/endpoint_control/install/setup.zsh'
