[1.003s] [34mcolcon[0m [1;30mDEBUG[0m [32mCommand line arguments: ['/usr/bin/colcon', 'build'][0m
[1.003s] [34mcolcon[0m [1;30mDEBUG[0m [32mParsed command line arguments: Namespace(log_base=None, log_level=None, verb_name='build', build_base='build', install_base='install', merge_install=False, symlink_install=False, test_result_base=None, continue_on_error=False, executor='parallel', parallel_workers=20, event_handlers=None, ignore_user_meta=False, metas=['./colcon.meta'], base_paths=['.'], packages_ignore=None, packages_ignore_regex=None, paths=None, packages_up_to=None, packages_up_to_regex=None, packages_above=None, packages_above_and_dependencies=None, packages_above_depth=None, packages_select_by_dep=None, packages_skip_by_dep=None, packages_skip_up_to=None, packages_select_build_failed=False, packages_skip_build_finished=False, packages_select_test_failures=False, packages_skip_test_passed=False, packages_select=None, packages_skip=None, packages_select_regex=None, packages_skip_regex=None, packages_start=None, packages_end=None, allow_overriding=[], cmake_args=None, cmake_target=None, cmake_target_skip_unavailable=False, cmake_clean_cache=False, cmake_clean_first=False, cmake_force_configure=False, ament_cmake_args=None, catkin_cmake_args=None, catkin_skip_building_tests=False, mixin_files=None, mixin=None, verb_parser=<colcon_mixin.mixin.mixin_argument.MixinArgumentDecorator object at 0x775eb16a1870>, verb_extension=<colcon_core.verb.build.BuildVerb object at 0x775eb16a12d0>, main=<bound method BuildVerb.main of <colcon_core.verb.build.BuildVerb object at 0x775eb16a12d0>>, mixin_verb=('build',))[0m
[1.794s] [34mcolcon.colcon_core.package_discovery[0m [1;30mLevel 1[0m discover_packages(colcon_meta) check parameters
[1.794s] [34mcolcon.colcon_core.package_discovery[0m [1;30mLevel 1[0m discover_packages(recursive) check parameters
[1.794s] [34mcolcon.colcon_core.package_discovery[0m [1;30mLevel 1[0m discover_packages(ignore) check parameters
[1.794s] [34mcolcon.colcon_core.package_discovery[0m [1;30mLevel 1[0m discover_packages(path) check parameters
[1.794s] [34mcolcon.colcon_core.package_discovery[0m [1;30mLevel 1[0m discover_packages(colcon_meta) discover
[1.794s] [34mcolcon.colcon_core.package_discovery[0m [1;30mLevel 1[0m discover_packages(recursive) discover
[1.795s] [34mcolcon.colcon_core.package_discovery[0m [1;30mINFO[0m Crawling recursively for packages in '/home/teamgrit/jaehooni/endpoint_control'
[1.795s] [34mcolcon.colcon_core.package_identification[0m [1;30mLevel 1[0m _identify(.) by extensions ['ignore', 'ignore_ament_install']
[1.795s] [34mcolcon.colcon_core.package_identification[0m [1;30mLevel 1[0m _identify(.) by extension 'ignore'
[1.795s] [34mcolcon.colcon_core.package_identification[0m [1;30mLevel 1[0m _identify(.) by extension 'ignore_ament_install'
[1.795s] [34mcolcon.colcon_core.package_identification[0m [1;30mLevel 1[0m _identify(.) by extensions ['colcon_pkg']
[1.795s] [34mcolcon.colcon_core.package_identification[0m [1;30mLevel 1[0m _identify(.) by extension 'colcon_pkg'
[1.795s] [34mcolcon.colcon_core.package_identification[0m [1;30mLevel 1[0m _identify(.) by extensions ['colcon_meta']
[1.795s] [34mcolcon.colcon_core.package_identification[0m [1;30mLevel 1[0m _identify(.) by extension 'colcon_meta'
[1.795s] [34mcolcon.colcon_core.package_identification[0m [1;30mLevel 1[0m _identify(.) by extensions ['ros']
[1.795s] [34mcolcon.colcon_core.package_identification[0m [1;30mLevel 1[0m _identify(.) by extension 'ros'
[1.813s] [34mcolcon.colcon_core.package_identification[0m [1;30mLevel 1[0m _identify(.) by extensions ['cmake', 'python']
[1.813s] [34mcolcon.colcon_core.package_identification[0m [1;30mLevel 1[0m _identify(.) by extension 'cmake'
[1.813s] [34mcolcon.colcon_core.package_identification[0m [1;30mLevel 1[0m _identify(.) by extension 'python'
[1.813s] [34mcolcon.colcon_core.package_identification[0m [1;30mLevel 1[0m _identify(.) by extensions ['python_setup_py']
[1.814s] [34mcolcon.colcon_core.package_identification[0m [1;30mLevel 1[0m _identify(.) by extension 'python_setup_py'
[1.814s] [34mcolcon.colcon_core.package_identification[0m [1;30mLevel 1[0m _identify(SO-ARM101_MoveIt_IsaacSim) by extensions ['ignore', 'ignore_ament_install']
[1.814s] [34mcolcon.colcon_core.package_identification[0m [1;30mLevel 1[0m _identify(SO-ARM101_MoveIt_IsaacSim) by extension 'ignore'
[1.814s] [34mcolcon.colcon_core.package_identification[0m [1;30mLevel 1[0m _identify(SO-ARM101_MoveIt_IsaacSim) by extension 'ignore_ament_install'
[1.814s] [34mcolcon.colcon_core.package_identification[0m [1;30mLevel 1[0m _identify(SO-ARM101_MoveIt_IsaacSim) by extensions ['colcon_pkg']
[1.814s] [34mcolcon.colcon_core.package_identification[0m [1;30mLevel 1[0m _identify(SO-ARM101_MoveIt_IsaacSim) by extension 'colcon_pkg'
[1.814s] [34mcolcon.colcon_core.package_identification[0m [1;30mLevel 1[0m _identify(SO-ARM101_MoveIt_IsaacSim) by extensions ['colcon_meta']
[1.814s] [34mcolcon.colcon_core.package_identification[0m [1;30mLevel 1[0m _identify(SO-ARM101_MoveIt_IsaacSim) by extension 'colcon_meta'
[1.814s] [34mcolcon.colcon_core.package_identification[0m [1;30mLevel 1[0m _identify(SO-ARM101_MoveIt_IsaacSim) by extensions ['ros']
[1.814s] [34mcolcon.colcon_core.package_identification[0m [1;30mLevel 1[0m _identify(SO-ARM101_MoveIt_IsaacSim) by extension 'ros'
[1.814s] [34mcolcon.colcon_core.package_identification[0m [1;30mLevel 1[0m _identify(SO-ARM101_MoveIt_IsaacSim) by extensions ['cmake', 'python']
[1.814s] [34mcolcon.colcon_core.package_identification[0m [1;30mLevel 1[0m _identify(SO-ARM101_MoveIt_IsaacSim) by extension 'cmake'
[1.814s] [34mcolcon.colcon_core.package_identification[0m [1;30mLevel 1[0m _identify(SO-ARM101_MoveIt_IsaacSim) by extension 'python'
[1.814s] [34mcolcon.colcon_core.package_identification[0m [1;30mLevel 1[0m _identify(SO-ARM101_MoveIt_IsaacSim) by extensions ['python_setup_py']
[1.814s] [34mcolcon.colcon_core.package_identification[0m [1;30mLevel 1[0m _identify(SO-ARM101_MoveIt_IsaacSim) by extension 'python_setup_py'
[1.816s] [34mcolcon.colcon_core.package_identification[0m [1;30mLevel 1[0m _identify(SO-ARM101_MoveIt_IsaacSim/build) by extensions ['ignore', 'ignore_ament_install']
[1.816s] [34mcolcon.colcon_core.package_identification[0m [1;30mLevel 1[0m _identify(SO-ARM101_MoveIt_IsaacSim/build) by extension 'ignore'
[1.816s] [34mcolcon.colcon_core.package_identification[0m [1;30mLevel 1[0m _identify(SO-ARM101_MoveIt_IsaacSim/build) ignored
[1.817s] [34mcolcon.colcon_core.package_identification[0m [1;30mLevel 1[0m _identify(SO-ARM101_MoveIt_IsaacSim/calibration) by extensions ['ignore', 'ignore_ament_install']
[1.817s] [34mcolcon.colcon_core.package_identification[0m [1;30mLevel 1[0m _identify(SO-ARM101_MoveIt_IsaacSim/calibration) by extension 'ignore'
[1.817s] [34mcolcon.colcon_core.package_identification[0m [1;30mLevel 1[0m _identify(SO-ARM101_MoveIt_IsaacSim/calibration) by extension 'ignore_ament_install'
[1.817s] [34mcolcon.colcon_core.package_identification[0m [1;30mLevel 1[0m _identify(SO-ARM101_MoveIt_IsaacSim/calibration) by extensions ['colcon_pkg']
[1.817s] [34mcolcon.colcon_core.package_identification[0m [1;30mLevel 1[0m _identify(SO-ARM101_MoveIt_IsaacSim/calibration) by extension 'colcon_pkg'
[1.817s] [34mcolcon.colcon_core.package_identification[0m [1;30mLevel 1[0m _identify(SO-ARM101_MoveIt_IsaacSim/calibration) by extensions ['colcon_meta']
[1.817s] [34mcolcon.colcon_core.package_identification[0m [1;30mLevel 1[0m _identify(SO-ARM101_MoveIt_IsaacSim/calibration) by extension 'colcon_meta'
[1.817s] [34mcolcon.colcon_core.package_identification[0m [1;30mLevel 1[0m _identify(SO-ARM101_MoveIt_IsaacSim/calibration) by extensions ['ros']
[1.817s] [34mcolcon.colcon_core.package_identification[0m [1;30mLevel 1[0m _identify(SO-ARM101_MoveIt_IsaacSim/calibration) by extension 'ros'
[1.818s] [34mcolcon.colcon_core.package_identification[0m [1;30mLevel 1[0m _identify(SO-ARM101_MoveIt_IsaacSim/calibration) by extensions ['cmake', 'python']
[1.818s] [34mcolcon.colcon_core.package_identification[0m [1;30mLevel 1[0m _identify(SO-ARM101_MoveIt_IsaacSim/calibration) by extension 'cmake'
[1.818s] [34mcolcon.colcon_core.package_identification[0m [1;30mLevel 1[0m _identify(SO-ARM101_MoveIt_IsaacSim/calibration) by extension 'python'
[1.818s] [34mcolcon.colcon_core.package_identification[0m [1;30mLevel 1[0m _identify(SO-ARM101_MoveIt_IsaacSim/calibration) by extensions ['python_setup_py']
[1.818s] [34mcolcon.colcon_core.package_identification[0m [1;30mLevel 1[0m _identify(SO-ARM101_MoveIt_IsaacSim/calibration) by extension 'python_setup_py'
[1.819s] [34mcolcon.colcon_core.package_identification[0m [1;30mLevel 1[0m _identify(SO-ARM101_MoveIt_IsaacSim/calibration/so101_follower) by extensions ['ignore', 'ignore_ament_install']
[1.819s] [34mcolcon.colcon_core.package_identification[0m [1;30mLevel 1[0m _identify(SO-ARM101_MoveIt_IsaacSim/calibration/so101_follower) by extension 'ignore'
[1.819s] [34mcolcon.colcon_core.package_identification[0m [1;30mLevel 1[0m _identify(SO-ARM101_MoveIt_IsaacSim/calibration/so101_follower) by extension 'ignore_ament_install'
[1.819s] [34mcolcon.colcon_core.package_identification[0m [1;30mLevel 1[0m _identify(SO-ARM101_MoveIt_IsaacSim/calibration/so101_follower) by extensions ['colcon_pkg']
[1.819s] [34mcolcon.colcon_core.package_identification[0m [1;30mLevel 1[0m _identify(SO-ARM101_MoveIt_IsaacSim/calibration/so101_follower) by extension 'colcon_pkg'
[1.819s] [34mcolcon.colcon_core.package_identification[0m [1;30mLevel 1[0m _identify(SO-ARM101_MoveIt_IsaacSim/calibration/so101_follower) by extensions ['colcon_meta']
[1.819s] [34mcolcon.colcon_core.package_identification[0m [1;30mLevel 1[0m _identify(SO-ARM101_MoveIt_IsaacSim/calibration/so101_follower) by extension 'colcon_meta'
[1.819s] [34mcolcon.colcon_core.package_identification[0m [1;30mLevel 1[0m _identify(SO-ARM101_MoveIt_IsaacSim/calibration/so101_follower) by extensions ['ros']
[1.819s] [34mcolcon.colcon_core.package_identification[0m [1;30mLevel 1[0m _identify(SO-ARM101_MoveIt_IsaacSim/calibration/so101_follower) by extension 'ros'
[1.819s] [34mcolcon.colcon_core.package_identification[0m [1;30mLevel 1[0m _identify(SO-ARM101_MoveIt_IsaacSim/calibration/so101_follower) by extensions ['cmake', 'python']
[1.819s] [34mcolcon.colcon_core.package_identification[0m [1;30mLevel 1[0m _identify(SO-ARM101_MoveIt_IsaacSim/calibration/so101_follower) by extension 'cmake'
[1.819s] [34mcolcon.colcon_core.package_identification[0m [1;30mLevel 1[0m _identify(SO-ARM101_MoveIt_IsaacSim/calibration/so101_follower) by extension 'python'
[1.819s] [34mcolcon.colcon_core.package_identification[0m [1;30mLevel 1[0m _identify(SO-ARM101_MoveIt_IsaacSim/calibration/so101_follower) by extensions ['python_setup_py']
[1.819s] [34mcolcon.colcon_core.package_identification[0m [1;30mLevel 1[0m _identify(SO-ARM101_MoveIt_IsaacSim/calibration/so101_follower) by extension 'python_setup_py'
[1.820s] [34mcolcon.colcon_core.package_identification[0m [1;30mLevel 1[0m _identify(SO-ARM101_MoveIt_IsaacSim/install) by extensions ['ignore', 'ignore_ament_install']
[1.820s] [34mcolcon.colcon_core.package_identification[0m [1;30mLevel 1[0m _identify(SO-ARM101_MoveIt_IsaacSim/install) by extension 'ignore'
[1.820s] [34mcolcon.colcon_core.package_identification[0m [1;30mLevel 1[0m _identify(SO-ARM101_MoveIt_IsaacSim/install) ignored
[1.823s] [34mcolcon.colcon_core.package_identification[0m [1;30mLevel 1[0m _identify(SO-ARM101_MoveIt_IsaacSim/log) by extensions ['ignore', 'ignore_ament_install']
[1.823s] [34mcolcon.colcon_core.package_identification[0m [1;30mLevel 1[0m _identify(SO-ARM101_MoveIt_IsaacSim/log) by extension 'ignore'
[1.823s] [34mcolcon.colcon_core.package_identification[0m [1;30mLevel 1[0m _identify(SO-ARM101_MoveIt_IsaacSim/log) ignored
[1.824s] [34mcolcon.colcon_core.package_identification[0m [1;30mLevel 1[0m _identify(SO-ARM101_MoveIt_IsaacSim/scripts) by extensions ['ignore', 'ignore_ament_install']
[1.824s] [34mcolcon.colcon_core.package_identification[0m [1;30mLevel 1[0m _identify(SO-ARM101_MoveIt_IsaacSim/scripts) by extension 'ignore'
[1.824s] [34mcolcon.colcon_core.package_identification[0m [1;30mLevel 1[0m _identify(SO-ARM101_MoveIt_IsaacSim/scripts) by extension 'ignore_ament_install'
[1.824s] [34mcolcon.colcon_core.package_identification[0m [1;30mLevel 1[0m _identify(SO-ARM101_MoveIt_IsaacSim/scripts) by extensions ['colcon_pkg']
[1.824s] [34mcolcon.colcon_core.package_identification[0m [1;30mLevel 1[0m _identify(SO-ARM101_MoveIt_IsaacSim/scripts) by extension 'colcon_pkg'
[1.824s] [34mcolcon.colcon_core.package_identification[0m [1;30mLevel 1[0m _identify(SO-ARM101_MoveIt_IsaacSim/scripts) by extensions ['colcon_meta']
[1.824s] [34mcolcon.colcon_core.package_identification[0m [1;30mLevel 1[0m _identify(SO-ARM101_MoveIt_IsaacSim/scripts) by extension 'colcon_meta'
[1.824s] [34mcolcon.colcon_core.package_identification[0m [1;30mLevel 1[0m _identify(SO-ARM101_MoveIt_IsaacSim/scripts) by extensions ['ros']
[1.824s] [34mcolcon.colcon_core.package_identification[0m [1;30mLevel 1[0m _identify(SO-ARM101_MoveIt_IsaacSim/scripts) by extension 'ros'
[1.824s] [34mcolcon.colcon_core.package_identification[0m [1;30mLevel 1[0m _identify(SO-ARM101_MoveIt_IsaacSim/scripts) by extensions ['cmake', 'python']
[1.825s] [34mcolcon.colcon_core.package_identification[0m [1;30mLevel 1[0m _identify(SO-ARM101_MoveIt_IsaacSim/scripts) by extension 'cmake'
[1.825s] [34mcolcon.colcon_core.package_identification[0m [1;30mLevel 1[0m _identify(SO-ARM101_MoveIt_IsaacSim/scripts) by extension 'python'
[1.825s] [34mcolcon.colcon_core.package_identification[0m [1;30mLevel 1[0m _identify(SO-ARM101_MoveIt_IsaacSim/scripts) by extensions ['python_setup_py']
[1.825s] [34mcolcon.colcon_core.package_identification[0m [1;30mLevel 1[0m _identify(SO-ARM101_MoveIt_IsaacSim/scripts) by extension 'python_setup_py'
[1.826s] [34mcolcon.colcon_core.package_identification[0m [1;30mLevel 1[0m _identify(SO-ARM101_MoveIt_IsaacSim/scripts/build) by extensions ['ignore', 'ignore_ament_install']
[1.826s] [34mcolcon.colcon_core.package_identification[0m [1;30mLevel 1[0m _identify(SO-ARM101_MoveIt_IsaacSim/scripts/build) by extension 'ignore'
[1.826s] [34mcolcon.colcon_core.package_identification[0m [1;30mLevel 1[0m _identify(SO-ARM101_MoveIt_IsaacSim/scripts/build) ignored
[1.826s] [34mcolcon.colcon_core.package_identification[0m [1;30mLevel 1[0m _identify(SO-ARM101_MoveIt_IsaacSim/scripts/install) by extensions ['ignore', 'ignore_ament_install']
[1.826s] [34mcolcon.colcon_core.package_identification[0m [1;30mLevel 1[0m _identify(SO-ARM101_MoveIt_IsaacSim/scripts/install) by extension 'ignore'
[1.826s] [34mcolcon.colcon_core.package_identification[0m [1;30mLevel 1[0m _identify(SO-ARM101_MoveIt_IsaacSim/scripts/install) ignored
[1.827s] [34mcolcon.colcon_core.package_identification[0m [1;30mLevel 1[0m _identify(SO-ARM101_MoveIt_IsaacSim/scripts/log) by extensions ['ignore', 'ignore_ament_install']
[1.828s] [34mcolcon.colcon_core.package_identification[0m [1;30mLevel 1[0m _identify(SO-ARM101_MoveIt_IsaacSim/scripts/log) by extension 'ignore'
[1.828s] [34mcolcon.colcon_core.package_identification[0m [1;30mLevel 1[0m _identify(SO-ARM101_MoveIt_IsaacSim/scripts/log) ignored
[1.829s] [34mcolcon.colcon_core.package_identification[0m [1;30mLevel 1[0m _identify(SO-ARM101_MoveIt_IsaacSim/src) by extensions ['ignore', 'ignore_ament_install']
[1.829s] [34mcolcon.colcon_core.package_identification[0m [1;30mLevel 1[0m _identify(SO-ARM101_MoveIt_IsaacSim/src) by extension 'ignore'
[1.829s] [34mcolcon.colcon_core.package_identification[0m [1;30mLevel 1[0m _identify(SO-ARM101_MoveIt_IsaacSim/src) by extension 'ignore_ament_install'
[1.829s] [34mcolcon.colcon_core.package_identification[0m [1;30mLevel 1[0m _identify(SO-ARM101_MoveIt_IsaacSim/src) by extensions ['colcon_pkg']
[1.829s] [34mcolcon.colcon_core.package_identification[0m [1;30mLevel 1[0m _identify(SO-ARM101_MoveIt_IsaacSim/src) by extension 'colcon_pkg'
[1.829s] [34mcolcon.colcon_core.package_identification[0m [1;30mLevel 1[0m _identify(SO-ARM101_MoveIt_IsaacSim/src) by extensions ['colcon_meta']
[1.829s] [34mcolcon.colcon_core.package_identification[0m [1;30mLevel 1[0m _identify(SO-ARM101_MoveIt_IsaacSim/src) by extension 'colcon_meta'
[1.829s] [34mcolcon.colcon_core.package_identification[0m [1;30mLevel 1[0m _identify(SO-ARM101_MoveIt_IsaacSim/src) by extensions ['ros']
[1.829s] [34mcolcon.colcon_core.package_identification[0m [1;30mLevel 1[0m _identify(SO-ARM101_MoveIt_IsaacSim/src) by extension 'ros'
[1.829s] [34mcolcon.colcon_core.package_identification[0m [1;30mLevel 1[0m _identify(SO-ARM101_MoveIt_IsaacSim/src) by extensions ['cmake', 'python']
[1.829s] [34mcolcon.colcon_core.package_identification[0m [1;30mLevel 1[0m _identify(SO-ARM101_MoveIt_IsaacSim/src) by extension 'cmake'
[1.829s] [34mcolcon.colcon_core.package_identification[0m [1;30mLevel 1[0m _identify(SO-ARM101_MoveIt_IsaacSim/src) by extension 'python'
[1.829s] [34mcolcon.colcon_core.package_identification[0m [1;30mLevel 1[0m _identify(SO-ARM101_MoveIt_IsaacSim/src) by extensions ['python_setup_py']
[1.829s] [34mcolcon.colcon_core.package_identification[0m [1;30mLevel 1[0m _identify(SO-ARM101_MoveIt_IsaacSim/src) by extension 'python_setup_py'
[1.830s] [34mcolcon.colcon_core.package_identification[0m [1;30mLevel 1[0m _identify(SO-ARM101_MoveIt_IsaacSim/src/isaac_sim_usd) by extensions ['ignore', 'ignore_ament_install']
[1.831s] [34mcolcon.colcon_core.package_identification[0m [1;30mLevel 1[0m _identify(SO-ARM101_MoveIt_IsaacSim/src/isaac_sim_usd) by extension 'ignore'
[1.831s] [34mcolcon.colcon_core.package_identification[0m [1;30mLevel 1[0m _identify(SO-ARM101_MoveIt_IsaacSim/src/isaac_sim_usd) by extension 'ignore_ament_install'
[1.831s] [34mcolcon.colcon_core.package_identification[0m [1;30mLevel 1[0m _identify(SO-ARM101_MoveIt_IsaacSim/src/isaac_sim_usd) by extensions ['colcon_pkg']
[1.831s] [34mcolcon.colcon_core.package_identification[0m [1;30mLevel 1[0m _identify(SO-ARM101_MoveIt_IsaacSim/src/isaac_sim_usd) by extension 'colcon_pkg'
[1.831s] [34mcolcon.colcon_core.package_identification[0m [1;30mLevel 1[0m _identify(SO-ARM101_MoveIt_IsaacSim/src/isaac_sim_usd) by extensions ['colcon_meta']
[1.831s] [34mcolcon.colcon_core.package_identification[0m [1;30mLevel 1[0m _identify(SO-ARM101_MoveIt_IsaacSim/src/isaac_sim_usd) by extension 'colcon_meta'
[1.831s] [34mcolcon.colcon_core.package_identification[0m [1;30mLevel 1[0m _identify(SO-ARM101_MoveIt_IsaacSim/src/isaac_sim_usd) by extensions ['ros']
[1.831s] [34mcolcon.colcon_core.package_identification[0m [1;30mLevel 1[0m _identify(SO-ARM101_MoveIt_IsaacSim/src/isaac_sim_usd) by extension 'ros'
[1.831s] [34mcolcon.colcon_core.package_identification[0m [1;30mLevel 1[0m _identify(SO-ARM101_MoveIt_IsaacSim/src/isaac_sim_usd) by extensions ['cmake', 'python']
[1.831s] [34mcolcon.colcon_core.package_identification[0m [1;30mLevel 1[0m _identify(SO-ARM101_MoveIt_IsaacSim/src/isaac_sim_usd) by extension 'cmake'
[1.831s] [34mcolcon.colcon_core.package_identification[0m [1;30mLevel 1[0m _identify(SO-ARM101_MoveIt_IsaacSim/src/isaac_sim_usd) by extension 'python'
[1.831s] [34mcolcon.colcon_core.package_identification[0m [1;30mLevel 1[0m _identify(SO-ARM101_MoveIt_IsaacSim/src/isaac_sim_usd) by extensions ['python_setup_py']
[1.831s] [34mcolcon.colcon_core.package_identification[0m [1;30mLevel 1[0m _identify(SO-ARM101_MoveIt_IsaacSim/src/isaac_sim_usd) by extension 'python_setup_py'
[1.832s] [34mcolcon.colcon_core.package_identification[0m [1;30mLevel 1[0m _identify(SO-ARM101_MoveIt_IsaacSim/src/so_arm_custom_control) by extensions ['ignore', 'ignore_ament_install']
[1.832s] [34mcolcon.colcon_core.package_identification[0m [1;30mLevel 1[0m _identify(SO-ARM101_MoveIt_IsaacSim/src/so_arm_custom_control) by extension 'ignore'
[1.832s] [34mcolcon.colcon_core.package_identification[0m [1;30mLevel 1[0m _identify(SO-ARM101_MoveIt_IsaacSim/src/so_arm_custom_control) by extension 'ignore_ament_install'
[1.832s] [34mcolcon.colcon_core.package_identification[0m [1;30mLevel 1[0m _identify(SO-ARM101_MoveIt_IsaacSim/src/so_arm_custom_control) by extensions ['colcon_pkg']
[1.832s] [34mcolcon.colcon_core.package_identification[0m [1;30mLevel 1[0m _identify(SO-ARM101_MoveIt_IsaacSim/src/so_arm_custom_control) by extension 'colcon_pkg'
[1.832s] [34mcolcon.colcon_core.package_identification[0m [1;30mLevel 1[0m _identify(SO-ARM101_MoveIt_IsaacSim/src/so_arm_custom_control) by extensions ['colcon_meta']
[1.832s] [34mcolcon.colcon_core.package_identification[0m [1;30mLevel 1[0m _identify(SO-ARM101_MoveIt_IsaacSim/src/so_arm_custom_control) by extension 'colcon_meta'
[1.832s] [34mcolcon.colcon_core.package_identification[0m [1;30mLevel 1[0m _identify(SO-ARM101_MoveIt_IsaacSim/src/so_arm_custom_control) by extensions ['ros']
[1.832s] [34mcolcon.colcon_core.package_identification[0m [1;30mLevel 1[0m _identify(SO-ARM101_MoveIt_IsaacSim/src/so_arm_custom_control) by extension 'ros'
[1.837s] [34mcolcon.colcon_core.package_identification[0m [1;30mDEBUG[0m [32mPackage 'SO-ARM101_MoveIt_IsaacSim/src/so_arm_custom_control' with type 'ros.ament_python' and name 'so_arm_custom_control'[0m
[1.838s] [34mcolcon.colcon_core.package_identification[0m [1;30mLevel 1[0m _identify(SO-ARM101_MoveIt_IsaacSim/src/so_arm_description) by extensions ['ignore', 'ignore_ament_install']
[1.838s] [34mcolcon.colcon_core.package_identification[0m [1;30mLevel 1[0m _identify(SO-ARM101_MoveIt_IsaacSim/src/so_arm_description) by extension 'ignore'
[1.838s] [34mcolcon.colcon_core.package_identification[0m [1;30mLevel 1[0m _identify(SO-ARM101_MoveIt_IsaacSim/src/so_arm_description) by extension 'ignore_ament_install'
[1.838s] [34mcolcon.colcon_core.package_identification[0m [1;30mLevel 1[0m _identify(SO-ARM101_MoveIt_IsaacSim/src/so_arm_description) by extensions ['colcon_pkg']
[1.838s] [34mcolcon.colcon_core.package_identification[0m [1;30mLevel 1[0m _identify(SO-ARM101_MoveIt_IsaacSim/src/so_arm_description) by extension 'colcon_pkg'
[1.838s] [34mcolcon.colcon_core.package_identification[0m [1;30mLevel 1[0m _identify(SO-ARM101_MoveIt_IsaacSim/src/so_arm_description) by extensions ['colcon_meta']
[1.838s] [34mcolcon.colcon_core.package_identification[0m [1;30mLevel 1[0m _identify(SO-ARM101_MoveIt_IsaacSim/src/so_arm_description) by extension 'colcon_meta'
[1.838s] [34mcolcon.colcon_core.package_identification[0m [1;30mLevel 1[0m _identify(SO-ARM101_MoveIt_IsaacSim/src/so_arm_description) by extensions ['ros']
[1.838s] [34mcolcon.colcon_core.package_identification[0m [1;30mLevel 1[0m _identify(SO-ARM101_MoveIt_IsaacSim/src/so_arm_description) by extension 'ros'
[1.840s] [34mcolcon.colcon_core.package_identification[0m [1;30mDEBUG[0m [32mPackage 'SO-ARM101_MoveIt_IsaacSim/src/so_arm_description' with type 'ros.ament_cmake' and name 'so_arm_description'[0m
[1.841s] [34mcolcon.colcon_core.package_identification[0m [1;30mLevel 1[0m _identify(SO-ARM101_MoveIt_IsaacSim/src/so_arm_motion_interface) by extensions ['ignore', 'ignore_ament_install']
[1.841s] [34mcolcon.colcon_core.package_identification[0m [1;30mLevel 1[0m _identify(SO-ARM101_MoveIt_IsaacSim/src/so_arm_motion_interface) by extension 'ignore'
[1.842s] [34mcolcon.colcon_core.package_identification[0m [1;30mLevel 1[0m _identify(SO-ARM101_MoveIt_IsaacSim/src/so_arm_motion_interface) by extension 'ignore_ament_install'
[1.842s] [34mcolcon.colcon_core.package_identification[0m [1;30mLevel 1[0m _identify(SO-ARM101_MoveIt_IsaacSim/src/so_arm_motion_interface) by extensions ['colcon_pkg']
[1.842s] [34mcolcon.colcon_core.package_identification[0m [1;30mLevel 1[0m _identify(SO-ARM101_MoveIt_IsaacSim/src/so_arm_motion_interface) by extension 'colcon_pkg'
[1.842s] [34mcolcon.colcon_core.package_identification[0m [1;30mLevel 1[0m _identify(SO-ARM101_MoveIt_IsaacSim/src/so_arm_motion_interface) by extensions ['colcon_meta']
[1.842s] [34mcolcon.colcon_core.package_identification[0m [1;30mLevel 1[0m _identify(SO-ARM101_MoveIt_IsaacSim/src/so_arm_motion_interface) by extension 'colcon_meta'
[1.842s] [34mcolcon.colcon_core.package_identification[0m [1;30mLevel 1[0m _identify(SO-ARM101_MoveIt_IsaacSim/src/so_arm_motion_interface) by extensions ['ros']
[1.842s] [34mcolcon.colcon_core.package_identification[0m [1;30mLevel 1[0m _identify(SO-ARM101_MoveIt_IsaacSim/src/so_arm_motion_interface) by extension 'ros'
[1.844s] [34mcolcon.colcon_core.package_identification[0m [1;30mDEBUG[0m [32mPackage 'SO-ARM101_MoveIt_IsaacSim/src/so_arm_motion_interface' with type 'ros.ament_python' and name 'so_arm_motion_interface'[0m
[1.847s] [34mcolcon.colcon_core.package_identification[0m [1;30mLevel 1[0m _identify(SO-ARM101_MoveIt_IsaacSim/src/so_arm_moveit_config) by extensions ['ignore', 'ignore_ament_install']
[1.847s] [34mcolcon.colcon_core.package_identification[0m [1;30mLevel 1[0m _identify(SO-ARM101_MoveIt_IsaacSim/src/so_arm_moveit_config) by extension 'ignore'
[1.847s] [34mcolcon.colcon_core.package_identification[0m [1;30mLevel 1[0m _identify(SO-ARM101_MoveIt_IsaacSim/src/so_arm_moveit_config) by extension 'ignore_ament_install'
[1.847s] [34mcolcon.colcon_core.package_identification[0m [1;30mLevel 1[0m _identify(SO-ARM101_MoveIt_IsaacSim/src/so_arm_moveit_config) by extensions ['colcon_pkg']
[1.847s] [34mcolcon.colcon_core.package_identification[0m [1;30mLevel 1[0m _identify(SO-ARM101_MoveIt_IsaacSim/src/so_arm_moveit_config) by extension 'colcon_pkg'
[1.847s] [34mcolcon.colcon_core.package_identification[0m [1;30mLevel 1[0m _identify(SO-ARM101_MoveIt_IsaacSim/src/so_arm_moveit_config) by extensions ['colcon_meta']
[1.847s] [34mcolcon.colcon_core.package_identification[0m [1;30mLevel 1[0m _identify(SO-ARM101_MoveIt_IsaacSim/src/so_arm_moveit_config) by extension 'colcon_meta'
[1.847s] [34mcolcon.colcon_core.package_identification[0m [1;30mLevel 1[0m _identify(SO-ARM101_MoveIt_IsaacSim/src/so_arm_moveit_config) by extensions ['ros']
[1.847s] [34mcolcon.colcon_core.package_identification[0m [1;30mLevel 1[0m _identify(SO-ARM101_MoveIt_IsaacSim/src/so_arm_moveit_config) by extension 'ros'
[1.850s] [34mcolcon.colcon_core.package_identification[0m [1;30mDEBUG[0m [32mPackage 'SO-ARM101_MoveIt_IsaacSim/src/so_arm_moveit_config' with type 'ros.ament_cmake' and name 'so_arm_moveit_config'[0m
[1.850s] [34mcolcon.colcon_core.package_identification[0m [1;30mLevel 1[0m _identify(build) by extensions ['ignore', 'ignore_ament_install']
[1.850s] [34mcolcon.colcon_core.package_identification[0m [1;30mLevel 1[0m _identify(build) by extension 'ignore'
[1.851s] [34mcolcon.colcon_core.package_identification[0m [1;30mLevel 1[0m _identify(build) ignored
[1.851s] [34mcolcon.colcon_core.package_identification[0m [1;30mLevel 1[0m _identify(install) by extensions ['ignore', 'ignore_ament_install']
[1.851s] [34mcolcon.colcon_core.package_identification[0m [1;30mLevel 1[0m _identify(install) by extension 'ignore'
[1.851s] [34mcolcon.colcon_core.package_identification[0m [1;30mLevel 1[0m _identify(install) ignored
[1.851s] [34mcolcon.colcon_core.package_identification[0m [1;30mLevel 1[0m _identify(lerobot) by extensions ['ignore', 'ignore_ament_install']
[1.851s] [34mcolcon.colcon_core.package_identification[0m [1;30mLevel 1[0m _identify(lerobot) by extension 'ignore'
[1.851s] [34mcolcon.colcon_core.package_identification[0m [1;30mLevel 1[0m _identify(lerobot) by extension 'ignore_ament_install'
[1.851s] [34mcolcon.colcon_core.package_identification[0m [1;30mLevel 1[0m _identify(lerobot) by extensions ['colcon_pkg']
[1.851s] [34mcolcon.colcon_core.package_identification[0m [1;30mLevel 1[0m _identify(lerobot) by extension 'colcon_pkg'
[1.851s] [34mcolcon.colcon_core.package_identification[0m [1;30mLevel 1[0m _identify(lerobot) by extensions ['colcon_meta']
[1.851s] [34mcolcon.colcon_core.package_identification[0m [1;30mLevel 1[0m _identify(lerobot) by extension 'colcon_meta'
[1.851s] [34mcolcon.colcon_core.package_identification[0m [1;30mLevel 1[0m _identify(lerobot) by extensions ['ros']
[1.851s] [34mcolcon.colcon_core.package_identification[0m [1;30mLevel 1[0m _identify(lerobot) by extension 'ros'
[1.852s] [34mcolcon.colcon_core.package_identification[0m [1;30mLevel 1[0m _identify(lerobot) by extensions ['cmake', 'python']
[1.852s] [34mcolcon.colcon_core.package_identification[0m [1;30mLevel 1[0m _identify(lerobot) by extension 'cmake'
[1.852s] [34mcolcon.colcon_core.package_identification[0m [1;30mLevel 1[0m _identify(lerobot) by extension 'python'
[1.852s] [34mcolcon.colcon_core.package_identification[0m [1;30mLevel 1[0m _identify(lerobot) by extensions ['python_setup_py']
[1.852s] [34mcolcon.colcon_core.package_identification[0m [1;30mLevel 1[0m _identify(lerobot) by extension 'python_setup_py'
[1.852s] [34mcolcon.colcon_core.package_identification[0m [1;30mLevel 1[0m _identify(lerobot/benchmarks) by extensions ['ignore', 'ignore_ament_install']
[1.853s] [34mcolcon.colcon_core.package_identification[0m [1;30mLevel 1[0m _identify(lerobot/benchmarks) by extension 'ignore'
[1.853s] [34mcolcon.colcon_core.package_identification[0m [1;30mLevel 1[0m _identify(lerobot/benchmarks) by extension 'ignore_ament_install'
[1.853s] [34mcolcon.colcon_core.package_identification[0m [1;30mLevel 1[0m _identify(lerobot/benchmarks) by extensions ['colcon_pkg']
[1.853s] [34mcolcon.colcon_core.package_identification[0m [1;30mLevel 1[0m _identify(lerobot/benchmarks) by extension 'colcon_pkg'
[1.853s] [34mcolcon.colcon_core.package_identification[0m [1;30mLevel 1[0m _identify(lerobot/benchmarks) by extensions ['colcon_meta']
[1.853s] [34mcolcon.colcon_core.package_identification[0m [1;30mLevel 1[0m _identify(lerobot/benchmarks) by extension 'colcon_meta'
[1.853s] [34mcolcon.colcon_core.package_identification[0m [1;30mLevel 1[0m _identify(lerobot/benchmarks) by extensions ['ros']
[1.853s] [34mcolcon.colcon_core.package_identification[0m [1;30mLevel 1[0m _identify(lerobot/benchmarks) by extension 'ros'
[1.853s] [34mcolcon.colcon_core.package_identification[0m [1;30mLevel 1[0m _identify(lerobot/benchmarks) by extensions ['cmake', 'python']
[1.853s] [34mcolcon.colcon_core.package_identification[0m [1;30mLevel 1[0m _identify(lerobot/benchmarks) by extension 'cmake'
[1.853s] [34mcolcon.colcon_core.package_identification[0m [1;30mLevel 1[0m _identify(lerobot/benchmarks) by extension 'python'
[1.853s] [34mcolcon.colcon_core.package_identification[0m [1;30mLevel 1[0m _identify(lerobot/benchmarks) by extensions ['python_setup_py']
[1.853s] [34mcolcon.colcon_core.package_identification[0m [1;30mLevel 1[0m _identify(lerobot/benchmarks) by extension 'python_setup_py'
[1.854s] [34mcolcon.colcon_core.package_identification[0m [1;30mLevel 1[0m _identify(lerobot/benchmarks/video) by extensions ['ignore', 'ignore_ament_install']
[1.854s] [34mcolcon.colcon_core.package_identification[0m [1;30mLevel 1[0m _identify(lerobot/benchmarks/video) by extension 'ignore'
[1.854s] [34mcolcon.colcon_core.package_identification[0m [1;30mLevel 1[0m _identify(lerobot/benchmarks/video) by extension 'ignore_ament_install'
[1.854s] [34mcolcon.colcon_core.package_identification[0m [1;30mLevel 1[0m _identify(lerobot/benchmarks/video) by extensions ['colcon_pkg']
[1.854s] [34mcolcon.colcon_core.package_identification[0m [1;30mLevel 1[0m _identify(lerobot/benchmarks/video) by extension 'colcon_pkg'
[1.854s] [34mcolcon.colcon_core.package_identification[0m [1;30mLevel 1[0m _identify(lerobot/benchmarks/video) by extensions ['colcon_meta']
[1.854s] [34mcolcon.colcon_core.package_identification[0m [1;30mLevel 1[0m _identify(lerobot/benchmarks/video) by extension 'colcon_meta'
[1.854s] [34mcolcon.colcon_core.package_identification[0m [1;30mLevel 1[0m _identify(lerobot/benchmarks/video) by extensions ['ros']
[1.854s] [34mcolcon.colcon_core.package_identification[0m [1;30mLevel 1[0m _identify(lerobot/benchmarks/video) by extension 'ros'
[1.855s] [34mcolcon.colcon_core.package_identification[0m [1;30mLevel 1[0m _identify(lerobot/benchmarks/video) by extensions ['cmake', 'python']
[1.855s] [34mcolcon.colcon_core.package_identification[0m [1;30mLevel 1[0m _identify(lerobot/benchmarks/video) by extension 'cmake'
[1.855s] [34mcolcon.colcon_core.package_identification[0m [1;30mLevel 1[0m _identify(lerobot/benchmarks/video) by extension 'python'
[1.855s] [34mcolcon.colcon_core.package_identification[0m [1;30mLevel 1[0m _identify(lerobot/benchmarks/video) by extensions ['python_setup_py']
[1.855s] [34mcolcon.colcon_core.package_identification[0m [1;30mLevel 1[0m _identify(lerobot/benchmarks/video) by extension 'python_setup_py'
[1.856s] [34mcolcon.colcon_core.package_identification[0m [1;30mLevel 1[0m _identify(lerobot/docker) by extensions ['ignore', 'ignore_ament_install']
[1.856s] [34mcolcon.colcon_core.package_identification[0m [1;30mLevel 1[0m _identify(lerobot/docker) by extension 'ignore'
[1.856s] [34mcolcon.colcon_core.package_identification[0m [1;30mLevel 1[0m _identify(lerobot/docker) by extension 'ignore_ament_install'
[1.856s] [34mcolcon.colcon_core.package_identification[0m [1;30mLevel 1[0m _identify(lerobot/docker) by extensions ['colcon_pkg']
[1.856s] [34mcolcon.colcon_core.package_identification[0m [1;30mLevel 1[0m _identify(lerobot/docker) by extension 'colcon_pkg'
[1.856s] [34mcolcon.colcon_core.package_identification[0m [1;30mLevel 1[0m _identify(lerobot/docker) by extensions ['colcon_meta']
[1.856s] [34mcolcon.colcon_core.package_identification[0m [1;30mLevel 1[0m _identify(lerobot/docker) by extension 'colcon_meta'
[1.856s] [34mcolcon.colcon_core.package_identification[0m [1;30mLevel 1[0m _identify(lerobot/docker) by extensions ['ros']
[1.856s] [34mcolcon.colcon_core.package_identification[0m [1;30mLevel 1[0m _identify(lerobot/docker) by extension 'ros'
[1.856s] [34mcolcon.colcon_core.package_identification[0m [1;30mLevel 1[0m _identify(lerobot/docker) by extensions ['cmake', 'python']
[1.856s] [34mcolcon.colcon_core.package_identification[0m [1;30mLevel 1[0m _identify(lerobot/docker) by extension 'cmake'
[1.856s] [34mcolcon.colcon_core.package_identification[0m [1;30mLevel 1[0m _identify(lerobot/docker) by extension 'python'
[1.856s] [34mcolcon.colcon_core.package_identification[0m [1;30mLevel 1[0m _identify(lerobot/docker) by extensions ['python_setup_py']
[1.856s] [34mcolcon.colcon_core.package_identification[0m [1;30mLevel 1[0m _identify(lerobot/docker) by extension 'python_setup_py'
[1.857s] [34mcolcon.colcon_core.package_identification[0m [1;30mLevel 1[0m _identify(lerobot/docs) by extensions ['ignore', 'ignore_ament_install']
[1.857s] [34mcolcon.colcon_core.package_identification[0m [1;30mLevel 1[0m _identify(lerobot/docs) by extension 'ignore'
[1.857s] [34mcolcon.colcon_core.package_identification[0m [1;30mLevel 1[0m _identify(lerobot/docs) by extension 'ignore_ament_install'
[1.858s] [34mcolcon.colcon_core.package_identification[0m [1;30mLevel 1[0m _identify(lerobot/docs) by extensions ['colcon_pkg']
[1.858s] [34mcolcon.colcon_core.package_identification[0m [1;30mLevel 1[0m _identify(lerobot/docs) by extension 'colcon_pkg'
[1.858s] [34mcolcon.colcon_core.package_identification[0m [1;30mLevel 1[0m _identify(lerobot/docs) by extensions ['colcon_meta']
[1.858s] [34mcolcon.colcon_core.package_identification[0m [1;30mLevel 1[0m _identify(lerobot/docs) by extension 'colcon_meta'
[1.858s] [34mcolcon.colcon_core.package_identification[0m [1;30mLevel 1[0m _identify(lerobot/docs) by extensions ['ros']
[1.858s] [34mcolcon.colcon_core.package_identification[0m [1;30mLevel 1[0m _identify(lerobot/docs) by extension 'ros'
[1.858s] [34mcolcon.colcon_core.package_identification[0m [1;30mLevel 1[0m _identify(lerobot/docs) by extensions ['cmake', 'python']
[1.858s] [34mcolcon.colcon_core.package_identification[0m [1;30mLevel 1[0m _identify(lerobot/docs) by extension 'cmake'
[1.858s] [34mcolcon.colcon_core.package_identification[0m [1;30mLevel 1[0m _identify(lerobot/docs) by extension 'python'
[1.858s] [34mcolcon.colcon_core.package_identification[0m [1;30mLevel 1[0m _identify(lerobot/docs) by extensions ['python_setup_py']
[1.858s] [34mcolcon.colcon_core.package_identification[0m [1;30mLevel 1[0m _identify(lerobot/docs) by extension 'python_setup_py'
[1.859s] [34mcolcon.colcon_core.package_identification[0m [1;30mLevel 1[0m _identify(lerobot/docs/source) by extensions ['ignore', 'ignore_ament_install']
[1.859s] [34mcolcon.colcon_core.package_identification[0m [1;30mLevel 1[0m _identify(lerobot/docs/source) by extension 'ignore'
[1.859s] [34mcolcon.colcon_core.package_identification[0m [1;30mLevel 1[0m _identify(lerobot/docs/source) by extension 'ignore_ament_install'
[1.859s] [34mcolcon.colcon_core.package_identification[0m [1;30mLevel 1[0m _identify(lerobot/docs/source) by extensions ['colcon_pkg']
[1.859s] [34mcolcon.colcon_core.package_identification[0m [1;30mLevel 1[0m _identify(lerobot/docs/source) by extension 'colcon_pkg'
[1.859s] [34mcolcon.colcon_core.package_identification[0m [1;30mLevel 1[0m _identify(lerobot/docs/source) by extensions ['colcon_meta']
[1.859s] [34mcolcon.colcon_core.package_identification[0m [1;30mLevel 1[0m _identify(lerobot/docs/source) by extension 'colcon_meta'
[1.859s] [34mcolcon.colcon_core.package_identification[0m [1;30mLevel 1[0m _identify(lerobot/docs/source) by extensions ['ros']
[1.859s] [34mcolcon.colcon_core.package_identification[0m [1;30mLevel 1[0m _identify(lerobot/docs/source) by extension 'ros'
[1.860s] [34mcolcon.colcon_core.package_identification[0m [1;30mLevel 1[0m _identify(lerobot/docs/source) by extensions ['cmake', 'python']
[1.860s] [34mcolcon.colcon_core.package_identification[0m [1;30mLevel 1[0m _identify(lerobot/docs/source) by extension 'cmake'
[1.860s] [34mcolcon.colcon_core.package_identification[0m [1;30mLevel 1[0m _identify(lerobot/docs/source) by extension 'python'
[1.860s] [34mcolcon.colcon_core.package_identification[0m [1;30mLevel 1[0m _identify(lerobot/docs/source) by extensions ['python_setup_py']
[1.860s] [34mcolcon.colcon_core.package_identification[0m [1;30mLevel 1[0m _identify(lerobot/docs/source) by extension 'python_setup_py'
[1.861s] [34mcolcon.colcon_core.package_identification[0m [1;30mLevel 1[0m _identify(lerobot/examples) by extensions ['ignore', 'ignore_ament_install']
[1.861s] [34mcolcon.colcon_core.package_identification[0m [1;30mLevel 1[0m _identify(lerobot/examples) by extension 'ignore'
[1.861s] [34mcolcon.colcon_core.package_identification[0m [1;30mLevel 1[0m _identify(lerobot/examples) by extension 'ignore_ament_install'
[1.861s] [34mcolcon.colcon_core.package_identification[0m [1;30mLevel 1[0m _identify(lerobot/examples) by extensions ['colcon_pkg']
[1.861s] [34mcolcon.colcon_core.package_identification[0m [1;30mLevel 1[0m _identify(lerobot/examples) by extension 'colcon_pkg'
[1.861s] [34mcolcon.colcon_core.package_identification[0m [1;30mLevel 1[0m _identify(lerobot/examples) by extensions ['colcon_meta']
[1.861s] [34mcolcon.colcon_core.package_identification[0m [1;30mLevel 1[0m _identify(lerobot/examples) by extension 'colcon_meta'
[1.861s] [34mcolcon.colcon_core.package_identification[0m [1;30mLevel 1[0m _identify(lerobot/examples) by extensions ['ros']
[1.861s] [34mcolcon.colcon_core.package_identification[0m [1;30mLevel 1[0m _identify(lerobot/examples) by extension 'ros'
[1.861s] [34mcolcon.colcon_core.package_identification[0m [1;30mLevel 1[0m _identify(lerobot/examples) by extensions ['cmake', 'python']
[1.861s] [34mcolcon.colcon_core.package_identification[0m [1;30mLevel 1[0m _identify(lerobot/examples) by extension 'cmake'
[1.861s] [34mcolcon.colcon_core.package_identification[0m [1;30mLevel 1[0m _identify(lerobot/examples) by extension 'python'
[1.861s] [34mcolcon.colcon_core.package_identification[0m [1;30mLevel 1[0m _identify(lerobot/examples) by extensions ['python_setup_py']
[1.861s] [34mcolcon.colcon_core.package_identification[0m [1;30mLevel 1[0m _identify(lerobot/examples) by extension 'python_setup_py'
[1.863s] [34mcolcon.colcon_core.package_identification[0m [1;30mLevel 1[0m _identify(lerobot/examples/backward_compatibility) by extensions ['ignore', 'ignore_ament_install']
[1.863s] [34mcolcon.colcon_core.package_identification[0m [1;30mLevel 1[0m _identify(lerobot/examples/backward_compatibility) by extension 'ignore'
[1.863s] [34mcolcon.colcon_core.package_identification[0m [1;30mLevel 1[0m _identify(lerobot/examples/backward_compatibility) by extension 'ignore_ament_install'
[1.863s] [34mcolcon.colcon_core.package_identification[0m [1;30mLevel 1[0m _identify(lerobot/examples/backward_compatibility) by extensions ['colcon_pkg']
[1.863s] [34mcolcon.colcon_core.package_identification[0m [1;30mLevel 1[0m _identify(lerobot/examples/backward_compatibility) by extension 'colcon_pkg'
[1.863s] [34mcolcon.colcon_core.package_identification[0m [1;30mLevel 1[0m _identify(lerobot/examples/backward_compatibility) by extensions ['colcon_meta']
[1.863s] [34mcolcon.colcon_core.package_identification[0m [1;30mLevel 1[0m _identify(lerobot/examples/backward_compatibility) by extension 'colcon_meta'
[1.863s] [34mcolcon.colcon_core.package_identification[0m [1;30mLevel 1[0m _identify(lerobot/examples/backward_compatibility) by extensions ['ros']
[1.863s] [34mcolcon.colcon_core.package_identification[0m [1;30mLevel 1[0m _identify(lerobot/examples/backward_compatibility) by extension 'ros'
[1.863s] [34mcolcon.colcon_core.package_identification[0m [1;30mLevel 1[0m _identify(lerobot/examples/backward_compatibility) by extensions ['cmake', 'python']
[1.863s] [34mcolcon.colcon_core.package_identification[0m [1;30mLevel 1[0m _identify(lerobot/examples/backward_compatibility) by extension 'cmake'
[1.863s] [34mcolcon.colcon_core.package_identification[0m [1;30mLevel 1[0m _identify(lerobot/examples/backward_compatibility) by extension 'python'
[1.863s] [34mcolcon.colcon_core.package_identification[0m [1;30mLevel 1[0m _identify(lerobot/examples/backward_compatibility) by extensions ['python_setup_py']
[1.863s] [34mcolcon.colcon_core.package_identification[0m [1;30mLevel 1[0m _identify(lerobot/examples/backward_compatibility) by extension 'python_setup_py'
[1.864s] [34mcolcon.colcon_core.package_identification[0m [1;30mLevel 1[0m _identify(lerobot/examples/dataset) by extensions ['ignore', 'ignore_ament_install']
[1.864s] [34mcolcon.colcon_core.package_identification[0m [1;30mLevel 1[0m _identify(lerobot/examples/dataset) by extension 'ignore'
[1.864s] [34mcolcon.colcon_core.package_identification[0m [1;30mLevel 1[0m _identify(lerobot/examples/dataset) by extension 'ignore_ament_install'
[1.865s] [34mcolcon.colcon_core.package_identification[0m [1;30mLevel 1[0m _identify(lerobot/examples/dataset) by extensions ['colcon_pkg']
[1.865s] [34mcolcon.colcon_core.package_identification[0m [1;30mLevel 1[0m _identify(lerobot/examples/dataset) by extension 'colcon_pkg'
[1.865s] [34mcolcon.colcon_core.package_identification[0m [1;30mLevel 1[0m _identify(lerobot/examples/dataset) by extensions ['colcon_meta']
[1.865s] [34mcolcon.colcon_core.package_identification[0m [1;30mLevel 1[0m _identify(lerobot/examples/dataset) by extension 'colcon_meta'
[1.865s] [34mcolcon.colcon_core.package_identification[0m [1;30mLevel 1[0m _identify(lerobot/examples/dataset) by extensions ['ros']
[1.865s] [34mcolcon.colcon_core.package_identification[0m [1;30mLevel 1[0m _identify(lerobot/examples/dataset) by extension 'ros'
[1.865s] [34mcolcon.colcon_core.package_identification[0m [1;30mLevel 1[0m _identify(lerobot/examples/dataset) by extensions ['cmake', 'python']
[1.865s] [34mcolcon.colcon_core.package_identification[0m [1;30mLevel 1[0m _identify(lerobot/examples/dataset) by extension 'cmake'
[1.865s] [34mcolcon.colcon_core.package_identification[0m [1;30mLevel 1[0m _identify(lerobot/examples/dataset) by extension 'python'
[1.865s] [34mcolcon.colcon_core.package_identification[0m [1;30mLevel 1[0m _identify(lerobot/examples/dataset) by extensions ['python_setup_py']
[1.865s] [34mcolcon.colcon_core.package_identification[0m [1;30mLevel 1[0m _identify(lerobot/examples/dataset) by extension 'python_setup_py'
[1.866s] [34mcolcon.colcon_core.package_identification[0m [1;30mLevel 1[0m _identify(lerobot/examples/lekiwi) by extensions ['ignore', 'ignore_ament_install']
[1.866s] [34mcolcon.colcon_core.package_identification[0m [1;30mLevel 1[0m _identify(lerobot/examples/lekiwi) by extension 'ignore'
[1.866s] [34mcolcon.colcon_core.package_identification[0m [1;30mLevel 1[0m _identify(lerobot/examples/lekiwi) by extension 'ignore_ament_install'
[1.866s] [34mcolcon.colcon_core.package_identification[0m [1;30mLevel 1[0m _identify(lerobot/examples/lekiwi) by extensions ['colcon_pkg']
[1.866s] [34mcolcon.colcon_core.package_identification[0m [1;30mLevel 1[0m _identify(lerobot/examples/lekiwi) by extension 'colcon_pkg'
[1.866s] [34mcolcon.colcon_core.package_identification[0m [1;30mLevel 1[0m _identify(lerobot/examples/lekiwi) by extensions ['colcon_meta']
[1.866s] [34mcolcon.colcon_core.package_identification[0m [1;30mLevel 1[0m _identify(lerobot/examples/lekiwi) by extension 'colcon_meta'
[1.866s] [34mcolcon.colcon_core.package_identification[0m [1;30mLevel 1[0m _identify(lerobot/examples/lekiwi) by extensions ['ros']
[1.866s] [34mcolcon.colcon_core.package_identification[0m [1;30mLevel 1[0m _identify(lerobot/examples/lekiwi) by extension 'ros'
[1.866s] [34mcolcon.colcon_core.package_identification[0m [1;30mLevel 1[0m _identify(lerobot/examples/lekiwi) by extensions ['cmake', 'python']
[1.866s] [34mcolcon.colcon_core.package_identification[0m [1;30mLevel 1[0m _identify(lerobot/examples/lekiwi) by extension 'cmake'
[1.866s] [34mcolcon.colcon_core.package_identification[0m [1;30mLevel 1[0m _identify(lerobot/examples/lekiwi) by extension 'python'
[1.867s] [34mcolcon.colcon_core.package_identification[0m [1;30mLevel 1[0m _identify(lerobot/examples/lekiwi) by extensions ['python_setup_py']
[1.867s] [34mcolcon.colcon_core.package_identification[0m [1;30mLevel 1[0m _identify(lerobot/examples/lekiwi) by extension 'python_setup_py'
[1.868s] [34mcolcon.colcon_core.package_identification[0m [1;30mLevel 1[0m _identify(lerobot/examples/phone_to_so100) by extensions ['ignore', 'ignore_ament_install']
[1.868s] [34mcolcon.colcon_core.package_identification[0m [1;30mLevel 1[0m _identify(lerobot/examples/phone_to_so100) by extension 'ignore'
[1.868s] [34mcolcon.colcon_core.package_identification[0m [1;30mLevel 1[0m _identify(lerobot/examples/phone_to_so100) by extension 'ignore_ament_install'
[1.868s] [34mcolcon.colcon_core.package_identification[0m [1;30mLevel 1[0m _identify(lerobot/examples/phone_to_so100) by extensions ['colcon_pkg']
[1.868s] [34mcolcon.colcon_core.package_identification[0m [1;30mLevel 1[0m _identify(lerobot/examples/phone_to_so100) by extension 'colcon_pkg'
[1.868s] [34mcolcon.colcon_core.package_identification[0m [1;30mLevel 1[0m _identify(lerobot/examples/phone_to_so100) by extensions ['colcon_meta']
[1.868s] [34mcolcon.colcon_core.package_identification[0m [1;30mLevel 1[0m _identify(lerobot/examples/phone_to_so100) by extension 'colcon_meta'
[1.868s] [34mcolcon.colcon_core.package_identification[0m [1;30mLevel 1[0m _identify(lerobot/examples/phone_to_so100) by extensions ['ros']
[1.868s] [34mcolcon.colcon_core.package_identification[0m [1;30mLevel 1[0m _identify(lerobot/examples/phone_to_so100) by extension 'ros'
[1.868s] [34mcolcon.colcon_core.package_identification[0m [1;30mLevel 1[0m _identify(lerobot/examples/phone_to_so100) by extensions ['cmake', 'python']
[1.868s] [34mcolcon.colcon_core.package_identification[0m [1;30mLevel 1[0m _identify(lerobot/examples/phone_to_so100) by extension 'cmake'
[1.868s] [34mcolcon.colcon_core.package_identification[0m [1;30mLevel 1[0m _identify(lerobot/examples/phone_to_so100) by extension 'python'
[1.868s] [34mcolcon.colcon_core.package_identification[0m [1;30mLevel 1[0m _identify(lerobot/examples/phone_to_so100) by extensions ['python_setup_py']
[1.868s] [34mcolcon.colcon_core.package_identification[0m [1;30mLevel 1[0m _identify(lerobot/examples/phone_to_so100) by extension 'python_setup_py'
[1.869s] [34mcolcon.colcon_core.package_identification[0m [1;30mLevel 1[0m _identify(lerobot/examples/port_datasets) by extensions ['ignore', 'ignore_ament_install']
[1.869s] [34mcolcon.colcon_core.package_identification[0m [1;30mLevel 1[0m _identify(lerobot/examples/port_datasets) by extension 'ignore'
[1.870s] [34mcolcon.colcon_core.package_identification[0m [1;30mLevel 1[0m _identify(lerobot/examples/port_datasets) by extension 'ignore_ament_install'
[1.870s] [34mcolcon.colcon_core.package_identification[0m [1;30mLevel 1[0m _identify(lerobot/examples/port_datasets) by extensions ['colcon_pkg']
[1.870s] [34mcolcon.colcon_core.package_identification[0m [1;30mLevel 1[0m _identify(lerobot/examples/port_datasets) by extension 'colcon_pkg'
[1.870s] [34mcolcon.colcon_core.package_identification[0m [1;30mLevel 1[0m _identify(lerobot/examples/port_datasets) by extensions ['colcon_meta']
[1.870s] [34mcolcon.colcon_core.package_identification[0m [1;30mLevel 1[0m _identify(lerobot/examples/port_datasets) by extension 'colcon_meta'
[1.870s] [34mcolcon.colcon_core.package_identification[0m [1;30mLevel 1[0m _identify(lerobot/examples/port_datasets) by extensions ['ros']
[1.870s] [34mcolcon.colcon_core.package_identification[0m [1;30mLevel 1[0m _identify(lerobot/examples/port_datasets) by extension 'ros'
[1.870s] [34mcolcon.colcon_core.package_identification[0m [1;30mLevel 1[0m _identify(lerobot/examples/port_datasets) by extensions ['cmake', 'python']
[1.870s] [34mcolcon.colcon_core.package_identification[0m [1;30mLevel 1[0m _identify(lerobot/examples/port_datasets) by extension 'cmake'
[1.870s] [34mcolcon.colcon_core.package_identification[0m [1;30mLevel 1[0m _identify(lerobot/examples/port_datasets) by extension 'python'
[1.870s] [34mcolcon.colcon_core.package_identification[0m [1;30mLevel 1[0m _identify(lerobot/examples/port_datasets) by extensions ['python_setup_py']
[1.870s] [34mcolcon.colcon_core.package_identification[0m [1;30mLevel 1[0m _identify(lerobot/examples/port_datasets) by extension 'python_setup_py'
[1.871s] [34mcolcon.colcon_core.package_identification[0m [1;30mLevel 1[0m _identify(lerobot/examples/rtc) by extensions ['ignore', 'ignore_ament_install']
[1.871s] [34mcolcon.colcon_core.package_identification[0m [1;30mLevel 1[0m _identify(lerobot/examples/rtc) by extension 'ignore'
[1.871s] [34mcolcon.colcon_core.package_identification[0m [1;30mLevel 1[0m _identify(lerobot/examples/rtc) by extension 'ignore_ament_install'
[1.871s] [34mcolcon.colcon_core.package_identification[0m [1;30mLevel 1[0m _identify(lerobot/examples/rtc) by extensions ['colcon_pkg']
[1.871s] [34mcolcon.colcon_core.package_identification[0m [1;30mLevel 1[0m _identify(lerobot/examples/rtc) by extension 'colcon_pkg'
[1.871s] [34mcolcon.colcon_core.package_identification[0m [1;30mLevel 1[0m _identify(lerobot/examples/rtc) by extensions ['colcon_meta']
[1.871s] [34mcolcon.colcon_core.package_identification[0m [1;30mLevel 1[0m _identify(lerobot/examples/rtc) by extension 'colcon_meta'
[1.872s] [34mcolcon.colcon_core.package_identification[0m [1;30mLevel 1[0m _identify(lerobot/examples/rtc) by extensions ['ros']
[1.872s] [34mcolcon.colcon_core.package_identification[0m [1;30mLevel 1[0m _identify(lerobot/examples/rtc) by extension 'ros'
[1.872s] [34mcolcon.colcon_core.package_identification[0m [1;30mLevel 1[0m _identify(lerobot/examples/rtc) by extensions ['cmake', 'python']
[1.872s] [34mcolcon.colcon_core.package_identification[0m [1;30mLevel 1[0m _identify(lerobot/examples/rtc) by extension 'cmake'
[1.872s] [34mcolcon.colcon_core.package_identification[0m [1;30mLevel 1[0m _identify(lerobot/examples/rtc) by extension 'python'
[1.872s] [34mcolcon.colcon_core.package_identification[0m [1;30mLevel 1[0m _identify(lerobot/examples/rtc) by extensions ['python_setup_py']
[1.872s] [34mcolcon.colcon_core.package_identification[0m [1;30mLevel 1[0m _identify(lerobot/examples/rtc) by extension 'python_setup_py'
[1.873s] [34mcolcon.colcon_core.package_identification[0m [1;30mLevel 1[0m _identify(lerobot/examples/so100_to_so100_EE) by extensions ['ignore', 'ignore_ament_install']
[1.873s] [34mcolcon.colcon_core.package_identification[0m [1;30mLevel 1[0m _identify(lerobot/examples/so100_to_so100_EE) by extension 'ignore'
[1.873s] [34mcolcon.colcon_core.package_identification[0m [1;30mLevel 1[0m _identify(lerobot/examples/so100_to_so100_EE) by extension 'ignore_ament_install'
[1.873s] [34mcolcon.colcon_core.package_identification[0m [1;30mLevel 1[0m _identify(lerobot/examples/so100_to_so100_EE) by extensions ['colcon_pkg']
[1.873s] [34mcolcon.colcon_core.package_identification[0m [1;30mLevel 1[0m _identify(lerobot/examples/so100_to_so100_EE) by extension 'colcon_pkg'
[1.873s] [34mcolcon.colcon_core.package_identification[0m [1;30mLevel 1[0m _identify(lerobot/examples/so100_to_so100_EE) by extensions ['colcon_meta']
[1.873s] [34mcolcon.colcon_core.package_identification[0m [1;30mLevel 1[0m _identify(lerobot/examples/so100_to_so100_EE) by extension 'colcon_meta'
[1.873s] [34mcolcon.colcon_core.package_identification[0m [1;30mLevel 1[0m _identify(lerobot/examples/so100_to_so100_EE) by extensions ['ros']
[1.873s] [34mcolcon.colcon_core.package_identification[0m [1;30mLevel 1[0m _identify(lerobot/examples/so100_to_so100_EE) by extension 'ros'
[1.873s] [34mcolcon.colcon_core.package_identification[0m [1;30mLevel 1[0m _identify(lerobot/examples/so100_to_so100_EE) by extensions ['cmake', 'python']
[1.873s] [34mcolcon.colcon_core.package_identification[0m [1;30mLevel 1[0m _identify(lerobot/examples/so100_to_so100_EE) by extension 'cmake'
[1.873s] [34mcolcon.colcon_core.package_identification[0m [1;30mLevel 1[0m _identify(lerobot/examples/so100_to_so100_EE) by extension 'python'
[1.873s] [34mcolcon.colcon_core.package_identification[0m [1;30mLevel 1[0m _identify(lerobot/examples/so100_to_so100_EE) by extensions ['python_setup_py']
[1.873s] [34mcolcon.colcon_core.package_identification[0m [1;30mLevel 1[0m _identify(lerobot/examples/so100_to_so100_EE) by extension 'python_setup_py'
[1.875s] [34mcolcon.colcon_core.package_identification[0m [1;30mLevel 1[0m _identify(lerobot/examples/training) by extensions ['ignore', 'ignore_ament_install']
[1.875s] [34mcolcon.colcon_core.package_identification[0m [1;30mLevel 1[0m _identify(lerobot/examples/training) by extension 'ignore'
[1.875s] [34mcolcon.colcon_core.package_identification[0m [1;30mLevel 1[0m _identify(lerobot/examples/training) by extension 'ignore_ament_install'
[1.875s] [34mcolcon.colcon_core.package_identification[0m [1;30mLevel 1[0m _identify(lerobot/examples/training) by extensions ['colcon_pkg']
[1.875s] [34mcolcon.colcon_core.package_identification[0m [1;30mLevel 1[0m _identify(lerobot/examples/training) by extension 'colcon_pkg'
[1.875s] [34mcolcon.colcon_core.package_identification[0m [1;30mLevel 1[0m _identify(lerobot/examples/training) by extensions ['colcon_meta']
[1.875s] [34mcolcon.colcon_core.package_identification[0m [1;30mLevel 1[0m _identify(lerobot/examples/training) by extension 'colcon_meta'
[1.875s] [34mcolcon.colcon_core.package_identification[0m [1;30mLevel 1[0m _identify(lerobot/examples/training) by extensions ['ros']
[1.875s] [34mcolcon.colcon_core.package_identification[0m [1;30mLevel 1[0m _identify(lerobot/examples/training) by extension 'ros'
[1.875s] [34mcolcon.colcon_core.package_identification[0m [1;30mLevel 1[0m _identify(lerobot/examples/training) by extensions ['cmake', 'python']
[1.875s] [34mcolcon.colcon_core.package_identification[0m [1;30mLevel 1[0m _identify(lerobot/examples/training) by extension 'cmake'
[1.875s] [34mcolcon.colcon_core.package_identification[0m [1;30mLevel 1[0m _identify(lerobot/examples/training) by extension 'python'
[1.875s] [34mcolcon.colcon_core.package_identification[0m [1;30mLevel 1[0m _identify(lerobot/examples/training) by extensions ['python_setup_py']
[1.875s] [34mcolcon.colcon_core.package_identification[0m [1;30mLevel 1[0m _identify(lerobot/examples/training) by extension 'python_setup_py'
[1.875s] [34mcolcon.colcon_core.package_identification[0m [1;30mLevel 1[0m _identify(lerobot/examples/tutorial) by extensions ['ignore', 'ignore_ament_install']
[1.876s] [34mcolcon.colcon_core.package_identification[0m [1;30mLevel 1[0m _identify(lerobot/examples/tutorial) by extension 'ignore'
[1.876s] [34mcolcon.colcon_core.package_identification[0m [1;30mLevel 1[0m _identify(lerobot/examples/tutorial) by extension 'ignore_ament_install'
[1.876s] [34mcolcon.colcon_core.package_identification[0m [1;30mLevel 1[0m _identify(lerobot/examples/tutorial) by extensions ['colcon_pkg']
[1.876s] [34mcolcon.colcon_core.package_identification[0m [1;30mLevel 1[0m _identify(lerobot/examples/tutorial) by extension 'colcon_pkg'
[1.876s] [34mcolcon.colcon_core.package_identification[0m [1;30mLevel 1[0m _identify(lerobot/examples/tutorial) by extensions ['colcon_meta']
[1.876s] [34mcolcon.colcon_core.package_identification[0m [1;30mLevel 1[0m _identify(lerobot/examples/tutorial) by extension 'colcon_meta'
[1.876s] [34mcolcon.colcon_core.package_identification[0m [1;30mLevel 1[0m _identify(lerobot/examples/tutorial) by extensions ['ros']
[1.876s] [34mcolcon.colcon_core.package_identification[0m [1;30mLevel 1[0m _identify(lerobot/examples/tutorial) by extension 'ros'
[1.876s] [34mcolcon.colcon_core.package_identification[0m [1;30mLevel 1[0m _identify(lerobot/examples/tutorial) by extensions ['cmake', 'python']
[1.876s] [34mcolcon.colcon_core.package_identification[0m [1;30mLevel 1[0m _identify(lerobot/examples/tutorial) by extension 'cmake'
[1.876s] [34mcolcon.colcon_core.package_identification[0m [1;30mLevel 1[0m _identify(lerobot/examples/tutorial) by extension 'python'
[1.876s] [34mcolcon.colcon_core.package_identification[0m [1;30mLevel 1[0m _identify(lerobot/examples/tutorial) by extensions ['python_setup_py']
[1.876s] [34mcolcon.colcon_core.package_identification[0m [1;30mLevel 1[0m _identify(lerobot/examples/tutorial) by extension 'python_setup_py'
[1.880s] [34mcolcon.colcon_core.package_identification[0m [1;30mLevel 1[0m _identify(lerobot/examples/tutorial/act) by extensions ['ignore', 'ignore_ament_install']
[1.880s] [34mcolcon.colcon_core.package_identification[0m [1;30mLevel 1[0m _identify(lerobot/examples/tutorial/act) by extension 'ignore'
[1.880s] [34mcolcon.colcon_core.package_identification[0m [1;30mLevel 1[0m _identify(lerobot/examples/tutorial/act) by extension 'ignore_ament_install'
[1.880s] [34mcolcon.colcon_core.package_identification[0m [1;30mLevel 1[0m _identify(lerobot/examples/tutorial/act) by extensions ['colcon_pkg']
[1.880s] [34mcolcon.colcon_core.package_identification[0m [1;30mLevel 1[0m _identify(lerobot/examples/tutorial/act) by extension 'colcon_pkg'
[1.880s] [34mcolcon.colcon_core.package_identification[0m [1;30mLevel 1[0m _identify(lerobot/examples/tutorial/act) by extensions ['colcon_meta']
[1.880s] [34mcolcon.colcon_core.package_identification[0m [1;30mLevel 1[0m _identify(lerobot/examples/tutorial/act) by extension 'colcon_meta'
[1.880s] [34mcolcon.colcon_core.package_identification[0m [1;30mLevel 1[0m _identify(lerobot/examples/tutorial/act) by extensions ['ros']
[1.880s] [34mcolcon.colcon_core.package_identification[0m [1;30mLevel 1[0m _identify(lerobot/examples/tutorial/act) by extension 'ros'
[1.880s] [34mcolcon.colcon_core.package_identification[0m [1;30mLevel 1[0m _identify(lerobot/examples/tutorial/act) by extensions ['cmake', 'python']
[1.880s] [34mcolcon.colcon_core.package_identification[0m [1;30mLevel 1[0m _identify(lerobot/examples/tutorial/act) by extension 'cmake'
[1.880s] [34mcolcon.colcon_core.package_identification[0m [1;30mLevel 1[0m _identify(lerobot/examples/tutorial/act) by extension 'python'
[1.880s] [34mcolcon.colcon_core.package_identification[0m [1;30mLevel 1[0m _identify(lerobot/examples/tutorial/act) by extensions ['python_setup_py']
[1.880s] [34mcolcon.colcon_core.package_identification[0m [1;30mLevel 1[0m _identify(lerobot/examples/tutorial/act) by extension 'python_setup_py'
[1.882s] [34mcolcon.colcon_core.package_identification[0m [1;30mLevel 1[0m _identify(lerobot/examples/tutorial/async-inf) by extensions ['ignore', 'ignore_ament_install']
[1.882s] [34mcolcon.colcon_core.package_identification[0m [1;30mLevel 1[0m _identify(lerobot/examples/tutorial/async-inf) by extension 'ignore'
[1.882s] [34mcolcon.colcon_core.package_identification[0m [1;30mLevel 1[0m _identify(lerobot/examples/tutorial/async-inf) by extension 'ignore_ament_install'
[1.882s] [34mcolcon.colcon_core.package_identification[0m [1;30mLevel 1[0m _identify(lerobot/examples/tutorial/async-inf) by extensions ['colcon_pkg']
[1.882s] [34mcolcon.colcon_core.package_identification[0m [1;30mLevel 1[0m _identify(lerobot/examples/tutorial/async-inf) by extension 'colcon_pkg'
[1.882s] [34mcolcon.colcon_core.package_identification[0m [1;30mLevel 1[0m _identify(lerobot/examples/tutorial/async-inf) by extensions ['colcon_meta']
[1.882s] [34mcolcon.colcon_core.package_identification[0m [1;30mLevel 1[0m _identify(lerobot/examples/tutorial/async-inf) by extension 'colcon_meta'
[1.882s] [34mcolcon.colcon_core.package_identification[0m [1;30mLevel 1[0m _identify(lerobot/examples/tutorial/async-inf) by extensions ['ros']
[1.882s] [34mcolcon.colcon_core.package_identification[0m [1;30mLevel 1[0m _identify(lerobot/examples/tutorial/async-inf) by extension 'ros'
[1.882s] [34mcolcon.colcon_core.package_identification[0m [1;30mLevel 1[0m _identify(lerobot/examples/tutorial/async-inf) by extensions ['cmake', 'python']
[1.882s] [34mcolcon.colcon_core.package_identification[0m [1;30mLevel 1[0m _identify(lerobot/examples/tutorial/async-inf) by extension 'cmake'
[1.882s] [34mcolcon.colcon_core.package_identification[0m [1;30mLevel 1[0m _identify(lerobot/examples/tutorial/async-inf) by extension 'python'
[1.882s] [34mcolcon.colcon_core.package_identification[0m [1;30mLevel 1[0m _identify(lerobot/examples/tutorial/async-inf) by extensions ['python_setup_py']
[1.882s] [34mcolcon.colcon_core.package_identification[0m [1;30mLevel 1[0m _identify(lerobot/examples/tutorial/async-inf) by extension 'python_setup_py'
[1.883s] [34mcolcon.colcon_core.package_identification[0m [1;30mLevel 1[0m _identify(lerobot/examples/tutorial/diffusion) by extensions ['ignore', 'ignore_ament_install']
[1.883s] [34mcolcon.colcon_core.package_identification[0m [1;30mLevel 1[0m _identify(lerobot/examples/tutorial/diffusion) by extension 'ignore'
[1.883s] [34mcolcon.colcon_core.package_identification[0m [1;30mLevel 1[0m _identify(lerobot/examples/tutorial/diffusion) by extension 'ignore_ament_install'
[1.884s] [34mcolcon.colcon_core.package_identification[0m [1;30mLevel 1[0m _identify(lerobot/examples/tutorial/diffusion) by extensions ['colcon_pkg']
[1.884s] [34mcolcon.colcon_core.package_identification[0m [1;30mLevel 1[0m _identify(lerobot/examples/tutorial/diffusion) by extension 'colcon_pkg'
[1.884s] [34mcolcon.colcon_core.package_identification[0m [1;30mLevel 1[0m _identify(lerobot/examples/tutorial/diffusion) by extensions ['colcon_meta']
[1.884s] [34mcolcon.colcon_core.package_identification[0m [1;30mLevel 1[0m _identify(lerobot/examples/tutorial/diffusion) by extension 'colcon_meta'
[1.884s] [34mcolcon.colcon_core.package_identification[0m [1;30mLevel 1[0m _identify(lerobot/examples/tutorial/diffusion) by extensions ['ros']
[1.884s] [34mcolcon.colcon_core.package_identification[0m [1;30mLevel 1[0m _identify(lerobot/examples/tutorial/diffusion) by extension 'ros'
[1.884s] [34mcolcon.colcon_core.package_identification[0m [1;30mLevel 1[0m _identify(lerobot/examples/tutorial/diffusion) by extensions ['cmake', 'python']
[1.884s] [34mcolcon.colcon_core.package_identification[0m [1;30mLevel 1[0m _identify(lerobot/examples/tutorial/diffusion) by extension 'cmake'
[1.884s] [34mcolcon.colcon_core.package_identification[0m [1;30mLevel 1[0m _identify(lerobot/examples/tutorial/diffusion) by extension 'python'
[1.884s] [34mcolcon.colcon_core.package_identification[0m [1;30mLevel 1[0m _identify(lerobot/examples/tutorial/diffusion) by extensions ['python_setup_py']
[1.884s] [34mcolcon.colcon_core.package_identification[0m [1;30mLevel 1[0m _identify(lerobot/examples/tutorial/diffusion) by extension 'python_setup_py'
[1.885s] [34mcolcon.colcon_core.package_identification[0m [1;30mLevel 1[0m _identify(lerobot/examples/tutorial/pi0) by extensions ['ignore', 'ignore_ament_install']
[1.885s] [34mcolcon.colcon_core.package_identification[0m [1;30mLevel 1[0m _identify(lerobot/examples/tutorial/pi0) by extension 'ignore'
[1.886s] [34mcolcon.colcon_core.package_identification[0m [1;30mLevel 1[0m _identify(lerobot/examples/tutorial/pi0) by extension 'ignore_ament_install'
[1.886s] [34mcolcon.colcon_core.package_identification[0m [1;30mLevel 1[0m _identify(lerobot/examples/tutorial/pi0) by extensions ['colcon_pkg']
[1.886s] [34mcolcon.colcon_core.package_identification[0m [1;30mLevel 1[0m _identify(lerobot/examples/tutorial/pi0) by extension 'colcon_pkg'
[1.886s] [34mcolcon.colcon_core.package_identification[0m [1;30mLevel 1[0m _identify(lerobot/examples/tutorial/pi0) by extensions ['colcon_meta']
[1.886s] [34mcolcon.colcon_core.package_identification[0m [1;30mLevel 1[0m _identify(lerobot/examples/tutorial/pi0) by extension 'colcon_meta'
[1.886s] [34mcolcon.colcon_core.package_identification[0m [1;30mLevel 1[0m _identify(lerobot/examples/tutorial/pi0) by extensions ['ros']
[1.886s] [34mcolcon.colcon_core.package_identification[0m [1;30mLevel 1[0m _identify(lerobot/examples/tutorial/pi0) by extension 'ros'
[1.886s] [34mcolcon.colcon_core.package_identification[0m [1;30mLevel 1[0m _identify(lerobot/examples/tutorial/pi0) by extensions ['cmake', 'python']
[1.886s] [34mcolcon.colcon_core.package_identification[0m [1;30mLevel 1[0m _identify(lerobot/examples/tutorial/pi0) by extension 'cmake'
[1.886s] [34mcolcon.colcon_core.package_identification[0m [1;30mLevel 1[0m _identify(lerobot/examples/tutorial/pi0) by extension 'python'
[1.886s] [34mcolcon.colcon_core.package_identification[0m [1;30mLevel 1[0m _identify(lerobot/examples/tutorial/pi0) by extensions ['python_setup_py']
[1.886s] [34mcolcon.colcon_core.package_identification[0m [1;30mLevel 1[0m _identify(lerobot/examples/tutorial/pi0) by extension 'python_setup_py'
[1.887s] [34mcolcon.colcon_core.package_identification[0m [1;30mLevel 1[0m _identify(lerobot/examples/tutorial/rl) by extensions ['ignore', 'ignore_ament_install']
[1.887s] [34mcolcon.colcon_core.package_identification[0m [1;30mLevel 1[0m _identify(lerobot/examples/tutorial/rl) by extension 'ignore'
[1.887s] [34mcolcon.colcon_core.package_identification[0m [1;30mLevel 1[0m _identify(lerobot/examples/tutorial/rl) by extension 'ignore_ament_install'
[1.887s] [34mcolcon.colcon_core.package_identification[0m [1;30mLevel 1[0m _identify(lerobot/examples/tutorial/rl) by extensions ['colcon_pkg']
[1.887s] [34mcolcon.colcon_core.package_identification[0m [1;30mLevel 1[0m _identify(lerobot/examples/tutorial/rl) by extension 'colcon_pkg'
[1.887s] [34mcolcon.colcon_core.package_identification[0m [1;30mLevel 1[0m _identify(lerobot/examples/tutorial/rl) by extensions ['colcon_meta']
[1.887s] [34mcolcon.colcon_core.package_identification[0m [1;30mLevel 1[0m _identify(lerobot/examples/tutorial/rl) by extension 'colcon_meta'
[1.887s] [34mcolcon.colcon_core.package_identification[0m [1;30mLevel 1[0m _identify(lerobot/examples/tutorial/rl) by extensions ['ros']
[1.887s] [34mcolcon.colcon_core.package_identification[0m [1;30mLevel 1[0m _identify(lerobot/examples/tutorial/rl) by extension 'ros'
[1.887s] [34mcolcon.colcon_core.package_identification[0m [1;30mLevel 1[0m _identify(lerobot/examples/tutorial/rl) by extensions ['cmake', 'python']
[1.887s] [34mcolcon.colcon_core.package_identification[0m [1;30mLevel 1[0m _identify(lerobot/examples/tutorial/rl) by extension 'cmake'
[1.887s] [34mcolcon.colcon_core.package_identification[0m [1;30mLevel 1[0m _identify(lerobot/examples/tutorial/rl) by extension 'python'
[1.887s] [34mcolcon.colcon_core.package_identification[0m [1;30mLevel 1[0m _identify(lerobot/examples/tutorial/rl) by extensions ['python_setup_py']
[1.888s] [34mcolcon.colcon_core.package_identification[0m [1;30mLevel 1[0m _identify(lerobot/examples/tutorial/rl) by extension 'python_setup_py'
[1.888s] [34mcolcon.colcon_core.package_identification[0m [1;30mLevel 1[0m _identify(lerobot/examples/tutorial/smolvla) by extensions ['ignore', 'ignore_ament_install']
[1.888s] [34mcolcon.colcon_core.package_identification[0m [1;30mLevel 1[0m _identify(lerobot/examples/tutorial/smolvla) by extension 'ignore'
[1.888s] [34mcolcon.colcon_core.package_identification[0m [1;30mLevel 1[0m _identify(lerobot/examples/tutorial/smolvla) by extension 'ignore_ament_install'
[1.889s] [34mcolcon.colcon_core.package_identification[0m [1;30mLevel 1[0m _identify(lerobot/examples/tutorial/smolvla) by extensions ['colcon_pkg']
[1.889s] [34mcolcon.colcon_core.package_identification[0m [1;30mLevel 1[0m _identify(lerobot/examples/tutorial/smolvla) by extension 'colcon_pkg'
[1.889s] [34mcolcon.colcon_core.package_identification[0m [1;30mLevel 1[0m _identify(lerobot/examples/tutorial/smolvla) by extensions ['colcon_meta']
[1.889s] [34mcolcon.colcon_core.package_identification[0m [1;30mLevel 1[0m _identify(lerobot/examples/tutorial/smolvla) by extension 'colcon_meta'
[1.889s] [34mcolcon.colcon_core.package_identification[0m [1;30mLevel 1[0m _identify(lerobot/examples/tutorial/smolvla) by extensions ['ros']
[1.889s] [34mcolcon.colcon_core.package_identification[0m [1;30mLevel 1[0m _identify(lerobot/examples/tutorial/smolvla) by extension 'ros'
[1.889s] [34mcolcon.colcon_core.package_identification[0m [1;30mLevel 1[0m _identify(lerobot/examples/tutorial/smolvla) by extensions ['cmake', 'python']
[1.889s] [34mcolcon.colcon_core.package_identification[0m [1;30mLevel 1[0m _identify(lerobot/examples/tutorial/smolvla) by extension 'cmake'
[1.889s] [34mcolcon.colcon_core.package_identification[0m [1;30mLevel 1[0m _identify(lerobot/examples/tutorial/smolvla) by extension 'python'
[1.889s] [34mcolcon.colcon_core.package_identification[0m [1;30mLevel 1[0m _identify(lerobot/examples/tutorial/smolvla) by extensions ['python_setup_py']
[1.889s] [34mcolcon.colcon_core.package_identification[0m [1;30mLevel 1[0m _identify(lerobot/examples/tutorial/smolvla) by extension 'python_setup_py'
[1.890s] [34mcolcon.colcon_core.package_identification[0m [1;30mLevel 1[0m _identify(lerobot/examples/unitree_g1) by extensions ['ignore', 'ignore_ament_install']
[1.890s] [34mcolcon.colcon_core.package_identification[0m [1;30mLevel 1[0m _identify(lerobot/examples/unitree_g1) by extension 'ignore'
[1.890s] [34mcolcon.colcon_core.package_identification[0m [1;30mLevel 1[0m _identify(lerobot/examples/unitree_g1) by extension 'ignore_ament_install'
[1.890s] [34mcolcon.colcon_core.package_identification[0m [1;30mLevel 1[0m _identify(lerobot/examples/unitree_g1) by extensions ['colcon_pkg']
[1.890s] [34mcolcon.colcon_core.package_identification[0m [1;30mLevel 1[0m _identify(lerobot/examples/unitree_g1) by extension 'colcon_pkg'
[1.890s] [34mcolcon.colcon_core.package_identification[0m [1;30mLevel 1[0m _identify(lerobot/examples/unitree_g1) by extensions ['colcon_meta']
[1.890s] [34mcolcon.colcon_core.package_identification[0m [1;30mLevel 1[0m _identify(lerobot/examples/unitree_g1) by extension 'colcon_meta'
[1.890s] [34mcolcon.colcon_core.package_identification[0m [1;30mLevel 1[0m _identify(lerobot/examples/unitree_g1) by extensions ['ros']
[1.890s] [34mcolcon.colcon_core.package_identification[0m [1;30mLevel 1[0m _identify(lerobot/examples/unitree_g1) by extension 'ros'
[1.890s] [34mcolcon.colcon_core.package_identification[0m [1;30mLevel 1[0m _identify(lerobot/examples/unitree_g1) by extensions ['cmake', 'python']
[1.891s] [34mcolcon.colcon_core.package_identification[0m [1;30mLevel 1[0m _identify(lerobot/examples/unitree_g1) by extension 'cmake'
[1.891s] [34mcolcon.colcon_core.package_identification[0m [1;30mLevel 1[0m _identify(lerobot/examples/unitree_g1) by extension 'python'
[1.891s] [34mcolcon.colcon_core.package_identification[0m [1;30mLevel 1[0m _identify(lerobot/examples/unitree_g1) by extensions ['python_setup_py']
[1.891s] [34mcolcon.colcon_core.package_identification[0m [1;30mLevel 1[0m _identify(lerobot/examples/unitree_g1) by extension 'python_setup_py'
[1.892s] [34mcolcon.colcon_core.package_identification[0m [1;30mLevel 1[0m _identify(lerobot/media) by extensions ['ignore', 'ignore_ament_install']
[1.892s] [34mcolcon.colcon_core.package_identification[0m [1;30mLevel 1[0m _identify(lerobot/media) by extension 'ignore'
[1.892s] [34mcolcon.colcon_core.package_identification[0m [1;30mLevel 1[0m _identify(lerobot/media) by extension 'ignore_ament_install'
[1.892s] [34mcolcon.colcon_core.package_identification[0m [1;30mLevel 1[0m _identify(lerobot/media) by extensions ['colcon_pkg']
[1.892s] [34mcolcon.colcon_core.package_identification[0m [1;30mLevel 1[0m _identify(lerobot/media) by extension 'colcon_pkg'
[1.892s] [34mcolcon.colcon_core.package_identification[0m [1;30mLevel 1[0m _identify(lerobot/media) by extensions ['colcon_meta']
[1.892s] [34mcolcon.colcon_core.package_identification[0m [1;30mLevel 1[0m _identify(lerobot/media) by extension 'colcon_meta'
[1.892s] [34mcolcon.colcon_core.package_identification[0m [1;30mLevel 1[0m _identify(lerobot/media) by extensions ['ros']
[1.892s] [34mcolcon.colcon_core.package_identification[0m [1;30mLevel 1[0m _identify(lerobot/media) by extension 'ros'
[1.892s] [34mcolcon.colcon_core.package_identification[0m [1;30mLevel 1[0m _identify(lerobot/media) by extensions ['cmake', 'python']
[1.892s] [34mcolcon.colcon_core.package_identification[0m [1;30mLevel 1[0m _identify(lerobot/media) by extension 'cmake'
[1.892s] [34mcolcon.colcon_core.package_identification[0m [1;30mLevel 1[0m _identify(lerobot/media) by extension 'python'
[1.892s] [34mcolcon.colcon_core.package_identification[0m [1;30mLevel 1[0m _identify(lerobot/media) by extensions ['python_setup_py']
[1.892s] [34mcolcon.colcon_core.package_identification[0m [1;30mLevel 1[0m _identify(lerobot/media) by extension 'python_setup_py'
[1.893s] [34mcolcon.colcon_core.package_identification[0m [1;30mLevel 1[0m _identify(lerobot/media/gym) by extensions ['ignore', 'ignore_ament_install']
[1.893s] [34mcolcon.colcon_core.package_identification[0m [1;30mLevel 1[0m _identify(lerobot/media/gym) by extension 'ignore'
[1.893s] [34mcolcon.colcon_core.package_identification[0m [1;30mLevel 1[0m _identify(lerobot/media/gym) by extension 'ignore_ament_install'
[1.894s] [34mcolcon.colcon_core.package_identification[0m [1;30mLevel 1[0m _identify(lerobot/media/gym) by extensions ['colcon_pkg']
[1.894s] [34mcolcon.colcon_core.package_identification[0m [1;30mLevel 1[0m _identify(lerobot/media/gym) by extension 'colcon_pkg'
[1.894s] [34mcolcon.colcon_core.package_identification[0m [1;30mLevel 1[0m _identify(lerobot/media/gym) by extensions ['colcon_meta']
[1.894s] [34mcolcon.colcon_core.package_identification[0m [1;30mLevel 1[0m _identify(lerobot/media/gym) by extension 'colcon_meta'
[1.894s] [34mcolcon.colcon_core.package_identification[0m [1;30mLevel 1[0m _identify(lerobot/media/gym) by extensions ['ros']
[1.894s] [34mcolcon.colcon_core.package_identification[0m [1;30mLevel 1[0m _identify(lerobot/media/gym) by extension 'ros'
[1.894s] [34mcolcon.colcon_core.package_identification[0m [1;30mLevel 1[0m _identify(lerobot/media/gym) by extensions ['cmake', 'python']
[1.894s] [34mcolcon.colcon_core.package_identification[0m [1;30mLevel 1[0m _identify(lerobot/media/gym) by extension 'cmake'
[1.894s] [34mcolcon.colcon_core.package_identification[0m [1;30mLevel 1[0m _identify(lerobot/media/gym) by extension 'python'
[1.894s] [34mcolcon.colcon_core.package_identification[0m [1;30mLevel 1[0m _identify(lerobot/media/gym) by extensions ['python_setup_py']
[1.894s] [34mcolcon.colcon_core.package_identification[0m [1;30mLevel 1[0m _identify(lerobot/media/gym) by extension 'python_setup_py'
[1.895s] [34mcolcon.colcon_core.package_identification[0m [1;30mLevel 1[0m _identify(lerobot/media/hope_jr) by extensions ['ignore', 'ignore_ament_install']
[1.895s] [34mcolcon.colcon_core.package_identification[0m [1;30mLevel 1[0m _identify(lerobot/media/hope_jr) by extension 'ignore'
[1.895s] [34mcolcon.colcon_core.package_identification[0m [1;30mLevel 1[0m _identify(lerobot/media/hope_jr) by extension 'ignore_ament_install'
[1.895s] [34mcolcon.colcon_core.package_identification[0m [1;30mLevel 1[0m _identify(lerobot/media/hope_jr) by extensions ['colcon_pkg']
[1.895s] [34mcolcon.colcon_core.package_identification[0m [1;30mLevel 1[0m _identify(lerobot/media/hope_jr) by extension 'colcon_pkg'
[1.895s] [34mcolcon.colcon_core.package_identification[0m [1;30mLevel 1[0m _identify(lerobot/media/hope_jr) by extensions ['colcon_meta']
[1.895s] [34mcolcon.colcon_core.package_identification[0m [1;30mLevel 1[0m _identify(lerobot/media/hope_jr) by extension 'colcon_meta'
[1.895s] [34mcolcon.colcon_core.package_identification[0m [1;30mLevel 1[0m _identify(lerobot/media/hope_jr) by extensions ['ros']
[1.895s] [34mcolcon.colcon_core.package_identification[0m [1;30mLevel 1[0m _identify(lerobot/media/hope_jr) by extension 'ros'
[1.895s] [34mcolcon.colcon_core.package_identification[0m [1;30mLevel 1[0m _identify(lerobot/media/hope_jr) by extensions ['cmake', 'python']
[1.896s] [34mcolcon.colcon_core.package_identification[0m [1;30mLevel 1[0m _identify(lerobot/media/hope_jr) by extension 'cmake'
[1.896s] [34mcolcon.colcon_core.package_identification[0m [1;30mLevel 1[0m _identify(lerobot/media/hope_jr) by extension 'python'
[1.896s] [34mcolcon.colcon_core.package_identification[0m [1;30mLevel 1[0m _identify(lerobot/media/hope_jr) by extensions ['python_setup_py']
[1.896s] [34mcolcon.colcon_core.package_identification[0m [1;30mLevel 1[0m _identify(lerobot/media/hope_jr) by extension 'python_setup_py'
[1.897s] [34mcolcon.colcon_core.package_identification[0m [1;30mLevel 1[0m _identify(lerobot/media/lekiwi) by extensions ['ignore', 'ignore_ament_install']
[1.897s] [34mcolcon.colcon_core.package_identification[0m [1;30mLevel 1[0m _identify(lerobot/media/lekiwi) by extension 'ignore'
[1.897s] [34mcolcon.colcon_core.package_identification[0m [1;30mLevel 1[0m _identify(lerobot/media/lekiwi) by extension 'ignore_ament_install'
[1.897s] [34mcolcon.colcon_core.package_identification[0m [1;30mLevel 1[0m _identify(lerobot/media/lekiwi) by extensions ['colcon_pkg']
[1.897s] [34mcolcon.colcon_core.package_identification[0m [1;30mLevel 1[0m _identify(lerobot/media/lekiwi) by extension 'colcon_pkg'
[1.897s] [34mcolcon.colcon_core.package_identification[0m [1;30mLevel 1[0m _identify(lerobot/media/lekiwi) by extensions ['colcon_meta']
[1.897s] [34mcolcon.colcon_core.package_identification[0m [1;30mLevel 1[0m _identify(lerobot/media/lekiwi) by extension 'colcon_meta'
[1.897s] [34mcolcon.colcon_core.package_identification[0m [1;30mLevel 1[0m _identify(lerobot/media/lekiwi) by extensions ['ros']
[1.897s] [34mcolcon.colcon_core.package_identification[0m [1;30mLevel 1[0m _identify(lerobot/media/lekiwi) by extension 'ros'
[1.897s] [34mcolcon.colcon_core.package_identification[0m [1;30mLevel 1[0m _identify(lerobot/media/lekiwi) by extensions ['cmake', 'python']
[1.897s] [34mcolcon.colcon_core.package_identification[0m [1;30mLevel 1[0m _identify(lerobot/media/lekiwi) by extension 'cmake'
[1.897s] [34mcolcon.colcon_core.package_identification[0m [1;30mLevel 1[0m _identify(lerobot/media/lekiwi) by extension 'python'
[1.897s] [34mcolcon.colcon_core.package_identification[0m [1;30mLevel 1[0m _identify(lerobot/media/lekiwi) by extensions ['python_setup_py']
[1.897s] [34mcolcon.colcon_core.package_identification[0m [1;30mLevel 1[0m _identify(lerobot/media/lekiwi) by extension 'python_setup_py'
[1.898s] [34mcolcon.colcon_core.package_identification[0m [1;30mLevel 1[0m _identify(lerobot/media/so100) by extensions ['ignore', 'ignore_ament_install']
[1.898s] [34mcolcon.colcon_core.package_identification[0m [1;30mLevel 1[0m _identify(lerobot/media/so100) by extension 'ignore'
[1.899s] [34mcolcon.colcon_core.package_identification[0m [1;30mLevel 1[0m _identify(lerobot/media/so100) by extension 'ignore_ament_install'
[1.899s] [34mcolcon.colcon_core.package_identification[0m [1;30mLevel 1[0m _identify(lerobot/media/so100) by extensions ['colcon_pkg']
[1.899s] [34mcolcon.colcon_core.package_identification[0m [1;30mLevel 1[0m _identify(lerobot/media/so100) by extension 'colcon_pkg'
[1.899s] [34mcolcon.colcon_core.package_identification[0m [1;30mLevel 1[0m _identify(lerobot/media/so100) by extensions ['colcon_meta']
[1.899s] [34mcolcon.colcon_core.package_identification[0m [1;30mLevel 1[0m _identify(lerobot/media/so100) by extension 'colcon_meta'
[1.899s] [34mcolcon.colcon_core.package_identification[0m [1;30mLevel 1[0m _identify(lerobot/media/so100) by extensions ['ros']
[1.899s] [34mcolcon.colcon_core.package_identification[0m [1;30mLevel 1[0m _identify(lerobot/media/so100) by extension 'ros'
[1.899s] [34mcolcon.colcon_core.package_identification[0m [1;30mLevel 1[0m _identify(lerobot/media/so100) by extensions ['cmake', 'python']
[1.899s] [34mcolcon.colcon_core.package_identification[0m [1;30mLevel 1[0m _identify(lerobot/media/so100) by extension 'cmake'
[1.899s] [34mcolcon.colcon_core.package_identification[0m [1;30mLevel 1[0m _identify(lerobot/media/so100) by extension 'python'
[1.899s] [34mcolcon.colcon_core.package_identification[0m [1;30mLevel 1[0m _identify(lerobot/media/so100) by extensions ['python_setup_py']
[1.899s] [34mcolcon.colcon_core.package_identification[0m [1;30mLevel 1[0m _identify(lerobot/media/so100) by extension 'python_setup_py'
[1.900s] [34mcolcon.colcon_core.package_identification[0m [1;30mLevel 1[0m _identify(lerobot/media/so101) by extensions ['ignore', 'ignore_ament_install']
[1.900s] [34mcolcon.colcon_core.package_identification[0m [1;30mLevel 1[0m _identify(lerobot/media/so101) by extension 'ignore'
[1.900s] [34mcolcon.colcon_core.package_identification[0m [1;30mLevel 1[0m _identify(lerobot/media/so101) by extension 'ignore_ament_install'
[1.900s] [34mcolcon.colcon_core.package_identification[0m [1;30mLevel 1[0m _identify(lerobot/media/so101) by extensions ['colcon_pkg']
[1.900s] [34mcolcon.colcon_core.package_identification[0m [1;30mLevel 1[0m _identify(lerobot/media/so101) by extension 'colcon_pkg'
[1.900s] [34mcolcon.colcon_core.package_identification[0m [1;30mLevel 1[0m _identify(lerobot/media/so101) by extensions ['colcon_meta']
[1.900s] [34mcolcon.colcon_core.package_identification[0m [1;30mLevel 1[0m _identify(lerobot/media/so101) by extension 'colcon_meta'
[1.901s] [34mcolcon.colcon_core.package_identification[0m [1;30mLevel 1[0m _identify(lerobot/media/so101) by extensions ['ros']
[1.901s] [34mcolcon.colcon_core.package_identification[0m [1;30mLevel 1[0m _identify(lerobot/media/so101) by extension 'ros'
[1.901s] [34mcolcon.colcon_core.package_identification[0m [1;30mLevel 1[0m _identify(lerobot/media/so101) by extensions ['cmake', 'python']
[1.901s] [34mcolcon.colcon_core.package_identification[0m [1;30mLevel 1[0m _identify(lerobot/media/so101) by extension 'cmake'
[1.901s] [34mcolcon.colcon_core.package_identification[0m [1;30mLevel 1[0m _identify(lerobot/media/so101) by extension 'python'
[1.901s] [34mcolcon.colcon_core.package_identification[0m [1;30mLevel 1[0m _identify(lerobot/media/so101) by extensions ['python_setup_py']
[1.901s] [34mcolcon.colcon_core.package_identification[0m [1;30mLevel 1[0m _identify(lerobot/media/so101) by extension 'python_setup_py'
[1.902s] [34mcolcon.colcon_core.package_identification[0m [1;30mLevel 1[0m _identify(lerobot/src) by extensions ['ignore', 'ignore_ament_install']
[1.902s] [34mcolcon.colcon_core.package_identification[0m [1;30mLevel 1[0m _identify(lerobot/src) by extension 'ignore'
[1.902s] [34mcolcon.colcon_core.package_identification[0m [1;30mLevel 1[0m _identify(lerobot/src) by extension 'ignore_ament_install'
[1.902s] [34mcolcon.colcon_core.package_identification[0m [1;30mLevel 1[0m _identify(lerobot/src) by extensions ['colcon_pkg']
[1.902s] [34mcolcon.colcon_core.package_identification[0m [1;30mLevel 1[0m _identify(lerobot/src) by extension 'colcon_pkg'
[1.902s] [34mcolcon.colcon_core.package_identification[0m [1;30mLevel 1[0m _identify(lerobot/src) by extensions ['colcon_meta']
[1.902s] [34mcolcon.colcon_core.package_identification[0m [1;30mLevel 1[0m _identify(lerobot/src) by extension 'colcon_meta'
[1.902s] [34mcolcon.colcon_core.package_identification[0m [1;30mLevel 1[0m _identify(lerobot/src) by extensions ['ros']
[1.902s] [34mcolcon.colcon_core.package_identification[0m [1;30mLevel 1[0m _identify(lerobot/src) by extension 'ros'
[1.902s] [34mcolcon.colcon_core.package_identification[0m [1;30mLevel 1[0m _identify(lerobot/src) by extensions ['cmake', 'python']
[1.902s] [34mcolcon.colcon_core.package_identification[0m [1;30mLevel 1[0m _identify(lerobot/src) by extension 'cmake'
[1.902s] [34mcolcon.colcon_core.package_identification[0m [1;30mLevel 1[0m _identify(lerobot/src) by extension 'python'
[1.902s] [34mcolcon.colcon_core.package_identification[0m [1;30mLevel 1[0m _identify(lerobot/src) by extensions ['python_setup_py']
[1.902s] [34mcolcon.colcon_core.package_identification[0m [1;30mLevel 1[0m _identify(lerobot/src) by extension 'python_setup_py'
[1.904s] [34mcolcon.colcon_core.package_identification[0m [1;30mLevel 1[0m _identify(lerobot/src/lerobot) by extensions ['ignore', 'ignore_ament_install']
[1.904s] [34mcolcon.colcon_core.package_identification[0m [1;30mLevel 1[0m _identify(lerobot/src/lerobot) by extension 'ignore'
[1.904s] [34mcolcon.colcon_core.package_identification[0m [1;30mLevel 1[0m _identify(lerobot/src/lerobot) by extension 'ignore_ament_install'
[1.904s] [34mcolcon.colcon_core.package_identification[0m [1;30mLevel 1[0m _identify(lerobot/src/lerobot) by extensions ['colcon_pkg']
[1.904s] [34mcolcon.colcon_core.package_identification[0m [1;30mLevel 1[0m _identify(lerobot/src/lerobot) by extension 'colcon_pkg'
[1.904s] [34mcolcon.colcon_core.package_identification[0m [1;30mLevel 1[0m _identify(lerobot/src/lerobot) by extensions ['colcon_meta']
[1.904s] [34mcolcon.colcon_core.package_identification[0m [1;30mLevel 1[0m _identify(lerobot/src/lerobot) by extension 'colcon_meta'
[1.904s] [34mcolcon.colcon_core.package_identification[0m [1;30mLevel 1[0m _identify(lerobot/src/lerobot) by extensions ['ros']
[1.904s] [34mcolcon.colcon_core.package_identification[0m [1;30mLevel 1[0m _identify(lerobot/src/lerobot) by extension 'ros'
[1.904s] [34mcolcon.colcon_core.package_identification[0m [1;30mLevel 1[0m _identify(lerobot/src/lerobot) by extensions ['cmake', 'python']
[1.904s] [34mcolcon.colcon_core.package_identification[0m [1;30mLevel 1[0m _identify(lerobot/src/lerobot) by extension 'cmake'
[1.904s] [34mcolcon.colcon_core.package_identification[0m [1;30mLevel 1[0m _identify(lerobot/src/lerobot) by extension 'python'
[1.904s] [34mcolcon.colcon_core.package_identification[0m [1;30mLevel 1[0m _identify(lerobot/src/lerobot) by extensions ['python_setup_py']
[1.904s] [34mcolcon.colcon_core.package_identification[0m [1;30mLevel 1[0m _identify(lerobot/src/lerobot) by extension 'python_setup_py'
[1.905s] [34mcolcon.colcon_core.package_identification[0m [1;30mLevel 1[0m _identify(lerobot/src/lerobot/__pycache__) by extensions ['ignore', 'ignore_ament_install']
[1.905s] [34mcolcon.colcon_core.package_identification[0m [1;30mLevel 1[0m _identify(lerobot/src/lerobot/__pycache__) by extension 'ignore'
[1.905s] [34mcolcon.colcon_core.package_identification[0m [1;30mLevel 1[0m _identify(lerobot/src/lerobot/__pycache__) by extension 'ignore_ament_install'
[1.905s] [34mcolcon.colcon_core.package_identification[0m [1;30mLevel 1[0m _identify(lerobot/src/lerobot/__pycache__) by extensions ['colcon_pkg']
[1.905s] [34mcolcon.colcon_core.package_identification[0m [1;30mLevel 1[0m _identify(lerobot/src/lerobot/__pycache__) by extension 'colcon_pkg'
[1.906s] [34mcolcon.colcon_core.package_identification[0m [1;30mLevel 1[0m _identify(lerobot/src/lerobot/__pycache__) by extensions ['colcon_meta']
[1.906s] [34mcolcon.colcon_core.package_identification[0m [1;30mLevel 1[0m _identify(lerobot/src/lerobot/__pycache__) by extension 'colcon_meta'
[1.906s] [34mcolcon.colcon_core.package_identification[0m [1;30mLevel 1[0m _identify(lerobot/src/lerobot/__pycache__) by extensions ['ros']
[1.906s] [34mcolcon.colcon_core.package_identification[0m [1;30mLevel 1[0m _identify(lerobot/src/lerobot/__pycache__) by extension 'ros'
[1.906s] [34mcolcon.colcon_core.package_identification[0m [1;30mLevel 1[0m _identify(lerobot/src/lerobot/__pycache__) by extensions ['cmake', 'python']
[1.906s] [34mcolcon.colcon_core.package_identification[0m [1;30mLevel 1[0m _identify(lerobot/src/lerobot/__pycache__) by extension 'cmake'
[1.906s] [34mcolcon.colcon_core.package_identification[0m [1;30mLevel 1[0m _identify(lerobot/src/lerobot/__pycache__) by extension 'python'
[1.906s] [34mcolcon.colcon_core.package_identification[0m [1;30mLevel 1[0m _identify(lerobot/src/lerobot/__pycache__) by extensions ['python_setup_py']
[1.906s] [34mcolcon.colcon_core.package_identification[0m [1;30mLevel 1[0m _identify(lerobot/src/lerobot/__pycache__) by extension 'python_setup_py'
[1.907s] [34mcolcon.colcon_core.package_identification[0m [1;30mLevel 1[0m _identify(lerobot/src/lerobot/async_inference) by extensions ['ignore', 'ignore_ament_install']
[1.907s] [34mcolcon.colcon_core.package_identification[0m [1;30mLevel 1[0m _identify(lerobot/src/lerobot/async_inference) by extension 'ignore'
[1.907s] [34mcolcon.colcon_core.package_identification[0m [1;30mLevel 1[0m _identify(lerobot/src/lerobot/async_inference) by extension 'ignore_ament_install'
[1.907s] [34mcolcon.colcon_core.package_identification[0m [1;30mLevel 1[0m _identify(lerobot/src/lerobot/async_inference) by extensions ['colcon_pkg']
[1.907s] [34mcolcon.colcon_core.package_identification[0m [1;30mLevel 1[0m _identify(lerobot/src/lerobot/async_inference) by extension 'colcon_pkg'
[1.907s] [34mcolcon.colcon_core.package_identification[0m [1;30mLevel 1[0m _identify(lerobot/src/lerobot/async_inference) by extensions ['colcon_meta']
[1.907s] [34mcolcon.colcon_core.package_identification[0m [1;30mLevel 1[0m _identify(lerobot/src/lerobot/async_inference) by extension 'colcon_meta'
[1.907s] [34mcolcon.colcon_core.package_identification[0m [1;30mLevel 1[0m _identify(lerobot/src/lerobot/async_inference) by extensions ['ros']
[1.907s] [34mcolcon.colcon_core.package_identification[0m [1;30mLevel 1[0m _identify(lerobot/src/lerobot/async_inference) by extension 'ros'
[1.907s] [34mcolcon.colcon_core.package_identification[0m [1;30mLevel 1[0m _identify(lerobot/src/lerobot/async_inference) by extensions ['cmake', 'python']
[1.907s] [34mcolcon.colcon_core.package_identification[0m [1;30mLevel 1[0m _identify(lerobot/src/lerobot/async_inference) by extension 'cmake'
[1.907s] [34mcolcon.colcon_core.package_identification[0m [1;30mLevel 1[0m _identify(lerobot/src/lerobot/async_inference) by extension 'python'
[1.907s] [34mcolcon.colcon_core.package_identification[0m [1;30mLevel 1[0m _identify(lerobot/src/lerobot/async_inference) by extensions ['python_setup_py']
[1.907s] [34mcolcon.colcon_core.package_identification[0m [1;30mLevel 1[0m _identify(lerobot/src/lerobot/async_inference) by extension 'python_setup_py'
[1.908s] [34mcolcon.colcon_core.package_identification[0m [1;30mLevel 1[0m _identify(lerobot/src/lerobot/cameras) by extensions ['ignore', 'ignore_ament_install']
[1.908s] [34mcolcon.colcon_core.package_identification[0m [1;30mLevel 1[0m _identify(lerobot/src/lerobot/cameras) by extension 'ignore'
[1.909s] [34mcolcon.colcon_core.package_identification[0m [1;30mLevel 1[0m _identify(lerobot/src/lerobot/cameras) by extension 'ignore_ament_install'
[1.909s] [34mcolcon.colcon_core.package_identification[0m [1;30mLevel 1[0m _identify(lerobot/src/lerobot/cameras) by extensions ['colcon_pkg']
[1.909s] [34mcolcon.colcon_core.package_identification[0m [1;30mLevel 1[0m _identify(lerobot/src/lerobot/cameras) by extension 'colcon_pkg'
[1.909s] [34mcolcon.colcon_core.package_identification[0m [1;30mLevel 1[0m _identify(lerobot/src/lerobot/cameras) by extensions ['colcon_meta']
[1.909s] [34mcolcon.colcon_core.package_identification[0m [1;30mLevel 1[0m _identify(lerobot/src/lerobot/cameras) by extension 'colcon_meta'
[1.909s] [34mcolcon.colcon_core.package_identification[0m [1;30mLevel 1[0m _identify(lerobot/src/lerobot/cameras) by extensions ['ros']
[1.909s] [34mcolcon.colcon_core.package_identification[0m [1;30mLevel 1[0m _identify(lerobot/src/lerobot/cameras) by extension 'ros'
[1.909s] [34mcolcon.colcon_core.package_identification[0m [1;30mLevel 1[0m _identify(lerobot/src/lerobot/cameras) by extensions ['cmake', 'python']
[1.909s] [34mcolcon.colcon_core.package_identification[0m [1;30mLevel 1[0m _identify(lerobot/src/lerobot/cameras) by extension 'cmake'
[1.909s] [34mcolcon.colcon_core.package_identification[0m [1;30mLevel 1[0m _identify(lerobot/src/lerobot/cameras) by extension 'python'
[1.909s] [34mcolcon.colcon_core.package_identification[0m [1;30mLevel 1[0m _identify(lerobot/src/lerobot/cameras) by extensions ['python_setup_py']
[1.909s] [34mcolcon.colcon_core.package_identification[0m [1;30mLevel 1[0m _identify(lerobot/src/lerobot/cameras) by extension 'python_setup_py'
[1.910s] [34mcolcon.colcon_core.package_identification[0m [1;30mLevel 1[0m _identify(lerobot/src/lerobot/cameras/__pycache__) by extensions ['ignore', 'ignore_ament_install']
[1.910s] [34mcolcon.colcon_core.package_identification[0m [1;30mLevel 1[0m _identify(lerobot/src/lerobot/cameras/__pycache__) by extension 'ignore'
[1.910s] [34mcolcon.colcon_core.package_identification[0m [1;30mLevel 1[0m _identify(lerobot/src/lerobot/cameras/__pycache__) by extension 'ignore_ament_install'
[1.911s] [34mcolcon.colcon_core.package_identification[0m [1;30mLevel 1[0m _identify(lerobot/src/lerobot/cameras/__pycache__) by extensions ['colcon_pkg']
[1.911s] [34mcolcon.colcon_core.package_identification[0m [1;30mLevel 1[0m _identify(lerobot/src/lerobot/cameras/__pycache__) by extension 'colcon_pkg'
[1.911s] [34mcolcon.colcon_core.package_identification[0m [1;30mLevel 1[0m _identify(lerobot/src/lerobot/cameras/__pycache__) by extensions ['colcon_meta']
[1.911s] [34mcolcon.colcon_core.package_identification[0m [1;30mLevel 1[0m _identify(lerobot/src/lerobot/cameras/__pycache__) by extension 'colcon_meta'
[1.911s] [34mcolcon.colcon_core.package_identification[0m [1;30mLevel 1[0m _identify(lerobot/src/lerobot/cameras/__pycache__) by extensions ['ros']
[1.911s] [34mcolcon.colcon_core.package_identification[0m [1;30mLevel 1[0m _identify(lerobot/src/lerobot/cameras/__pycache__) by extension 'ros'
[1.911s] [34mcolcon.colcon_core.package_identification[0m [1;30mLevel 1[0m _identify(lerobot/src/lerobot/cameras/__pycache__) by extensions ['cmake', 'python']
[1.911s] [34mcolcon.colcon_core.package_identification[0m [1;30mLevel 1[0m _identify(lerobot/src/lerobot/cameras/__pycache__) by extension 'cmake'
[1.911s] [34mcolcon.colcon_core.package_identification[0m [1;30mLevel 1[0m _identify(lerobot/src/lerobot/cameras/__pycache__) by extension 'python'
[1.911s] [34mcolcon.colcon_core.package_identification[0m [1;30mLevel 1[0m _identify(lerobot/src/lerobot/cameras/__pycache__) by extensions ['python_setup_py']
[1.911s] [34mcolcon.colcon_core.package_identification[0m [1;30mLevel 1[0m _identify(lerobot/src/lerobot/cameras/__pycache__) by extension 'python_setup_py'
[1.912s] [34mcolcon.colcon_core.package_identification[0m [1;30mLevel 1[0m _identify(lerobot/src/lerobot/cameras/opencv) by extensions ['ignore', 'ignore_ament_install']
[1.912s] [34mcolcon.colcon_core.package_identification[0m [1;30mLevel 1[0m _identify(lerobot/src/lerobot/cameras/opencv) by extension 'ignore'
[1.912s] [34mcolcon.colcon_core.package_identification[0m [1;30mLevel 1[0m _identify(lerobot/src/lerobot/cameras/opencv) by extension 'ignore_ament_install'
[1.912s] [34mcolcon.colcon_core.package_identification[0m [1;30mLevel 1[0m _identify(lerobot/src/lerobot/cameras/opencv) by extensions ['colcon_pkg']
[1.912s] [34mcolcon.colcon_core.package_identification[0m [1;30mLevel 1[0m _identify(lerobot/src/lerobot/cameras/opencv) by extension 'colcon_pkg'
[1.912s] [34mcolcon.colcon_core.package_identification[0m [1;30mLevel 1[0m _identify(lerobot/src/lerobot/cameras/opencv) by extensions ['colcon_meta']
[1.912s] [34mcolcon.colcon_core.package_identification[0m [1;30mLevel 1[0m _identify(lerobot/src/lerobot/cameras/opencv) by extension 'colcon_meta'
[1.912s] [34mcolcon.colcon_core.package_identification[0m [1;30mLevel 1[0m _identify(lerobot/src/lerobot/cameras/opencv) by extensions ['ros']
[1.912s] [34mcolcon.colcon_core.package_identification[0m [1;30mLevel 1[0m _identify(lerobot/src/lerobot/cameras/opencv) by extension 'ros'
[1.913s] [34mcolcon.colcon_core.package_identification[0m [1;30mLevel 1[0m _identify(lerobot/src/lerobot/cameras/opencv) by extensions ['cmake', 'python']
[1.913s] [34mcolcon.colcon_core.package_identification[0m [1;30mLevel 1[0m _identify(lerobot/src/lerobot/cameras/opencv) by extension 'cmake'
[1.913s] [34mcolcon.colcon_core.package_identification[0m [1;30mLevel 1[0m _identify(lerobot/src/lerobot/cameras/opencv) by extension 'python'
[1.913s] [34mcolcon.colcon_core.package_identification[0m [1;30mLevel 1[0m _identify(lerobot/src/lerobot/cameras/opencv) by extensions ['python_setup_py']
[1.913s] [34mcolcon.colcon_core.package_identification[0m [1;30mLevel 1[0m _identify(lerobot/src/lerobot/cameras/opencv) by extension 'python_setup_py'
[1.914s] [34mcolcon.colcon_core.package_identification[0m [1;30mLevel 1[0m _identify(lerobot/src/lerobot/cameras/opencv/__pycache__) by extensions ['ignore', 'ignore_ament_install']
[1.914s] [34mcolcon.colcon_core.package_identification[0m [1;30mLevel 1[0m _identify(lerobot/src/lerobot/cameras/opencv/__pycache__) by extension 'ignore'
[1.914s] [34mcolcon.colcon_core.package_identification[0m [1;30mLevel 1[0m _identify(lerobot/src/lerobot/cameras/opencv/__pycache__) by extension 'ignore_ament_install'
[1.914s] [34mcolcon.colcon_core.package_identification[0m [1;30mLevel 1[0m _identify(lerobot/src/lerobot/cameras/opencv/__pycache__) by extensions ['colcon_pkg']
[1.914s] [34mcolcon.colcon_core.package_identification[0m [1;30mLevel 1[0m _identify(lerobot/src/lerobot/cameras/opencv/__pycache__) by extension 'colcon_pkg'
[1.914s] [34mcolcon.colcon_core.package_identification[0m [1;30mLevel 1[0m _identify(lerobot/src/lerobot/cameras/opencv/__pycache__) by extensions ['colcon_meta']
[1.914s] [34mcolcon.colcon_core.package_identification[0m [1;30mLevel 1[0m _identify(lerobot/src/lerobot/cameras/opencv/__pycache__) by extension 'colcon_meta'
[1.914s] [34mcolcon.colcon_core.package_identification[0m [1;30mLevel 1[0m _identify(lerobot/src/lerobot/cameras/opencv/__pycache__) by extensions ['ros']
[1.914s] [34mcolcon.colcon_core.package_identification[0m [1;30mLevel 1[0m _identify(lerobot/src/lerobot/cameras/opencv/__pycache__) by extension 'ros'
[1.914s] [34mcolcon.colcon_core.package_identification[0m [1;30mLevel 1[0m _identify(lerobot/src/lerobot/cameras/opencv/__pycache__) by extensions ['cmake', 'python']
[1.914s] [34mcolcon.colcon_core.package_identification[0m [1;30mLevel 1[0m _identify(lerobot/src/lerobot/cameras/opencv/__pycache__) by extension 'cmake'
[1.914s] [34mcolcon.colcon_core.package_identification[0m [1;30mLevel 1[0m _identify(lerobot/src/lerobot/cameras/opencv/__pycache__) by extension 'python'
[1.914s] [34mcolcon.colcon_core.package_identification[0m [1;30mLevel 1[0m _identify(lerobot/src/lerobot/cameras/opencv/__pycache__) by extensions ['python_setup_py']
[1.914s] [34mcolcon.colcon_core.package_identification[0m [1;30mLevel 1[0m _identify(lerobot/src/lerobot/cameras/opencv/__pycache__) by extension 'python_setup_py'
[1.915s] [34mcolcon.colcon_core.package_identification[0m [1;30mLevel 1[0m _identify(lerobot/src/lerobot/cameras/reachy2_camera) by extensions ['ignore', 'ignore_ament_install']
[1.915s] [34mcolcon.colcon_core.package_identification[0m [1;30mLevel 1[0m _identify(lerobot/src/lerobot/cameras/reachy2_camera) by extension 'ignore'
[1.916s] [34mcolcon.colcon_core.package_identification[0m [1;30mLevel 1[0m _identify(lerobot/src/lerobot/cameras/reachy2_camera) by extension 'ignore_ament_install'
[1.916s] [34mcolcon.colcon_core.package_identification[0m [1;30mLevel 1[0m _identify(lerobot/src/lerobot/cameras/reachy2_camera) by extensions ['colcon_pkg']
[1.916s] [34mcolcon.colcon_core.package_identification[0m [1;30mLevel 1[0m _identify(lerobot/src/lerobot/cameras/reachy2_camera) by extension 'colcon_pkg'
[1.916s] [34mcolcon.colcon_core.package_identification[0m [1;30mLevel 1[0m _identify(lerobot/src/lerobot/cameras/reachy2_camera) by extensions ['colcon_meta']
[1.916s] [34mcolcon.colcon_core.package_identification[0m [1;30mLevel 1[0m _identify(lerobot/src/lerobot/cameras/reachy2_camera) by extension 'colcon_meta'
[1.916s] [34mcolcon.colcon_core.package_identification[0m [1;30mLevel 1[0m _identify(lerobot/src/lerobot/cameras/reachy2_camera) by extensions ['ros']
[1.916s] [34mcolcon.colcon_core.package_identification[0m [1;30mLevel 1[0m _identify(lerobot/src/lerobot/cameras/reachy2_camera) by extension 'ros'
[1.916s] [34mcolcon.colcon_core.package_identification[0m [1;30mLevel 1[0m _identify(lerobot/src/lerobot/cameras/reachy2_camera) by extensions ['cmake', 'python']
[1.916s] [34mcolcon.colcon_core.package_identification[0m [1;30mLevel 1[0m _identify(lerobot/src/lerobot/cameras/reachy2_camera) by extension 'cmake'
[1.916s] [34mcolcon.colcon_core.package_identification[0m [1;30mLevel 1[0m _identify(lerobot/src/lerobot/cameras/reachy2_camera) by extension 'python'
[1.916s] [34mcolcon.colcon_core.package_identification[0m [1;30mLevel 1[0m _identify(lerobot/src/lerobot/cameras/reachy2_camera) by extensions ['python_setup_py']
[1.916s] [34mcolcon.colcon_core.package_identification[0m [1;30mLevel 1[0m _identify(lerobot/src/lerobot/cameras/reachy2_camera) by extension 'python_setup_py'
[1.917s] [34mcolcon.colcon_core.package_identification[0m [1;30mLevel 1[0m _identify(lerobot/src/lerobot/cameras/realsense) by extensions ['ignore', 'ignore_ament_install']
[1.917s] [34mcolcon.colcon_core.package_identification[0m [1;30mLevel 1[0m _identify(lerobot/src/lerobot/cameras/realsense) by extension 'ignore'
[1.917s] [34mcolcon.colcon_core.package_identification[0m [1;30mLevel 1[0m _identify(lerobot/src/lerobot/cameras/realsense) by extension 'ignore_ament_install'
[1.917s] [34mcolcon.colcon_core.package_identification[0m [1;30mLevel 1[0m _identify(lerobot/src/lerobot/cameras/realsense) by extensions ['colcon_pkg']
[1.917s] [34mcolcon.colcon_core.package_identification[0m [1;30mLevel 1[0m _identify(lerobot/src/lerobot/cameras/realsense) by extension 'colcon_pkg'
[1.917s] [34mcolcon.colcon_core.package_identification[0m [1;30mLevel 1[0m _identify(lerobot/src/lerobot/cameras/realsense) by extensions ['colcon_meta']
[1.917s] [34mcolcon.colcon_core.package_identification[0m [1;30mLevel 1[0m _identify(lerobot/src/lerobot/cameras/realsense) by extension 'colcon_meta'
[1.917s] [34mcolcon.colcon_core.package_identification[0m [1;30mLevel 1[0m _identify(lerobot/src/lerobot/cameras/realsense) by extensions ['ros']
[1.917s] [34mcolcon.colcon_core.package_identification[0m [1;30mLevel 1[0m _identify(lerobot/src/lerobot/cameras/realsense) by extension 'ros'
[1.917s] [34mcolcon.colcon_core.package_identification[0m [1;30mLevel 1[0m _identify(lerobot/src/lerobot/cameras/realsense) by extensions ['cmake', 'python']
[1.917s] [34mcolcon.colcon_core.package_identification[0m [1;30mLevel 1[0m _identify(lerobot/src/lerobot/cameras/realsense) by extension 'cmake'
[1.918s] [34mcolcon.colcon_core.package_identification[0m [1;30mLevel 1[0m _identify(lerobot/src/lerobot/cameras/realsense) by extension 'python'
[1.918s] [34mcolcon.colcon_core.package_identification[0m [1;30mLevel 1[0m _identify(lerobot/src/lerobot/cameras/realsense) by extensions ['python_setup_py']
[1.918s] [34mcolcon.colcon_core.package_identification[0m [1;30mLevel 1[0m _identify(lerobot/src/lerobot/cameras/realsense) by extension 'python_setup_py'
[1.919s] [34mcolcon.colcon_core.package_identification[0m [1;30mLevel 1[0m _identify(lerobot/src/lerobot/cameras/realsense/__pycache__) by extensions ['ignore', 'ignore_ament_install']
[1.919s] [34mcolcon.colcon_core.package_identification[0m [1;30mLevel 1[0m _identify(lerobot/src/lerobot/cameras/realsense/__pycache__) by extension 'ignore'
[1.919s] [34mcolcon.colcon_core.package_identification[0m [1;30mLevel 1[0m _identify(lerobot/src/lerobot/cameras/realsense/__pycache__) by extension 'ignore_ament_install'
[1.919s] [34mcolcon.colcon_core.package_identification[0m [1;30mLevel 1[0m _identify(lerobot/src/lerobot/cameras/realsense/__pycache__) by extensions ['colcon_pkg']
[1.919s] [34mcolcon.colcon_core.package_identification[0m [1;30mLevel 1[0m _identify(lerobot/src/lerobot/cameras/realsense/__pycache__) by extension 'colcon_pkg'
[1.919s] [34mcolcon.colcon_core.package_identification[0m [1;30mLevel 1[0m _identify(lerobot/src/lerobot/cameras/realsense/__pycache__) by extensions ['colcon_meta']
[1.919s] [34mcolcon.colcon_core.package_identification[0m [1;30mLevel 1[0m _identify(lerobot/src/lerobot/cameras/realsense/__pycache__) by extension 'colcon_meta'
[1.919s] [34mcolcon.colcon_core.package_identification[0m [1;30mLevel 1[0m _identify(lerobot/src/lerobot/cameras/realsense/__pycache__) by extensions ['ros']
[1.919s] [34mcolcon.colcon_core.package_identification[0m [1;30mLevel 1[0m _identify(lerobot/src/lerobot/cameras/realsense/__pycache__) by extension 'ros'
[1.919s] [34mcolcon.colcon_core.package_identification[0m [1;30mLevel 1[0m _identify(lerobot/src/lerobot/cameras/realsense/__pycache__) by extensions ['cmake', 'python']
[1.919s] [34mcolcon.colcon_core.package_identification[0m [1;30mLevel 1[0m _identify(lerobot/src/lerobot/cameras/realsense/__pycache__) by extension 'cmake'
[1.919s] [34mcolcon.colcon_core.package_identification[0m [1;30mLevel 1[0m _identify(lerobot/src/lerobot/cameras/realsense/__pycache__) by extension 'python'
[1.919s] [34mcolcon.colcon_core.package_identification[0m [1;30mLevel 1[0m _identify(lerobot/src/lerobot/cameras/realsense/__pycache__) by extensions ['python_setup_py']
[1.919s] [34mcolcon.colcon_core.package_identification[0m [1;30mLevel 1[0m _identify(lerobot/src/lerobot/cameras/realsense/__pycache__) by extension 'python_setup_py'
[1.920s] [34mcolcon.colcon_core.package_identification[0m [1;30mLevel 1[0m _identify(lerobot/src/lerobot/configs) by extensions ['ignore', 'ignore_ament_install']
[1.920s] [34mcolcon.colcon_core.package_identification[0m [1;30mLevel 1[0m _identify(lerobot/src/lerobot/configs) by extension 'ignore'
[1.921s] [34mcolcon.colcon_core.package_identification[0m [1;30mLevel 1[0m _identify(lerobot/src/lerobot/configs) by extension 'ignore_ament_install'
[1.921s] [34mcolcon.colcon_core.package_identification[0m [1;30mLevel 1[0m _identify(lerobot/src/lerobot/configs) by extensions ['colcon_pkg']
[1.921s] [34mcolcon.colcon_core.package_identification[0m [1;30mLevel 1[0m _identify(lerobot/src/lerobot/configs) by extension 'colcon_pkg'
[1.921s] [34mcolcon.colcon_core.package_identification[0m [1;30mLevel 1[0m _identify(lerobot/src/lerobot/configs) by extensions ['colcon_meta']
[1.921s] [34mcolcon.colcon_core.package_identification[0m [1;30mLevel 1[0m _identify(lerobot/src/lerobot/configs) by extension 'colcon_meta'
[1.921s] [34mcolcon.colcon_core.package_identification[0m [1;30mLevel 1[0m _identify(lerobot/src/lerobot/configs) by extensions ['ros']
[1.921s] [34mcolcon.colcon_core.package_identification[0m [1;30mLevel 1[0m _identify(lerobot/src/lerobot/configs) by extension 'ros'
[1.921s] [34mcolcon.colcon_core.package_identification[0m [1;30mLevel 1[0m _identify(lerobot/src/lerobot/configs) by extensions ['cmake', 'python']
[1.921s] [34mcolcon.colcon_core.package_identification[0m [1;30mLevel 1[0m _identify(lerobot/src/lerobot/configs) by extension 'cmake'
[1.921s] [34mcolcon.colcon_core.package_identification[0m [1;30mLevel 1[0m _identify(lerobot/src/lerobot/configs) by extension 'python'
[1.921s] [34mcolcon.colcon_core.package_identification[0m [1;30mLevel 1[0m _identify(lerobot/src/lerobot/configs) by extensions ['python_setup_py']
[1.921s] [34mcolcon.colcon_core.package_identification[0m [1;30mLevel 1[0m _identify(lerobot/src/lerobot/configs) by extension 'python_setup_py'
[1.922s] [34mcolcon.colcon_core.package_identification[0m [1;30mLevel 1[0m _identify(lerobot/src/lerobot/datasets) by extensions ['ignore', 'ignore_ament_install']
[1.922s] [34mcolcon.colcon_core.package_identification[0m [1;30mLevel 1[0m _identify(lerobot/src/lerobot/datasets) by extension 'ignore'
[1.922s] [34mcolcon.colcon_core.package_identification[0m [1;30mLevel 1[0m _identify(lerobot/src/lerobot/datasets) by extension 'ignore_ament_install'
[1.922s] [34mcolcon.colcon_core.package_identification[0m [1;30mLevel 1[0m _identify(lerobot/src/lerobot/datasets) by extensions ['colcon_pkg']
[1.922s] [34mcolcon.colcon_core.package_identification[0m [1;30mLevel 1[0m _identify(lerobot/src/lerobot/datasets) by extension 'colcon_pkg'
[1.922s] [34mcolcon.colcon_core.package_identification[0m [1;30mLevel 1[0m _identify(lerobot/src/lerobot/datasets) by extensions ['colcon_meta']
[1.922s] [34mcolcon.colcon_core.package_identification[0m [1;30mLevel 1[0m _identify(lerobot/src/lerobot/datasets) by extension 'colcon_meta'
[1.922s] [34mcolcon.colcon_core.package_identification[0m [1;30mLevel 1[0m _identify(lerobot/src/lerobot/datasets) by extensions ['ros']
[1.922s] [34mcolcon.colcon_core.package_identification[0m [1;30mLevel 1[0m _identify(lerobot/src/lerobot/datasets) by extension 'ros'
[1.922s] [34mcolcon.colcon_core.package_identification[0m [1;30mLevel 1[0m _identify(lerobot/src/lerobot/datasets) by extensions ['cmake', 'python']
[1.922s] [34mcolcon.colcon_core.package_identification[0m [1;30mLevel 1[0m _identify(lerobot/src/lerobot/datasets) by extension 'cmake'
[1.922s] [34mcolcon.colcon_core.package_identification[0m [1;30mLevel 1[0m _identify(lerobot/src/lerobot/datasets) by extension 'python'
[1.923s] [34mcolcon.colcon_core.package_identification[0m [1;30mLevel 1[0m _identify(lerobot/src/lerobot/datasets) by extensions ['python_setup_py']
[1.923s] [34mcolcon.colcon_core.package_identification[0m [1;30mLevel 1[0m _identify(lerobot/src/lerobot/datasets) by extension 'python_setup_py'
[1.924s] [34mcolcon.colcon_core.package_identification[0m [1;30mLevel 1[0m _identify(lerobot/src/lerobot/datasets/push_dataset_to_hub) by extensions ['ignore', 'ignore_ament_install']
[1.924s] [34mcolcon.colcon_core.package_identification[0m [1;30mLevel 1[0m _identify(lerobot/src/lerobot/datasets/push_dataset_to_hub) by extension 'ignore'
[1.924s] [34mcolcon.colcon_core.package_identification[0m [1;30mLevel 1[0m _identify(lerobot/src/lerobot/datasets/push_dataset_to_hub) by extension 'ignore_ament_install'
[1.924s] [34mcolcon.colcon_core.package_identification[0m [1;30mLevel 1[0m _identify(lerobot/src/lerobot/datasets/push_dataset_to_hub) by extensions ['colcon_pkg']
[1.924s] [34mcolcon.colcon_core.package_identification[0m [1;30mLevel 1[0m _identify(lerobot/src/lerobot/datasets/push_dataset_to_hub) by extension 'colcon_pkg'
[1.924s] [34mcolcon.colcon_core.package_identification[0m [1;30mLevel 1[0m _identify(lerobot/src/lerobot/datasets/push_dataset_to_hub) by extensions ['colcon_meta']
[1.924s] [34mcolcon.colcon_core.package_identification[0m [1;30mLevel 1[0m _identify(lerobot/src/lerobot/datasets/push_dataset_to_hub) by extension 'colcon_meta'
[1.924s] [34mcolcon.colcon_core.package_identification[0m [1;30mLevel 1[0m _identify(lerobot/src/lerobot/datasets/push_dataset_to_hub) by extensions ['ros']
[1.924s] [34mcolcon.colcon_core.package_identification[0m [1;30mLevel 1[0m _identify(lerobot/src/lerobot/datasets/push_dataset_to_hub) by extension 'ros'
[1.924s] [34mcolcon.colcon_core.package_identification[0m [1;30mLevel 1[0m _identify(lerobot/src/lerobot/datasets/push_dataset_to_hub) by extensions ['cmake', 'python']
[1.924s] [34mcolcon.colcon_core.package_identification[0m [1;30mLevel 1[0m _identify(lerobot/src/lerobot/datasets/push_dataset_to_hub) by extension 'cmake'
[1.924s] [34mcolcon.colcon_core.package_identification[0m [1;30mLevel 1[0m _identify(lerobot/src/lerobot/datasets/push_dataset_to_hub) by extension 'python'
[1.924s] [34mcolcon.colcon_core.package_identification[0m [1;30mLevel 1[0m _identify(lerobot/src/lerobot/datasets/push_dataset_to_hub) by extensions ['python_setup_py']
[1.924s] [34mcolcon.colcon_core.package_identification[0m [1;30mLevel 1[0m _identify(lerobot/src/lerobot/datasets/push_dataset_to_hub) by extension 'python_setup_py'
[1.925s] [34mcolcon.colcon_core.package_identification[0m [1;30mLevel 1[0m _identify(lerobot/src/lerobot/datasets/v30) by extensions ['ignore', 'ignore_ament_install']
[1.925s] [34mcolcon.colcon_core.package_identification[0m [1;30mLevel 1[0m _identify(lerobot/src/lerobot/datasets/v30) by extension 'ignore'
[1.926s] [34mcolcon.colcon_core.package_identification[0m [1;30mLevel 1[0m _identify(lerobot/src/lerobot/datasets/v30) by extension 'ignore_ament_install'
[1.926s] [34mcolcon.colcon_core.package_identification[0m [1;30mLevel 1[0m _identify(lerobot/src/lerobot/datasets/v30) by extensions ['colcon_pkg']
[1.926s] [34mcolcon.colcon_core.package_identification[0m [1;30mLevel 1[0m _identify(lerobot/src/lerobot/datasets/v30) by extension 'colcon_pkg'
[1.926s] [34mcolcon.colcon_core.package_identification[0m [1;30mLevel 1[0m _identify(lerobot/src/lerobot/datasets/v30) by extensions ['colcon_meta']
[1.926s] [34mcolcon.colcon_core.package_identification[0m [1;30mLevel 1[0m _identify(lerobot/src/lerobot/datasets/v30) by extension 'colcon_meta'
[1.926s] [34mcolcon.colcon_core.package_identification[0m [1;30mLevel 1[0m _identify(lerobot/src/lerobot/datasets/v30) by extensions ['ros']
[1.926s] [34mcolcon.colcon_core.package_identification[0m [1;30mLevel 1[0m _identify(lerobot/src/lerobot/datasets/v30) by extension 'ros'
[1.926s] [34mcolcon.colcon_core.package_identification[0m [1;30mLevel 1[0m _identify(lerobot/src/lerobot/datasets/v30) by extensions ['cmake', 'python']
[1.926s] [34mcolcon.colcon_core.package_identification[0m [1;30mLevel 1[0m _identify(lerobot/src/lerobot/datasets/v30) by extension 'cmake'
[1.926s] [34mcolcon.colcon_core.package_identification[0m [1;30mLevel 1[0m _identify(lerobot/src/lerobot/datasets/v30) by extension 'python'
[1.926s] [34mcolcon.colcon_core.package_identification[0m [1;30mLevel 1[0m _identify(lerobot/src/lerobot/datasets/v30) by extensions ['python_setup_py']
[1.926s] [34mcolcon.colcon_core.package_identification[0m [1;30mLevel 1[0m _identify(lerobot/src/lerobot/datasets/v30) by extension 'python_setup_py'
[1.927s] [34mcolcon.colcon_core.package_identification[0m [1;30mLevel 1[0m _identify(lerobot/src/lerobot/envs) by extensions ['ignore', 'ignore_ament_install']
[1.927s] [34mcolcon.colcon_core.package_identification[0m [1;30mLevel 1[0m _identify(lerobot/src/lerobot/envs) by extension 'ignore'
[1.927s] [34mcolcon.colcon_core.package_identification[0m [1;30mLevel 1[0m _identify(lerobot/src/lerobot/envs) by extension 'ignore_ament_install'
[1.927s] [34mcolcon.colcon_core.package_identification[0m [1;30mLevel 1[0m _identify(lerobot/src/lerobot/envs) by extensions ['colcon_pkg']
[1.927s] [34mcolcon.colcon_core.package_identification[0m [1;30mLevel 1[0m _identify(lerobot/src/lerobot/envs) by extension 'colcon_pkg'
[1.927s] [34mcolcon.colcon_core.package_identification[0m [1;30mLevel 1[0m _identify(lerobot/src/lerobot/envs) by extensions ['colcon_meta']
[1.927s] [34mcolcon.colcon_core.package_identification[0m [1;30mLevel 1[0m _identify(lerobot/src/lerobot/envs) by extension 'colcon_meta'
[1.927s] [34mcolcon.colcon_core.package_identification[0m [1;30mLevel 1[0m _identify(lerobot/src/lerobot/envs) by extensions ['ros']
[1.927s] [34mcolcon.colcon_core.package_identification[0m [1;30mLevel 1[0m _identify(lerobot/src/lerobot/envs) by extension 'ros'
[1.927s] [34mcolcon.colcon_core.package_identification[0m [1;30mLevel 1[0m _identify(lerobot/src/lerobot/envs) by extensions ['cmake', 'python']
[1.927s] [34mcolcon.colcon_core.package_identification[0m [1;30mLevel 1[0m _identify(lerobot/src/lerobot/envs) by extension 'cmake'
[1.927s] [34mcolcon.colcon_core.package_identification[0m [1;30mLevel 1[0m _identify(lerobot/src/lerobot/envs) by extension 'python'
[1.928s] [34mcolcon.colcon_core.package_identification[0m [1;30mLevel 1[0m _identify(lerobot/src/lerobot/envs) by extensions ['python_setup_py']
[1.928s] [34mcolcon.colcon_core.package_identification[0m [1;30mLevel 1[0m _identify(lerobot/src/lerobot/envs) by extension 'python_setup_py'
[1.928s] [34mcolcon.colcon_core.package_identification[0m [1;30mLevel 1[0m _identify(lerobot/src/lerobot/model) by extensions ['ignore', 'ignore_ament_install']
[1.929s] [34mcolcon.colcon_core.package_identification[0m [1;30mLevel 1[0m _identify(lerobot/src/lerobot/model) by extension 'ignore'
[1.929s] [34mcolcon.colcon_core.package_identification[0m [1;30mLevel 1[0m _identify(lerobot/src/lerobot/model) by extension 'ignore_ament_install'
[1.929s] [34mcolcon.colcon_core.package_identification[0m [1;30mLevel 1[0m _identify(lerobot/src/lerobot/model) by extensions ['colcon_pkg']
[1.929s] [34mcolcon.colcon_core.package_identification[0m [1;30mLevel 1[0m _identify(lerobot/src/lerobot/model) by extension 'colcon_pkg'
[1.929s] [34mcolcon.colcon_core.package_identification[0m [1;30mLevel 1[0m _identify(lerobot/src/lerobot/model) by extensions ['colcon_meta']
[1.929s] [34mcolcon.colcon_core.package_identification[0m [1;30mLevel 1[0m _identify(lerobot/src/lerobot/model) by extension 'colcon_meta'
[1.929s] [34mcolcon.colcon_core.package_identification[0m [1;30mLevel 1[0m _identify(lerobot/src/lerobot/model) by extensions ['ros']
[1.929s] [34mcolcon.colcon_core.package_identification[0m [1;30mLevel 1[0m _identify(lerobot/src/lerobot/model) by extension 'ros'
[1.929s] [34mcolcon.colcon_core.package_identification[0m [1;30mLevel 1[0m _identify(lerobot/src/lerobot/model) by extensions ['cmake', 'python']
[1.929s] [34mcolcon.colcon_core.package_identification[0m [1;30mLevel 1[0m _identify(lerobot/src/lerobot/model) by extension 'cmake'
[1.929s] [34mcolcon.colcon_core.package_identification[0m [1;30mLevel 1[0m _identify(lerobot/src/lerobot/model) by extension 'python'
[1.929s] [34mcolcon.colcon_core.package_identification[0m [1;30mLevel 1[0m _identify(lerobot/src/lerobot/model) by extensions ['python_setup_py']
[1.929s] [34mcolcon.colcon_core.package_identification[0m [1;30mLevel 1[0m _identify(lerobot/src/lerobot/model) by extension 'python_setup_py'
[1.930s] [34mcolcon.colcon_core.package_identification[0m [1;30mLevel 1[0m _identify(lerobot/src/lerobot/motors) by extensions ['ignore', 'ignore_ament_install']
[1.930s] [34mcolcon.colcon_core.package_identification[0m [1;30mLevel 1[0m _identify(lerobot/src/lerobot/motors) by extension 'ignore'
[1.930s] [34mcolcon.colcon_core.package_identification[0m [1;30mLevel 1[0m _identify(lerobot/src/lerobot/motors) by extension 'ignore_ament_install'
[1.930s] [34mcolcon.colcon_core.package_identification[0m [1;30mLevel 1[0m _identify(lerobot/src/lerobot/motors) by extensions ['colcon_pkg']
[1.930s] [34mcolcon.colcon_core.package_identification[0m [1;30mLevel 1[0m _identify(lerobot/src/lerobot/motors) by extension 'colcon_pkg'
[1.931s] [34mcolcon.colcon_core.package_identification[0m [1;30mLevel 1[0m _identify(lerobot/src/lerobot/motors) by extensions ['colcon_meta']
[1.931s] [34mcolcon.colcon_core.package_identification[0m [1;30mLevel 1[0m _identify(lerobot/src/lerobot/motors) by extension 'colcon_meta'
[1.931s] [34mcolcon.colcon_core.package_identification[0m [1;30mLevel 1[0m _identify(lerobot/src/lerobot/motors) by extensions ['ros']
[1.931s] [34mcolcon.colcon_core.package_identification[0m [1;30mLevel 1[0m _identify(lerobot/src/lerobot/motors) by extension 'ros'
[1.931s] [34mcolcon.colcon_core.package_identification[0m [1;30mLevel 1[0m _identify(lerobot/src/lerobot/motors) by extensions ['cmake', 'python']
[1.931s] [34mcolcon.colcon_core.package_identification[0m [1;30mLevel 1[0m _identify(lerobot/src/lerobot/motors) by extension 'cmake'
[1.931s] [34mcolcon.colcon_core.package_identification[0m [1;30mLevel 1[0m _identify(lerobot/src/lerobot/motors) by extension 'python'
[1.931s] [34mcolcon.colcon_core.package_identification[0m [1;30mLevel 1[0m _identify(lerobot/src/lerobot/motors) by extensions ['python_setup_py']
[1.931s] [34mcolcon.colcon_core.package_identification[0m [1;30mLevel 1[0m _identify(lerobot/src/lerobot/motors) by extension 'python_setup_py'
[1.932s] [34mcolcon.colcon_core.package_identification[0m [1;30mLevel 1[0m _identify(lerobot/src/lerobot/motors/__pycache__) by extensions ['ignore', 'ignore_ament_install']
[1.932s] [34mcolcon.colcon_core.package_identification[0m [1;30mLevel 1[0m _identify(lerobot/src/lerobot/motors/__pycache__) by extension 'ignore'
[1.932s] [34mcolcon.colcon_core.package_identification[0m [1;30mLevel 1[0m _identify(lerobot/src/lerobot/motors/__pycache__) by extension 'ignore_ament_install'
[1.932s] [34mcolcon.colcon_core.package_identification[0m [1;30mLevel 1[0m _identify(lerobot/src/lerobot/motors/__pycache__) by extensions ['colcon_pkg']
[1.932s] [34mcolcon.colcon_core.package_identification[0m [1;30mLevel 1[0m _identify(lerobot/src/lerobot/motors/__pycache__) by extension 'colcon_pkg'
[1.933s] [34mcolcon.colcon_core.package_identification[0m [1;30mLevel 1[0m _identify(lerobot/src/lerobot/motors/__pycache__) by extensions ['colcon_meta']
[1.933s] [34mcolcon.colcon_core.package_identification[0m [1;30mLevel 1[0m _identify(lerobot/src/lerobot/motors/__pycache__) by extension 'colcon_meta'
[1.933s] [34mcolcon.colcon_core.package_identification[0m [1;30mLevel 1[0m _identify(lerobot/src/lerobot/motors/__pycache__) by extensions ['ros']
[1.933s] [34mcolcon.colcon_core.package_identification[0m [1;30mLevel 1[0m _identify(lerobot/src/lerobot/motors/__pycache__) by extension 'ros'
[1.933s] [34mcolcon.colcon_core.package_identification[0m [1;30mLevel 1[0m _identify(lerobot/src/lerobot/motors/__pycache__) by extensions ['cmake', 'python']
[1.933s] [34mcolcon.colcon_core.package_identification[0m [1;30mLevel 1[0m _identify(lerobot/src/lerobot/motors/__pycache__) by extension 'cmake'
[1.933s] [34mcolcon.colcon_core.package_identification[0m [1;30mLevel 1[0m _identify(lerobot/src/lerobot/motors/__pycache__) by extension 'python'
[1.933s] [34mcolcon.colcon_core.package_identification[0m [1;30mLevel 1[0m _identify(lerobot/src/lerobot/motors/__pycache__) by extensions ['python_setup_py']
[1.933s] [34mcolcon.colcon_core.package_identification[0m [1;30mLevel 1[0m _identify(lerobot/src/lerobot/motors/__pycache__) by extension 'python_setup_py'
[1.934s] [34mcolcon.colcon_core.package_identification[0m [1;30mLevel 1[0m _identify(lerobot/src/lerobot/motors/dynamixel) by extensions ['ignore', 'ignore_ament_install']
[1.934s] [34mcolcon.colcon_core.package_identification[0m [1;30mLevel 1[0m _identify(lerobot/src/lerobot/motors/dynamixel) by extension 'ignore'
[1.934s] [34mcolcon.colcon_core.package_identification[0m [1;30mLevel 1[0m _identify(lerobot/src/lerobot/motors/dynamixel) by extension 'ignore_ament_install'
[1.934s] [34mcolcon.colcon_core.package_identification[0m [1;30mLevel 1[0m _identify(lerobot/src/lerobot/motors/dynamixel) by extensions ['colcon_pkg']
[1.934s] [34mcolcon.colcon_core.package_identification[0m [1;30mLevel 1[0m _identify(lerobot/src/lerobot/motors/dynamixel) by extension 'colcon_pkg'
[1.934s] [34mcolcon.colcon_core.package_identification[0m [1;30mLevel 1[0m _identify(lerobot/src/lerobot/motors/dynamixel) by extensions ['colcon_meta']
[1.934s] [34mcolcon.colcon_core.package_identification[0m [1;30mLevel 1[0m _identify(lerobot/src/lerobot/motors/dynamixel) by extension 'colcon_meta'
[1.934s] [34mcolcon.colcon_core.package_identification[0m [1;30mLevel 1[0m _identify(lerobot/src/lerobot/motors/dynamixel) by extensions ['ros']
[1.934s] [34mcolcon.colcon_core.package_identification[0m [1;30mLevel 1[0m _identify(lerobot/src/lerobot/motors/dynamixel) by extension 'ros'
[1.934s] [34mcolcon.colcon_core.package_identification[0m [1;30mLevel 1[0m _identify(lerobot/src/lerobot/motors/dynamixel) by extensions ['cmake', 'python']
[1.934s] [34mcolcon.colcon_core.package_identification[0m [1;30mLevel 1[0m _identify(lerobot/src/lerobot/motors/dynamixel) by extension 'cmake'
[1.934s] [34mcolcon.colcon_core.package_identification[0m [1;30mLevel 1[0m _identify(lerobot/src/lerobot/motors/dynamixel) by extension 'python'
[1.934s] [34mcolcon.colcon_core.package_identification[0m [1;30mLevel 1[0m _identify(lerobot/src/lerobot/motors/dynamixel) by extensions ['python_setup_py']
[1.934s] [34mcolcon.colcon_core.package_identification[0m [1;30mLevel 1[0m _identify(lerobot/src/lerobot/motors/dynamixel) by extension 'python_setup_py'
[1.935s] [34mcolcon.colcon_core.package_identification[0m [1;30mLevel 1[0m _identify(lerobot/src/lerobot/motors/dynamixel/__pycache__) by extensions ['ignore', 'ignore_ament_install']
[1.935s] [34mcolcon.colcon_core.package_identification[0m [1;30mLevel 1[0m _identify(lerobot/src/lerobot/motors/dynamixel/__pycache__) by extension 'ignore'
[1.935s] [34mcolcon.colcon_core.package_identification[0m [1;30mLevel 1[0m _identify(lerobot/src/lerobot/motors/dynamixel/__pycache__) by extension 'ignore_ament_install'
[1.936s] [34mcolcon.colcon_core.package_identification[0m [1;30mLevel 1[0m _identify(lerobot/src/lerobot/motors/dynamixel/__pycache__) by extensions ['colcon_pkg']
[1.936s] [34mcolcon.colcon_core.package_identification[0m [1;30mLevel 1[0m _identify(lerobot/src/lerobot/motors/dynamixel/__pycache__) by extension 'colcon_pkg'
[1.936s] [34mcolcon.colcon_core.package_identification[0m [1;30mLevel 1[0m _identify(lerobot/src/lerobot/motors/dynamixel/__pycache__) by extensions ['colcon_meta']
[1.936s] [34mcolcon.colcon_core.package_identification[0m [1;30mLevel 1[0m _identify(lerobot/src/lerobot/motors/dynamixel/__pycache__) by extension 'colcon_meta'
[1.936s] [34mcolcon.colcon_core.package_identification[0m [1;30mLevel 1[0m _identify(lerobot/src/lerobot/motors/dynamixel/__pycache__) by extensions ['ros']
[1.936s] [34mcolcon.colcon_core.package_identification[0m [1;30mLevel 1[0m _identify(lerobot/src/lerobot/motors/dynamixel/__pycache__) by extension 'ros'
[1.936s] [34mcolcon.colcon_core.package_identification[0m [1;30mLevel 1[0m _identify(lerobot/src/lerobot/motors/dynamixel/__pycache__) by extensions ['cmake', 'python']
[1.936s] [34mcolcon.colcon_core.package_identification[0m [1;30mLevel 1[0m _identify(lerobot/src/lerobot/motors/dynamixel/__pycache__) by extension 'cmake'
[1.936s] [34mcolcon.colcon_core.package_identification[0m [1;30mLevel 1[0m _identify(lerobot/src/lerobot/motors/dynamixel/__pycache__) by extension 'python'
[1.936s] [34mcolcon.colcon_core.package_identification[0m [1;30mLevel 1[0m _identify(lerobot/src/lerobot/motors/dynamixel/__pycache__) by extensions ['python_setup_py']
[1.936s] [34mcolcon.colcon_core.package_identification[0m [1;30mLevel 1[0m _identify(lerobot/src/lerobot/motors/dynamixel/__pycache__) by extension 'python_setup_py'
[1.937s] [34mcolcon.colcon_core.package_identification[0m [1;30mLevel 1[0m _identify(lerobot/src/lerobot/motors/feetech) by extensions ['ignore', 'ignore_ament_install']
[1.937s] [34mcolcon.colcon_core.package_identification[0m [1;30mLevel 1[0m _identify(lerobot/src/lerobot/motors/feetech) by extension 'ignore'
[1.937s] [34mcolcon.colcon_core.package_identification[0m [1;30mLevel 1[0m _identify(lerobot/src/lerobot/motors/feetech) by extension 'ignore_ament_install'
[1.937s] [34mcolcon.colcon_core.package_identification[0m [1;30mLevel 1[0m _identify(lerobot/src/lerobot/motors/feetech) by extensions ['colcon_pkg']
[1.937s] [34mcolcon.colcon_core.package_identification[0m [1;30mLevel 1[0m _identify(lerobot/src/lerobot/motors/feetech) by extension 'colcon_pkg'
[1.937s] [34mcolcon.colcon_core.package_identification[0m [1;30mLevel 1[0m _identify(lerobot/src/lerobot/motors/feetech) by extensions ['colcon_meta']
[1.937s] [34mcolcon.colcon_core.package_identification[0m [1;30mLevel 1[0m _identify(lerobot/src/lerobot/motors/feetech) by extension 'colcon_meta'
[1.937s] [34mcolcon.colcon_core.package_identification[0m [1;30mLevel 1[0m _identify(lerobot/src/lerobot/motors/feetech) by extensions ['ros']
[1.937s] [34mcolcon.colcon_core.package_identification[0m [1;30mLevel 1[0m _identify(lerobot/src/lerobot/motors/feetech) by extension 'ros'
[1.938s] [34mcolcon.colcon_core.package_identification[0m [1;30mLevel 1[0m _identify(lerobot/src/lerobot/motors/feetech) by extensions ['cmake', 'python']
[1.938s] [34mcolcon.colcon_core.package_identification[0m [1;30mLevel 1[0m _identify(lerobot/src/lerobot/motors/feetech) by extension 'cmake'
[1.938s] [34mcolcon.colcon_core.package_identification[0m [1;30mLevel 1[0m _identify(lerobot/src/lerobot/motors/feetech) by extension 'python'
[1.938s] [34mcolcon.colcon_core.package_identification[0m [1;30mLevel 1[0m _identify(lerobot/src/lerobot/motors/feetech) by extensions ['python_setup_py']
[1.938s] [34mcolcon.colcon_core.package_identification[0m [1;30mLevel 1[0m _identify(lerobot/src/lerobot/motors/feetech) by extension 'python_setup_py'
[1.939s] [34mcolcon.colcon_core.package_identification[0m [1;30mLevel 1[0m _identify(lerobot/src/lerobot/motors/feetech/__pycache__) by extensions ['ignore', 'ignore_ament_install']
[1.939s] [34mcolcon.colcon_core.package_identification[0m [1;30mLevel 1[0m _identify(lerobot/src/lerobot/motors/feetech/__pycache__) by extension 'ignore'
[1.939s] [34mcolcon.colcon_core.package_identification[0m [1;30mLevel 1[0m _identify(lerobot/src/lerobot/motors/feetech/__pycache__) by extension 'ignore_ament_install'
[1.939s] [34mcolcon.colcon_core.package_identification[0m [1;30mLevel 1[0m _identify(lerobot/src/lerobot/motors/feetech/__pycache__) by extensions ['colcon_pkg']
[1.939s] [34mcolcon.colcon_core.package_identification[0m [1;30mLevel 1[0m _identify(lerobot/src/lerobot/motors/feetech/__pycache__) by extension 'colcon_pkg'
[1.939s] [34mcolcon.colcon_core.package_identification[0m [1;30mLevel 1[0m _identify(lerobot/src/lerobot/motors/feetech/__pycache__) by extensions ['colcon_meta']
[1.939s] [34mcolcon.colcon_core.package_identification[0m [1;30mLevel 1[0m _identify(lerobot/src/lerobot/motors/feetech/__pycache__) by extension 'colcon_meta'
[1.939s] [34mcolcon.colcon_core.package_identification[0m [1;30mLevel 1[0m _identify(lerobot/src/lerobot/motors/feetech/__pycache__) by extensions ['ros']
[1.939s] [34mcolcon.colcon_core.package_identification[0m [1;30mLevel 1[0m _identify(lerobot/src/lerobot/motors/feetech/__pycache__) by extension 'ros'
[1.939s] [34mcolcon.colcon_core.package_identification[0m [1;30mLevel 1[0m _identify(lerobot/src/lerobot/motors/feetech/__pycache__) by extensions ['cmake', 'python']
[1.939s] [34mcolcon.colcon_core.package_identification[0m [1;30mLevel 1[0m _identify(lerobot/src/lerobot/motors/feetech/__pycache__) by extension 'cmake'
[1.939s] [34mcolcon.colcon_core.package_identification[0m [1;30mLevel 1[0m _identify(lerobot/src/lerobot/motors/feetech/__pycache__) by extension 'python'
[1.939s] [34mcolcon.colcon_core.package_identification[0m [1;30mLevel 1[0m _identify(lerobot/src/lerobot/motors/feetech/__pycache__) by extensions ['python_setup_py']
[1.939s] [34mcolcon.colcon_core.package_identification[0m [1;30mLevel 1[0m _identify(lerobot/src/lerobot/motors/feetech/__pycache__) by extension 'python_setup_py'
[1.940s] [34mcolcon.colcon_core.package_identification[0m [1;30mLevel 1[0m _identify(lerobot/src/lerobot/optim) by extensions ['ignore', 'ignore_ament_install']
[1.940s] [34mcolcon.colcon_core.package_identification[0m [1;30mLevel 1[0m _identify(lerobot/src/lerobot/optim) by extension 'ignore'
[1.941s] [34mcolcon.colcon_core.package_identification[0m [1;30mLevel 1[0m _identify(lerobot/src/lerobot/optim) by extension 'ignore_ament_install'
[1.941s] [34mcolcon.colcon_core.package_identification[0m [1;30mLevel 1[0m _identify(lerobot/src/lerobot/optim) by extensions ['colcon_pkg']
[1.941s] [34mcolcon.colcon_core.package_identification[0m [1;30mLevel 1[0m _identify(lerobot/src/lerobot/optim) by extension 'colcon_pkg'
[1.941s] [34mcolcon.colcon_core.package_identification[0m [1;30mLevel 1[0m _identify(lerobot/src/lerobot/optim) by extensions ['colcon_meta']
[1.941s] [34mcolcon.colcon_core.package_identification[0m [1;30mLevel 1[0m _identify(lerobot/src/lerobot/optim) by extension 'colcon_meta'
[1.941s] [34mcolcon.colcon_core.package_identification[0m [1;30mLevel 1[0m _identify(lerobot/src/lerobot/optim) by extensions ['ros']
[1.941s] [34mcolcon.colcon_core.package_identification[0m [1;30mLevel 1[0m _identify(lerobot/src/lerobot/optim) by extension 'ros'
[1.941s] [34mcolcon.colcon_core.package_identification[0m [1;30mLevel 1[0m _identify(lerobot/src/lerobot/optim) by extensions ['cmake', 'python']
[1.941s] [34mcolcon.colcon_core.package_identification[0m [1;30mLevel 1[0m _identify(lerobot/src/lerobot/optim) by extension 'cmake'
[1.941s] [34mcolcon.colcon_core.package_identification[0m [1;30mLevel 1[0m _identify(lerobot/src/lerobot/optim) by extension 'python'
[1.941s] [34mcolcon.colcon_core.package_identification[0m [1;30mLevel 1[0m _identify(lerobot/src/lerobot/optim) by extensions ['python_setup_py']
[1.941s] [34mcolcon.colcon_core.package_identification[0m [1;30mLevel 1[0m _identify(lerobot/src/lerobot/optim) by extension 'python_setup_py'
[1.942s] [34mcolcon.colcon_core.package_identification[0m [1;30mLevel 1[0m _identify(lerobot/src/lerobot/policies) by extensions ['ignore', 'ignore_ament_install']
[1.942s] [34mcolcon.colcon_core.package_identification[0m [1;30mLevel 1[0m _identify(lerobot/src/lerobot/policies) by extension 'ignore'
[1.942s] [34mcolcon.colcon_core.package_identification[0m [1;30mLevel 1[0m _identify(lerobot/src/lerobot/policies) by extension 'ignore_ament_install'
[1.942s] [34mcolcon.colcon_core.package_identification[0m [1;30mLevel 1[0m _identify(lerobot/src/lerobot/policies) by extensions ['colcon_pkg']
[1.942s] [34mcolcon.colcon_core.package_identification[0m [1;30mLevel 1[0m _identify(lerobot/src/lerobot/policies) by extension 'colcon_pkg'
[1.942s] [34mcolcon.colcon_core.package_identification[0m [1;30mLevel 1[0m _identify(lerobot/src/lerobot/policies) by extensions ['colcon_meta']
[1.942s] [34mcolcon.colcon_core.package_identification[0m [1;30mLevel 1[0m _identify(lerobot/src/lerobot/policies) by extension 'colcon_meta'
[1.942s] [34mcolcon.colcon_core.package_identification[0m [1;30mLevel 1[0m _identify(lerobot/src/lerobot/policies) by extensions ['ros']
[1.942s] [34mcolcon.colcon_core.package_identification[0m [1;30mLevel 1[0m _identify(lerobot/src/lerobot/policies) by extension 'ros'
[1.943s] [34mcolcon.colcon_core.package_identification[0m [1;30mLevel 1[0m _identify(lerobot/src/lerobot/policies) by extensions ['cmake', 'python']
[1.943s] [34mcolcon.colcon_core.package_identification[0m [1;30mLevel 1[0m _identify(lerobot/src/lerobot/policies) by extension 'cmake'
[1.943s] [34mcolcon.colcon_core.package_identification[0m [1;30mLevel 1[0m _identify(lerobot/src/lerobot/policies) by extension 'python'
[1.943s] [34mcolcon.colcon_core.package_identification[0m [1;30mLevel 1[0m _identify(lerobot/src/lerobot/policies) by extensions ['python_setup_py']
[1.943s] [34mcolcon.colcon_core.package_identification[0m [1;30mLevel 1[0m _identify(lerobot/src/lerobot/policies) by extension 'python_setup_py'
[1.944s] [34mcolcon.colcon_core.package_identification[0m [1;30mLevel 1[0m _identify(lerobot/src/lerobot/policies/act) by extensions ['ignore', 'ignore_ament_install']
[1.944s] [34mcolcon.colcon_core.package_identification[0m [1;30mLevel 1[0m _identify(lerobot/src/lerobot/policies/act) by extension 'ignore'
[1.944s] [34mcolcon.colcon_core.package_identification[0m [1;30mLevel 1[0m _identify(lerobot/src/lerobot/policies/act) by extension 'ignore_ament_install'
[1.944s] [34mcolcon.colcon_core.package_identification[0m [1;30mLevel 1[0m _identify(lerobot/src/lerobot/policies/act) by extensions ['colcon_pkg']
[1.944s] [34mcolcon.colcon_core.package_identification[0m [1;30mLevel 1[0m _identify(lerobot/src/lerobot/policies/act) by extension 'colcon_pkg'
[1.944s] [34mcolcon.colcon_core.package_identification[0m [1;30mLevel 1[0m _identify(lerobot/src/lerobot/policies/act) by extensions ['colcon_meta']
[1.944s] [34mcolcon.colcon_core.package_identification[0m [1;30mLevel 1[0m _identify(lerobot/src/lerobot/policies/act) by extension 'colcon_meta'
[1.944s] [34mcolcon.colcon_core.package_identification[0m [1;30mLevel 1[0m _identify(lerobot/src/lerobot/policies/act) by extensions ['ros']
[1.944s] [34mcolcon.colcon_core.package_identification[0m [1;30mLevel 1[0m _identify(lerobot/src/lerobot/policies/act) by extension 'ros'
[1.944s] [34mcolcon.colcon_core.package_identification[0m [1;30mLevel 1[0m _identify(lerobot/src/lerobot/policies/act) by extensions ['cmake', 'python']
[1.944s] [34mcolcon.colcon_core.package_identification[0m [1;30mLevel 1[0m _identify(lerobot/src/lerobot/policies/act) by extension 'cmake'
[1.944s] [34mcolcon.colcon_core.package_identification[0m [1;30mLevel 1[0m _identify(lerobot/src/lerobot/policies/act) by extension 'python'
[1.944s] [34mcolcon.colcon_core.package_identification[0m [1;30mLevel 1[0m _identify(lerobot/src/lerobot/policies/act) by extensions ['python_setup_py']
[1.944s] [34mcolcon.colcon_core.package_identification[0m [1;30mLevel 1[0m _identify(lerobot/src/lerobot/policies/act) by extension 'python_setup_py'
[1.945s] [34mcolcon.colcon_core.package_identification[0m [1;30mLevel 1[0m _identify(lerobot/src/lerobot/policies/diffusion) by extensions ['ignore', 'ignore_ament_install']
[1.945s] [34mcolcon.colcon_core.package_identification[0m [1;30mLevel 1[0m _identify(lerobot/src/lerobot/policies/diffusion) by extension 'ignore'
[1.945s] [34mcolcon.colcon_core.package_identification[0m [1;30mLevel 1[0m _identify(lerobot/src/lerobot/policies/diffusion) by extension 'ignore_ament_install'
[1.945s] [34mcolcon.colcon_core.package_identification[0m [1;30mLevel 1[0m _identify(lerobot/src/lerobot/policies/diffusion) by extensions ['colcon_pkg']
[1.945s] [34mcolcon.colcon_core.package_identification[0m [1;30mLevel 1[0m _identify(lerobot/src/lerobot/policies/diffusion) by extension 'colcon_pkg'
[1.946s] [34mcolcon.colcon_core.package_identification[0m [1;30mLevel 1[0m _identify(lerobot/src/lerobot/policies/diffusion) by extensions ['colcon_meta']
[1.946s] [34mcolcon.colcon_core.package_identification[0m [1;30mLevel 1[0m _identify(lerobot/src/lerobot/policies/diffusion) by extension 'colcon_meta'
[1.946s] [34mcolcon.colcon_core.package_identification[0m [1;30mLevel 1[0m _identify(lerobot/src/lerobot/policies/diffusion) by extensions ['ros']
[1.946s] [34mcolcon.colcon_core.package_identification[0m [1;30mLevel 1[0m _identify(lerobot/src/lerobot/policies/diffusion) by extension 'ros'
[1.946s] [34mcolcon.colcon_core.package_identification[0m [1;30mLevel 1[0m _identify(lerobot/src/lerobot/policies/diffusion) by extensions ['cmake', 'python']
[1.946s] [34mcolcon.colcon_core.package_identification[0m [1;30mLevel 1[0m _identify(lerobot/src/lerobot/policies/diffusion) by extension 'cmake'
[1.946s] [34mcolcon.colcon_core.package_identification[0m [1;30mLevel 1[0m _identify(lerobot/src/lerobot/policies/diffusion) by extension 'python'
[1.946s] [34mcolcon.colcon_core.package_identification[0m [1;30mLevel 1[0m _identify(lerobot/src/lerobot/policies/diffusion) by extensions ['python_setup_py']
[1.946s] [34mcolcon.colcon_core.package_identification[0m [1;30mLevel 1[0m _identify(lerobot/src/lerobot/policies/diffusion) by extension 'python_setup_py'
[1.947s] [34mcolcon.colcon_core.package_identification[0m [1;30mLevel 1[0m _identify(lerobot/src/lerobot/policies/groot) by extensions ['ignore', 'ignore_ament_install']
[1.947s] [34mcolcon.colcon_core.package_identification[0m [1;30mLevel 1[0m _identify(lerobot/src/lerobot/policies/groot) by extension 'ignore'
[1.947s] [34mcolcon.colcon_core.package_identification[0m [1;30mLevel 1[0m _identify(lerobot/src/lerobot/policies/groot) by extension 'ignore_ament_install'
[1.947s] [34mcolcon.colcon_core.package_identification[0m [1;30mLevel 1[0m _identify(lerobot/src/lerobot/policies/groot) by extensions ['colcon_pkg']
[1.947s] [34mcolcon.colcon_core.package_identification[0m [1;30mLevel 1[0m _identify(lerobot/src/lerobot/policies/groot) by extension 'colcon_pkg'
[1.947s] [34mcolcon.colcon_core.package_identification[0m [1;30mLevel 1[0m _identify(lerobot/src/lerobot/policies/groot) by extensions ['colcon_meta']
[1.947s] [34mcolcon.colcon_core.package_identification[0m [1;30mLevel 1[0m _identify(lerobot/src/lerobot/policies/groot) by extension 'colcon_meta'
[1.947s] [34mcolcon.colcon_core.package_identification[0m [1;30mLevel 1[0m _identify(lerobot/src/lerobot/policies/groot) by extensions ['ros']
[1.947s] [34mcolcon.colcon_core.package_identification[0m [1;30mLevel 1[0m _identify(lerobot/src/lerobot/policies/groot) by extension 'ros'
[1.947s] [34mcolcon.colcon_core.package_identification[0m [1;30mLevel 1[0m _identify(lerobot/src/lerobot/policies/groot) by extensions ['cmake', 'python']
[1.947s] [34mcolcon.colcon_core.package_identification[0m [1;30mLevel 1[0m _identify(lerobot/src/lerobot/policies/groot) by extension 'cmake'
[1.947s] [34mcolcon.colcon_core.package_identification[0m [1;30mLevel 1[0m _identify(lerobot/src/lerobot/policies/groot) by extension 'python'
[1.947s] [34mcolcon.colcon_core.package_identification[0m [1;30mLevel 1[0m _identify(lerobot/src/lerobot/policies/groot) by extensions ['python_setup_py']
[1.947s] [34mcolcon.colcon_core.package_identification[0m [1;30mLevel 1[0m _identify(lerobot/src/lerobot/policies/groot) by extension 'python_setup_py'
[1.948s] [34mcolcon.colcon_core.package_identification[0m [1;30mLevel 1[0m _identify(lerobot/src/lerobot/policies/groot/action_head) by extensions ['ignore', 'ignore_ament_install']
[1.949s] [34mcolcon.colcon_core.package_identification[0m [1;30mLevel 1[0m _identify(lerobot/src/lerobot/policies/groot/action_head) by extension 'ignore'
[1.949s] [34mcolcon.colcon_core.package_identification[0m [1;30mLevel 1[0m _identify(lerobot/src/lerobot/policies/groot/action_head) by extension 'ignore_ament_install'
[1.949s] [34mcolcon.colcon_core.package_identification[0m [1;30mLevel 1[0m _identify(lerobot/src/lerobot/policies/groot/action_head) by extensions ['colcon_pkg']
[1.949s] [34mcolcon.colcon_core.package_identification[0m [1;30mLevel 1[0m _identify(lerobot/src/lerobot/policies/groot/action_head) by extension 'colcon_pkg'
[1.949s] [34mcolcon.colcon_core.package_identification[0m [1;30mLevel 1[0m _identify(lerobot/src/lerobot/policies/groot/action_head) by extensions ['colcon_meta']
[1.949s] [34mcolcon.colcon_core.package_identification[0m [1;30mLevel 1[0m _identify(lerobot/src/lerobot/policies/groot/action_head) by extension 'colcon_meta'
[1.949s] [34mcolcon.colcon_core.package_identification[0m [1;30mLevel 1[0m _identify(lerobot/src/lerobot/policies/groot/action_head) by extensions ['ros']
[1.949s] [34mcolcon.colcon_core.package_identification[0m [1;30mLevel 1[0m _identify(lerobot/src/lerobot/policies/groot/action_head) by extension 'ros'
[1.949s] [34mcolcon.colcon_core.package_identification[0m [1;30mLevel 1[0m _identify(lerobot/src/lerobot/policies/groot/action_head) by extensions ['cmake', 'python']
[1.949s] [34mcolcon.colcon_core.package_identification[0m [1;30mLevel 1[0m _identify(lerobot/src/lerobot/policies/groot/action_head) by extension 'cmake'
[1.949s] [34mcolcon.colcon_core.package_identification[0m [1;30mLevel 1[0m _identify(lerobot/src/lerobot/policies/groot/action_head) by extension 'python'
[1.949s] [34mcolcon.colcon_core.package_identification[0m [1;30mLevel 1[0m _identify(lerobot/src/lerobot/policies/groot/action_head) by extensions ['python_setup_py']
[1.949s] [34mcolcon.colcon_core.package_identification[0m [1;30mLevel 1[0m _identify(lerobot/src/lerobot/policies/groot/action_head) by extension 'python_setup_py'
[1.950s] [34mcolcon.colcon_core.package_identification[0m [1;30mLevel 1[0m _identify(lerobot/src/lerobot/policies/groot/eagle2_hg_model) by extensions ['ignore', 'ignore_ament_install']
[1.950s] [34mcolcon.colcon_core.package_identification[0m [1;30mLevel 1[0m _identify(lerobot/src/lerobot/policies/groot/eagle2_hg_model) by extension 'ignore'
[1.950s] [34mcolcon.colcon_core.package_identification[0m [1;30mLevel 1[0m _identify(lerobot/src/lerobot/policies/groot/eagle2_hg_model) by extension 'ignore_ament_install'
[1.950s] [34mcolcon.colcon_core.package_identification[0m [1;30mLevel 1[0m _identify(lerobot/src/lerobot/policies/groot/eagle2_hg_model) by extensions ['colcon_pkg']
[1.950s] [34mcolcon.colcon_core.package_identification[0m [1;30mLevel 1[0m _identify(lerobot/src/lerobot/policies/groot/eagle2_hg_model) by extension 'colcon_pkg'
[1.950s] [34mcolcon.colcon_core.package_identification[0m [1;30mLevel 1[0m _identify(lerobot/src/lerobot/policies/groot/eagle2_hg_model) by extensions ['colcon_meta']
[1.950s] [34mcolcon.colcon_core.package_identification[0m [1;30mLevel 1[0m _identify(lerobot/src/lerobot/policies/groot/eagle2_hg_model) by extension 'colcon_meta'
[1.950s] [34mcolcon.colcon_core.package_identification[0m [1;30mLevel 1[0m _identify(lerobot/src/lerobot/policies/groot/eagle2_hg_model) by extensions ['ros']
[1.950s] [34mcolcon.colcon_core.package_identification[0m [1;30mLevel 1[0m _identify(lerobot/src/lerobot/policies/groot/eagle2_hg_model) by extension 'ros'
[1.951s] [34mcolcon.colcon_core.package_identification[0m [1;30mLevel 1[0m _identify(lerobot/src/lerobot/policies/groot/eagle2_hg_model) by extensions ['cmake', 'python']
[1.951s] [34mcolcon.colcon_core.package_identification[0m [1;30mLevel 1[0m _identify(lerobot/src/lerobot/policies/groot/eagle2_hg_model) by extension 'cmake'
[1.951s] [34mcolcon.colcon_core.package_identification[0m [1;30mLevel 1[0m _identify(lerobot/src/lerobot/policies/groot/eagle2_hg_model) by extension 'python'
[1.951s] [34mcolcon.colcon_core.package_identification[0m [1;30mLevel 1[0m _identify(lerobot/src/lerobot/policies/groot/eagle2_hg_model) by extensions ['python_setup_py']
[1.951s] [34mcolcon.colcon_core.package_identification[0m [1;30mLevel 1[0m _identify(lerobot/src/lerobot/policies/groot/eagle2_hg_model) by extension 'python_setup_py'
[1.952s] [34mcolcon.colcon_core.package_identification[0m [1;30mLevel 1[0m _identify(lerobot/src/lerobot/policies/pi0) by extensions ['ignore', 'ignore_ament_install']
[1.952s] [34mcolcon.colcon_core.package_identification[0m [1;30mLevel 1[0m _identify(lerobot/src/lerobot/policies/pi0) by extension 'ignore'
[1.952s] [34mcolcon.colcon_core.package_identification[0m [1;30mLevel 1[0m _identify(lerobot/src/lerobot/policies/pi0) by extension 'ignore_ament_install'
[1.952s] [34mcolcon.colcon_core.package_identification[0m [1;30mLevel 1[0m _identify(lerobot/src/lerobot/policies/pi0) by extensions ['colcon_pkg']
[1.952s] [34mcolcon.colcon_core.package_identification[0m [1;30mLevel 1[0m _identify(lerobot/src/lerobot/policies/pi0) by extension 'colcon_pkg'
[1.952s] [34mcolcon.colcon_core.package_identification[0m [1;30mLevel 1[0m _identify(lerobot/src/lerobot/policies/pi0) by extensions ['colcon_meta']
[1.952s] [34mcolcon.colcon_core.package_identification[0m [1;30mLevel 1[0m _identify(lerobot/src/lerobot/policies/pi0) by extension 'colcon_meta'
[1.952s] [34mcolcon.colcon_core.package_identification[0m [1;30mLevel 1[0m _identify(lerobot/src/lerobot/policies/pi0) by extensions ['ros']
[1.952s] [34mcolcon.colcon_core.package_identification[0m [1;30mLevel 1[0m _identify(lerobot/src/lerobot/policies/pi0) by extension 'ros'
[1.952s] [34mcolcon.colcon_core.package_identification[0m [1;30mLevel 1[0m _identify(lerobot/src/lerobot/policies/pi0) by extensions ['cmake', 'python']
[1.952s] [34mcolcon.colcon_core.package_identification[0m [1;30mLevel 1[0m _identify(lerobot/src/lerobot/policies/pi0) by extension 'cmake'
[1.952s] [34mcolcon.colcon_core.package_identification[0m [1;30mLevel 1[0m _identify(lerobot/src/lerobot/policies/pi0) by extension 'python'
[1.952s] [34mcolcon.colcon_core.package_identification[0m [1;30mLevel 1[0m _identify(lerobot/src/lerobot/policies/pi0) by extensions ['python_setup_py']
[1.952s] [34mcolcon.colcon_core.package_identification[0m [1;30mLevel 1[0m _identify(lerobot/src/lerobot/policies/pi0) by extension 'python_setup_py'
[1.953s] [34mcolcon.colcon_core.package_identification[0m [1;30mLevel 1[0m _identify(lerobot/src/lerobot/policies/pi05) by extensions ['ignore', 'ignore_ament_install']
[1.954s] [34mcolcon.colcon_core.package_identification[0m [1;30mLevel 1[0m _identify(lerobot/src/lerobot/policies/pi05) by extension 'ignore'
[1.954s] [34mcolcon.colcon_core.package_identification[0m [1;30mLevel 1[0m _identify(lerobot/src/lerobot/policies/pi05) by extension 'ignore_ament_install'
[1.954s] [34mcolcon.colcon_core.package_identification[0m [1;30mLevel 1[0m _identify(lerobot/src/lerobot/policies/pi05) by extensions ['colcon_pkg']
[1.954s] [34mcolcon.colcon_core.package_identification[0m [1;30mLevel 1[0m _identify(lerobot/src/lerobot/policies/pi05) by extension 'colcon_pkg'
[1.954s] [34mcolcon.colcon_core.package_identification[0m [1;30mLevel 1[0m _identify(lerobot/src/lerobot/policies/pi05) by extensions ['colcon_meta']
[1.954s] [34mcolcon.colcon_core.package_identification[0m [1;30mLevel 1[0m _identify(lerobot/src/lerobot/policies/pi05) by extension 'colcon_meta'
[1.954s] [34mcolcon.colcon_core.package_identification[0m [1;30mLevel 1[0m _identify(lerobot/src/lerobot/policies/pi05) by extensions ['ros']
[1.954s] [34mcolcon.colcon_core.package_identification[0m [1;30mLevel 1[0m _identify(lerobot/src/lerobot/policies/pi05) by extension 'ros'
[1.954s] [34mcolcon.colcon_core.package_identification[0m [1;30mLevel 1[0m _identify(lerobot/src/lerobot/policies/pi05) by extensions ['cmake', 'python']
[1.954s] [34mcolcon.colcon_core.package_identification[0m [1;30mLevel 1[0m _identify(lerobot/src/lerobot/policies/pi05) by extension 'cmake'
[1.954s] [34mcolcon.colcon_core.package_identification[0m [1;30mLevel 1[0m _identify(lerobot/src/lerobot/policies/pi05) by extension 'python'
[1.954s] [34mcolcon.colcon_core.package_identification[0m [1;30mLevel 1[0m _identify(lerobot/src/lerobot/policies/pi05) by extensions ['python_setup_py']
[1.954s] [34mcolcon.colcon_core.package_identification[0m [1;30mLevel 1[0m _identify(lerobot/src/lerobot/policies/pi05) by extension 'python_setup_py'
[1.955s] [34mcolcon.colcon_core.package_identification[0m [1;30mLevel 1[0m _identify(lerobot/src/lerobot/policies/rtc) by extensions ['ignore', 'ignore_ament_install']
[1.955s] [34mcolcon.colcon_core.package_identification[0m [1;30mLevel 1[0m _identify(lerobot/src/lerobot/policies/rtc) by extension 'ignore'
[1.955s] [34mcolcon.colcon_core.package_identification[0m [1;30mLevel 1[0m _identify(lerobot/src/lerobot/policies/rtc) by extension 'ignore_ament_install'
[1.955s] [34mcolcon.colcon_core.package_identification[0m [1;30mLevel 1[0m _identify(lerobot/src/lerobot/policies/rtc) by extensions ['colcon_pkg']
[1.955s] [34mcolcon.colcon_core.package_identification[0m [1;30mLevel 1[0m _identify(lerobot/src/lerobot/policies/rtc) by extension 'colcon_pkg'
[1.956s] [34mcolcon.colcon_core.package_identification[0m [1;30mLevel 1[0m _identify(lerobot/src/lerobot/policies/rtc) by extensions ['colcon_meta']
[1.956s] [34mcolcon.colcon_core.package_identification[0m [1;30mLevel 1[0m _identify(lerobot/src/lerobot/policies/rtc) by extension 'colcon_meta'
[1.956s] [34mcolcon.colcon_core.package_identification[0m [1;30mLevel 1[0m _identify(lerobot/src/lerobot/policies/rtc) by extensions ['ros']
[1.956s] [34mcolcon.colcon_core.package_identification[0m [1;30mLevel 1[0m _identify(lerobot/src/lerobot/policies/rtc) by extension 'ros'
[1.956s] [34mcolcon.colcon_core.package_identification[0m [1;30mLevel 1[0m _identify(lerobot/src/lerobot/policies/rtc) by extensions ['cmake', 'python']
[1.956s] [34mcolcon.colcon_core.package_identification[0m [1;30mLevel 1[0m _identify(lerobot/src/lerobot/policies/rtc) by extension 'cmake'
[1.956s] [34mcolcon.colcon_core.package_identification[0m [1;30mLevel 1[0m _identify(lerobot/src/lerobot/policies/rtc) by extension 'python'
[1.956s] [34mcolcon.colcon_core.package_identification[0m [1;30mLevel 1[0m _identify(lerobot/src/lerobot/policies/rtc) by extensions ['python_setup_py']
[1.956s] [34mcolcon.colcon_core.package_identification[0m [1;30mLevel 1[0m _identify(lerobot/src/lerobot/policies/rtc) by extension 'python_setup_py'
[1.957s] [34mcolcon.colcon_core.package_identification[0m [1;30mLevel 1[0m _identify(lerobot/src/lerobot/policies/sac) by extensions ['ignore', 'ignore_ament_install']
[1.957s] [34mcolcon.colcon_core.package_identification[0m [1;30mLevel 1[0m _identify(lerobot/src/lerobot/policies/sac) by extension 'ignore'
[1.957s] [34mcolcon.colcon_core.package_identification[0m [1;30mLevel 1[0m _identify(lerobot/src/lerobot/policies/sac) by extension 'ignore_ament_install'
[1.957s] [34mcolcon.colcon_core.package_identification[0m [1;30mLevel 1[0m _identify(lerobot/src/lerobot/policies/sac) by extensions ['colcon_pkg']
[1.957s] [34mcolcon.colcon_core.package_identification[0m [1;30mLevel 1[0m _identify(lerobot/src/lerobot/policies/sac) by extension 'colcon_pkg'
[1.957s] [34mcolcon.colcon_core.package_identification[0m [1;30mLevel 1[0m _identify(lerobot/src/lerobot/policies/sac) by extensions ['colcon_meta']
[1.957s] [34mcolcon.colcon_core.package_identification[0m [1;30mLevel 1[0m _identify(lerobot/src/lerobot/policies/sac) by extension 'colcon_meta'
[1.957s] [34mcolcon.colcon_core.package_identification[0m [1;30mLevel 1[0m _identify(lerobot/src/lerobot/policies/sac) by extensions ['ros']
[1.957s] [34mcolcon.colcon_core.package_identification[0m [1;30mLevel 1[0m _identify(lerobot/src/lerobot/policies/sac) by extension 'ros'
[1.957s] [34mcolcon.colcon_core.package_identification[0m [1;30mLevel 1[0m _identify(lerobot/src/lerobot/policies/sac) by extensions ['cmake', 'python']
[1.957s] [34mcolcon.colcon_core.package_identification[0m [1;30mLevel 1[0m _identify(lerobot/src/lerobot/policies/sac) by extension 'cmake'
[1.957s] [34mcolcon.colcon_core.package_identification[0m [1;30mLevel 1[0m _identify(lerobot/src/lerobot/policies/sac) by extension 'python'
[1.957s] [34mcolcon.colcon_core.package_identification[0m [1;30mLevel 1[0m _identify(lerobot/src/lerobot/policies/sac) by extensions ['python_setup_py']
[1.957s] [34mcolcon.colcon_core.package_identification[0m [1;30mLevel 1[0m _identify(lerobot/src/lerobot/policies/sac) by extension 'python_setup_py'
[1.958s] [34mcolcon.colcon_core.package_identification[0m [1;30mLevel 1[0m _identify(lerobot/src/lerobot/policies/sac/reward_model) by extensions ['ignore', 'ignore_ament_install']
[1.959s] [34mcolcon.colcon_core.package_identification[0m [1;30mLevel 1[0m _identify(lerobot/src/lerobot/policies/sac/reward_model) by extension 'ignore'
[1.959s] [34mcolcon.colcon_core.package_identification[0m [1;30mLevel 1[0m _identify(lerobot/src/lerobot/policies/sac/reward_model) by extension 'ignore_ament_install'
[1.959s] [34mcolcon.colcon_core.package_identification[0m [1;30mLevel 1[0m _identify(lerobot/src/lerobot/policies/sac/reward_model) by extensions ['colcon_pkg']
[1.959s] [34mcolcon.colcon_core.package_identification[0m [1;30mLevel 1[0m _identify(lerobot/src/lerobot/policies/sac/reward_model) by extension 'colcon_pkg'
[1.959s] [34mcolcon.colcon_core.package_identification[0m [1;30mLevel 1[0m _identify(lerobot/src/lerobot/policies/sac/reward_model) by extensions ['colcon_meta']
[1.959s] [34mcolcon.colcon_core.package_identification[0m [1;30mLevel 1[0m _identify(lerobot/src/lerobot/policies/sac/reward_model) by extension 'colcon_meta'
[1.959s] [34mcolcon.colcon_core.package_identification[0m [1;30mLevel 1[0m _identify(lerobot/src/lerobot/policies/sac/reward_model) by extensions ['ros']
[1.959s] [34mcolcon.colcon_core.package_identification[0m [1;30mLevel 1[0m _identify(lerobot/src/lerobot/policies/sac/reward_model) by extension 'ros'
[1.959s] [34mcolcon.colcon_core.package_identification[0m [1;30mLevel 1[0m _identify(lerobot/src/lerobot/policies/sac/reward_model) by extensions ['cmake', 'python']
[1.959s] [34mcolcon.colcon_core.package_identification[0m [1;30mLevel 1[0m _identify(lerobot/src/lerobot/policies/sac/reward_model) by extension 'cmake'
[1.959s] [34mcolcon.colcon_core.package_identification[0m [1;30mLevel 1[0m _identify(lerobot/src/lerobot/policies/sac/reward_model) by extension 'python'
[1.959s] [34mcolcon.colcon_core.package_identification[0m [1;30mLevel 1[0m _identify(lerobot/src/lerobot/policies/sac/reward_model) by extensions ['python_setup_py']
[1.959s] [34mcolcon.colcon_core.package_identification[0m [1;30mLevel 1[0m _identify(lerobot/src/lerobot/policies/sac/reward_model) by extension 'python_setup_py'
[1.960s] [34mcolcon.colcon_core.package_identification[0m [1;30mLevel 1[0m _identify(lerobot/src/lerobot/policies/smolvla) by extensions ['ignore', 'ignore_ament_install']
[1.960s] [34mcolcon.colcon_core.package_identification[0m [1;30mLevel 1[0m _identify(lerobot/src/lerobot/policies/smolvla) by extension 'ignore'
[1.960s] [34mcolcon.colcon_core.package_identification[0m [1;30mLevel 1[0m _identify(lerobot/src/lerobot/policies/smolvla) by extension 'ignore_ament_install'
[1.960s] [34mcolcon.colcon_core.package_identification[0m [1;30mLevel 1[0m _identify(lerobot/src/lerobot/policies/smolvla) by extensions ['colcon_pkg']
[1.961s] [34mcolcon.colcon_core.package_identification[0m [1;30mLevel 1[0m _identify(lerobot/src/lerobot/policies/smolvla) by extension 'colcon_pkg'
[1.961s] [34mcolcon.colcon_core.package_identification[0m [1;30mLevel 1[0m _identify(lerobot/src/lerobot/policies/smolvla) by extensions ['colcon_meta']
[1.961s] [34mcolcon.colcon_core.package_identification[0m [1;30mLevel 1[0m _identify(lerobot/src/lerobot/policies/smolvla) by extension 'colcon_meta'
[1.961s] [34mcolcon.colcon_core.package_identification[0m [1;30mLevel 1[0m _identify(lerobot/src/lerobot/policies/smolvla) by extensions ['ros']
[1.961s] [34mcolcon.colcon_core.package_identification[0m [1;30mLevel 1[0m _identify(lerobot/src/lerobot/policies/smolvla) by extension 'ros'
[1.961s] [34mcolcon.colcon_core.package_identification[0m [1;30mLevel 1[0m _identify(lerobot/src/lerobot/policies/smolvla) by extensions ['cmake', 'python']
[1.961s] [34mcolcon.colcon_core.package_identification[0m [1;30mLevel 1[0m _identify(lerobot/src/lerobot/policies/smolvla) by extension 'cmake'
[1.961s] [34mcolcon.colcon_core.package_identification[0m [1;30mLevel 1[0m _identify(lerobot/src/lerobot/policies/smolvla) by extension 'python'
[1.961s] [34mcolcon.colcon_core.package_identification[0m [1;30mLevel 1[0m _identify(lerobot/src/lerobot/policies/smolvla) by extensions ['python_setup_py']
[1.961s] [34mcolcon.colcon_core.package_identification[0m [1;30mLevel 1[0m _identify(lerobot/src/lerobot/policies/smolvla) by extension 'python_setup_py'
[1.962s] [34mcolcon.colcon_core.package_identification[0m [1;30mLevel 1[0m _identify(lerobot/src/lerobot/policies/tdmpc) by extensions ['ignore', 'ignore_ament_install']
[1.962s] [34mcolcon.colcon_core.package_identification[0m [1;30mLevel 1[0m _identify(lerobot/src/lerobot/policies/tdmpc) by extension 'ignore'
[1.962s] [34mcolcon.colcon_core.package_identification[0m [1;30mLevel 1[0m _identify(lerobot/src/lerobot/policies/tdmpc) by extension 'ignore_ament_install'
[1.962s] [34mcolcon.colcon_core.package_identification[0m [1;30mLevel 1[0m _identify(lerobot/src/lerobot/policies/tdmpc) by extensions ['colcon_pkg']
[1.962s] [34mcolcon.colcon_core.package_identification[0m [1;30mLevel 1[0m _identify(lerobot/src/lerobot/policies/tdmpc) by extension 'colcon_pkg'
[1.962s] [34mcolcon.colcon_core.package_identification[0m [1;30mLevel 1[0m _identify(lerobot/src/lerobot/policies/tdmpc) by extensions ['colcon_meta']
[1.962s] [34mcolcon.colcon_core.package_identification[0m [1;30mLevel 1[0m _identify(lerobot/src/lerobot/policies/tdmpc) by extension 'colcon_meta'
[1.962s] [34mcolcon.colcon_core.package_identification[0m [1;30mLevel 1[0m _identify(lerobot/src/lerobot/policies/tdmpc) by extensions ['ros']
[1.962s] [34mcolcon.colcon_core.package_identification[0m [1;30mLevel 1[0m _identify(lerobot/src/lerobot/policies/tdmpc) by extension 'ros'
[1.962s] [34mcolcon.colcon_core.package_identification[0m [1;30mLevel 1[0m _identify(lerobot/src/lerobot/policies/tdmpc) by extensions ['cmake', 'python']
[1.962s] [34mcolcon.colcon_core.package_identification[0m [1;30mLevel 1[0m _identify(lerobot/src/lerobot/policies/tdmpc) by extension 'cmake'
[1.962s] [34mcolcon.colcon_core.package_identification[0m [1;30mLevel 1[0m _identify(lerobot/src/lerobot/policies/tdmpc) by extension 'python'
[1.962s] [34mcolcon.colcon_core.package_identification[0m [1;30mLevel 1[0m _identify(lerobot/src/lerobot/policies/tdmpc) by extensions ['python_setup_py']
[1.962s] [34mcolcon.colcon_core.package_identification[0m [1;30mLevel 1[0m _identify(lerobot/src/lerobot/policies/tdmpc) by extension 'python_setup_py'
[1.966s] [34mcolcon.colcon_core.package_identification[0m [1;30mLevel 1[0m _identify(lerobot/src/lerobot/policies/vqbet) by extensions ['ignore', 'ignore_ament_install']
[1.966s] [34mcolcon.colcon_core.package_identification[0m [1;30mLevel 1[0m _identify(lerobot/src/lerobot/policies/vqbet) by extension 'ignore'
[1.966s] [34mcolcon.colcon_core.package_identification[0m [1;30mLevel 1[0m _identify(lerobot/src/lerobot/policies/vqbet) by extension 'ignore_ament_install'
[1.966s] [34mcolcon.colcon_core.package_identification[0m [1;30mLevel 1[0m _identify(lerobot/src/lerobot/policies/vqbet) by extensions ['colcon_pkg']
[1.966s] [34mcolcon.colcon_core.package_identification[0m [1;30mLevel 1[0m _identify(lerobot/src/lerobot/policies/vqbet) by extension 'colcon_pkg'
[1.966s] [34mcolcon.colcon_core.package_identification[0m [1;30mLevel 1[0m _identify(lerobot/src/lerobot/policies/vqbet) by extensions ['colcon_meta']
[1.966s] [34mcolcon.colcon_core.package_identification[0m [1;30mLevel 1[0m _identify(lerobot/src/lerobot/policies/vqbet) by extension 'colcon_meta'
[1.966s] [34mcolcon.colcon_core.package_identification[0m [1;30mLevel 1[0m _identify(lerobot/src/lerobot/policies/vqbet) by extensions ['ros']
[1.966s] [34mcolcon.colcon_core.package_identification[0m [1;30mLevel 1[0m _identify(lerobot/src/lerobot/policies/vqbet) by extension 'ros'
[1.967s] [34mcolcon.colcon_core.package_identification[0m [1;30mLevel 1[0m _identify(lerobot/src/lerobot/policies/vqbet) by extensions ['cmake', 'python']
[1.967s] [34mcolcon.colcon_core.package_identification[0m [1;30mLevel 1[0m _identify(lerobot/src/lerobot/policies/vqbet) by extension 'cmake'
[1.967s] [34mcolcon.colcon_core.package_identification[0m [1;30mLevel 1[0m _identify(lerobot/src/lerobot/policies/vqbet) by extension 'python'
[1.967s] [34mcolcon.colcon_core.package_identification[0m [1;30mLevel 1[0m _identify(lerobot/src/lerobot/policies/vqbet) by extensions ['python_setup_py']
[1.967s] [34mcolcon.colcon_core.package_identification[0m [1;30mLevel 1[0m _identify(lerobot/src/lerobot/policies/vqbet) by extension 'python_setup_py'
[1.968s] [34mcolcon.colcon_core.package_identification[0m [1;30mLevel 1[0m _identify(lerobot/src/lerobot/processor) by extensions ['ignore', 'ignore_ament_install']
[1.968s] [34mcolcon.colcon_core.package_identification[0m [1;30mLevel 1[0m _identify(lerobot/src/lerobot/processor) by extension 'ignore'
[1.968s] [34mcolcon.colcon_core.package_identification[0m [1;30mLevel 1[0m _identify(lerobot/src/lerobot/processor) by extension 'ignore_ament_install'
[1.968s] [34mcolcon.colcon_core.package_identification[0m [1;30mLevel 1[0m _identify(lerobot/src/lerobot/processor) by extensions ['colcon_pkg']
[1.968s] [34mcolcon.colcon_core.package_identification[0m [1;30mLevel 1[0m _identify(lerobot/src/lerobot/processor) by extension 'colcon_pkg'
[1.968s] [34mcolcon.colcon_core.package_identification[0m [1;30mLevel 1[0m _identify(lerobot/src/lerobot/processor) by extensions ['colcon_meta']
[1.968s] [34mcolcon.colcon_core.package_identification[0m [1;30mLevel 1[0m _identify(lerobot/src/lerobot/processor) by extension 'colcon_meta'
[1.969s] [34mcolcon.colcon_core.package_identification[0m [1;30mLevel 1[0m _identify(lerobot/src/lerobot/processor) by extensions ['ros']
[1.969s] [34mcolcon.colcon_core.package_identification[0m [1;30mLevel 1[0m _identify(lerobot/src/lerobot/processor) by extension 'ros'
[1.969s] [34mcolcon.colcon_core.package_identification[0m [1;30mLevel 1[0m _identify(lerobot/src/lerobot/processor) by extensions ['cmake', 'python']
[1.969s] [34mcolcon.colcon_core.package_identification[0m [1;30mLevel 1[0m _identify(lerobot/src/lerobot/processor) by extension 'cmake'
[1.969s] [34mcolcon.colcon_core.package_identification[0m [1;30mLevel 1[0m _identify(lerobot/src/lerobot/processor) by extension 'python'
[1.969s] [34mcolcon.colcon_core.package_identification[0m [1;30mLevel 1[0m _identify(lerobot/src/lerobot/processor) by extensions ['python_setup_py']
[1.969s] [34mcolcon.colcon_core.package_identification[0m [1;30mLevel 1[0m _identify(lerobot/src/lerobot/processor) by extension 'python_setup_py'
[1.970s] [34mcolcon.colcon_core.package_identification[0m [1;30mLevel 1[0m _identify(lerobot/src/lerobot/rl) by extensions ['ignore', 'ignore_ament_install']
[1.970s] [34mcolcon.colcon_core.package_identification[0m [1;30mLevel 1[0m _identify(lerobot/src/lerobot/rl) by extension 'ignore'
[1.970s] [34mcolcon.colcon_core.package_identification[0m [1;30mLevel 1[0m _identify(lerobot/src/lerobot/rl) by extension 'ignore_ament_install'
[1.970s] [34mcolcon.colcon_core.package_identification[0m [1;30mLevel 1[0m _identify(lerobot/src/lerobot/rl) by extensions ['colcon_pkg']
[1.970s] [34mcolcon.colcon_core.package_identification[0m [1;30mLevel 1[0m _identify(lerobot/src/lerobot/rl) by extension 'colcon_pkg'
[1.970s] [34mcolcon.colcon_core.package_identification[0m [1;30mLevel 1[0m _identify(lerobot/src/lerobot/rl) by extensions ['colcon_meta']
[1.970s] [34mcolcon.colcon_core.package_identification[0m [1;30mLevel 1[0m _identify(lerobot/src/lerobot/rl) by extension 'colcon_meta'
[1.970s] [34mcolcon.colcon_core.package_identification[0m [1;30mLevel 1[0m _identify(lerobot/src/lerobot/rl) by extensions ['ros']
[1.970s] [34mcolcon.colcon_core.package_identification[0m [1;30mLevel 1[0m _identify(lerobot/src/lerobot/rl) by extension 'ros'
[1.970s] [34mcolcon.colcon_core.package_identification[0m [1;30mLevel 1[0m _identify(lerobot/src/lerobot/rl) by extensions ['cmake', 'python']
[1.970s] [34mcolcon.colcon_core.package_identification[0m [1;30mLevel 1[0m _identify(lerobot/src/lerobot/rl) by extension 'cmake'
[1.970s] [34mcolcon.colcon_core.package_identification[0m [1;30mLevel 1[0m _identify(lerobot/src/lerobot/rl) by extension 'python'
[1.970s] [34mcolcon.colcon_core.package_identification[0m [1;30mLevel 1[0m _identify(lerobot/src/lerobot/rl) by extensions ['python_setup_py']
[1.970s] [34mcolcon.colcon_core.package_identification[0m [1;30mLevel 1[0m _identify(lerobot/src/lerobot/rl) by extension 'python_setup_py'
[1.971s] [34mcolcon.colcon_core.package_identification[0m [1;30mLevel 1[0m _identify(lerobot/src/lerobot/robots) by extensions ['ignore', 'ignore_ament_install']
[1.971s] [34mcolcon.colcon_core.package_identification[0m [1;30mLevel 1[0m _identify(lerobot/src/lerobot/robots) by extension 'ignore'
[1.972s] [34mcolcon.colcon_core.package_identification[0m [1;30mLevel 1[0m _identify(lerobot/src/lerobot/robots) by extension 'ignore_ament_install'
[1.972s] [34mcolcon.colcon_core.package_identification[0m [1;30mLevel 1[0m _identify(lerobot/src/lerobot/robots) by extensions ['colcon_pkg']
[1.972s] [34mcolcon.colcon_core.package_identification[0m [1;30mLevel 1[0m _identify(lerobot/src/lerobot/robots) by extension 'colcon_pkg'
[1.972s] [34mcolcon.colcon_core.package_identification[0m [1;30mLevel 1[0m _identify(lerobot/src/lerobot/robots) by extensions ['colcon_meta']
[1.972s] [34mcolcon.colcon_core.package_identification[0m [1;30mLevel 1[0m _identify(lerobot/src/lerobot/robots) by extension 'colcon_meta'
[1.972s] [34mcolcon.colcon_core.package_identification[0m [1;30mLevel 1[0m _identify(lerobot/src/lerobot/robots) by extensions ['ros']
[1.972s] [34mcolcon.colcon_core.package_identification[0m [1;30mLevel 1[0m _identify(lerobot/src/lerobot/robots) by extension 'ros'
[1.972s] [34mcolcon.colcon_core.package_identification[0m [1;30mLevel 1[0m _identify(lerobot/src/lerobot/robots) by extensions ['cmake', 'python']
[1.972s] [34mcolcon.colcon_core.package_identification[0m [1;30mLevel 1[0m _identify(lerobot/src/lerobot/robots) by extension 'cmake'
[1.972s] [34mcolcon.colcon_core.package_identification[0m [1;30mLevel 1[0m _identify(lerobot/src/lerobot/robots) by extension 'python'
[1.972s] [34mcolcon.colcon_core.package_identification[0m [1;30mLevel 1[0m _identify(lerobot/src/lerobot/robots) by extensions ['python_setup_py']
[1.972s] [34mcolcon.colcon_core.package_identification[0m [1;30mLevel 1[0m _identify(lerobot/src/lerobot/robots) by extension 'python_setup_py'
[1.973s] [34mcolcon.colcon_core.package_identification[0m [1;30mLevel 1[0m _identify(lerobot/src/lerobot/robots/__pycache__) by extensions ['ignore', 'ignore_ament_install']
[1.973s] [34mcolcon.colcon_core.package_identification[0m [1;30mLevel 1[0m _identify(lerobot/src/lerobot/robots/__pycache__) by extension 'ignore'
[1.974s] [34mcolcon.colcon_core.package_identification[0m [1;30mLevel 1[0m _identify(lerobot/src/lerobot/robots/__pycache__) by extension 'ignore_ament_install'
[1.974s] [34mcolcon.colcon_core.package_identification[0m [1;30mLevel 1[0m _identify(lerobot/src/lerobot/robots/__pycache__) by extensions ['colcon_pkg']
[1.974s] [34mcolcon.colcon_core.package_identification[0m [1;30mLevel 1[0m _identify(lerobot/src/lerobot/robots/__pycache__) by extension 'colcon_pkg'
[1.974s] [34mcolcon.colcon_core.package_identification[0m [1;30mLevel 1[0m _identify(lerobot/src/lerobot/robots/__pycache__) by extensions ['colcon_meta']
[1.974s] [34mcolcon.colcon_core.package_identification[0m [1;30mLevel 1[0m _identify(lerobot/src/lerobot/robots/__pycache__) by extension 'colcon_meta'
[1.974s] [34mcolcon.colcon_core.package_identification[0m [1;30mLevel 1[0m _identify(lerobot/src/lerobot/robots/__pycache__) by extensions ['ros']
[1.974s] [34mcolcon.colcon_core.package_identification[0m [1;30mLevel 1[0m _identify(lerobot/src/lerobot/robots/__pycache__) by extension 'ros'
[1.974s] [34mcolcon.colcon_core.package_identification[0m [1;30mLevel 1[0m _identify(lerobot/src/lerobot/robots/__pycache__) by extensions ['cmake', 'python']
[1.974s] [34mcolcon.colcon_core.package_identification[0m [1;30mLevel 1[0m _identify(lerobot/src/lerobot/robots/__pycache__) by extension 'cmake'
[1.974s] [34mcolcon.colcon_core.package_identification[0m [1;30mLevel 1[0m _identify(lerobot/src/lerobot/robots/__pycache__) by extension 'python'
[1.974s] [34mcolcon.colcon_core.package_identification[0m [1;30mLevel 1[0m _identify(lerobot/src/lerobot/robots/__pycache__) by extensions ['python_setup_py']
[1.974s] [34mcolcon.colcon_core.package_identification[0m [1;30mLevel 1[0m _identify(lerobot/src/lerobot/robots/__pycache__) by extension 'python_setup_py'
[1.975s] [34mcolcon.colcon_core.package_identification[0m [1;30mLevel 1[0m _identify(lerobot/src/lerobot/robots/bi_so100_follower) by extensions ['ignore', 'ignore_ament_install']
[1.975s] [34mcolcon.colcon_core.package_identification[0m [1;30mLevel 1[0m _identify(lerobot/src/lerobot/robots/bi_so100_follower) by extension 'ignore'
[1.975s] [34mcolcon.colcon_core.package_identification[0m [1;30mLevel 1[0m _identify(lerobot/src/lerobot/robots/bi_so100_follower) by extension 'ignore_ament_install'
[1.975s] [34mcolcon.colcon_core.package_identification[0m [1;30mLevel 1[0m _identify(lerobot/src/lerobot/robots/bi_so100_follower) by extensions ['colcon_pkg']
[1.975s] [34mcolcon.colcon_core.package_identification[0m [1;30mLevel 1[0m _identify(lerobot/src/lerobot/robots/bi_so100_follower) by extension 'colcon_pkg'
[1.975s] [34mcolcon.colcon_core.package_identification[0m [1;30mLevel 1[0m _identify(lerobot/src/lerobot/robots/bi_so100_follower) by extensions ['colcon_meta']
[1.975s] [34mcolcon.colcon_core.package_identification[0m [1;30mLevel 1[0m _identify(lerobot/src/lerobot/robots/bi_so100_follower) by extension 'colcon_meta'
[1.975s] [34mcolcon.colcon_core.package_identification[0m [1;30mLevel 1[0m _identify(lerobot/src/lerobot/robots/bi_so100_follower) by extensions ['ros']
[1.975s] [34mcolcon.colcon_core.package_identification[0m [1;30mLevel 1[0m _identify(lerobot/src/lerobot/robots/bi_so100_follower) by extension 'ros'
[1.976s] [34mcolcon.colcon_core.package_identification[0m [1;30mLevel 1[0m _identify(lerobot/src/lerobot/robots/bi_so100_follower) by extensions ['cmake', 'python']
[1.976s] [34mcolcon.colcon_core.package_identification[0m [1;30mLevel 1[0m _identify(lerobot/src/lerobot/robots/bi_so100_follower) by extension 'cmake'
[1.976s] [34mcolcon.colcon_core.package_identification[0m [1;30mLevel 1[0m _identify(lerobot/src/lerobot/robots/bi_so100_follower) by extension 'python'
[1.976s] [34mcolcon.colcon_core.package_identification[0m [1;30mLevel 1[0m _identify(lerobot/src/lerobot/robots/bi_so100_follower) by extensions ['python_setup_py']
[1.976s] [34mcolcon.colcon_core.package_identification[0m [1;30mLevel 1[0m _identify(lerobot/src/lerobot/robots/bi_so100_follower) by extension 'python_setup_py'
[1.977s] [34mcolcon.colcon_core.package_identification[0m [1;30mLevel 1[0m _identify(lerobot/src/lerobot/robots/hope_jr) by extensions ['ignore', 'ignore_ament_install']
[1.977s] [34mcolcon.colcon_core.package_identification[0m [1;30mLevel 1[0m _identify(lerobot/src/lerobot/robots/hope_jr) by extension 'ignore'
[1.977s] [34mcolcon.colcon_core.package_identification[0m [1;30mLevel 1[0m _identify(lerobot/src/lerobot/robots/hope_jr) by extension 'ignore_ament_install'
[1.977s] [34mcolcon.colcon_core.package_identification[0m [1;30mLevel 1[0m _identify(lerobot/src/lerobot/robots/hope_jr) by extensions ['colcon_pkg']
[1.977s] [34mcolcon.colcon_core.package_identification[0m [1;30mLevel 1[0m _identify(lerobot/src/lerobot/robots/hope_jr) by extension 'colcon_pkg'
[1.977s] [34mcolcon.colcon_core.package_identification[0m [1;30mLevel 1[0m _identify(lerobot/src/lerobot/robots/hope_jr) by extensions ['colcon_meta']
[1.977s] [34mcolcon.colcon_core.package_identification[0m [1;30mLevel 1[0m _identify(lerobot/src/lerobot/robots/hope_jr) by extension 'colcon_meta'
[1.977s] [34mcolcon.colcon_core.package_identification[0m [1;30mLevel 1[0m _identify(lerobot/src/lerobot/robots/hope_jr) by extensions ['ros']
[1.977s] [34mcolcon.colcon_core.package_identification[0m [1;30mLevel 1[0m _identify(lerobot/src/lerobot/robots/hope_jr) by extension 'ros'
[1.977s] [34mcolcon.colcon_core.package_identification[0m [1;30mLevel 1[0m _identify(lerobot/src/lerobot/robots/hope_jr) by extensions ['cmake', 'python']
[1.977s] [34mcolcon.colcon_core.package_identification[0m [1;30mLevel 1[0m _identify(lerobot/src/lerobot/robots/hope_jr) by extension 'cmake'
[1.977s] [34mcolcon.colcon_core.package_identification[0m [1;30mLevel 1[0m _identify(lerobot/src/lerobot/robots/hope_jr) by extension 'python'
[1.977s] [34mcolcon.colcon_core.package_identification[0m [1;30mLevel 1[0m _identify(lerobot/src/lerobot/robots/hope_jr) by extensions ['python_setup_py']
[1.977s] [34mcolcon.colcon_core.package_identification[0m [1;30mLevel 1[0m _identify(lerobot/src/lerobot/robots/hope_jr) by extension 'python_setup_py'
[1.978s] [34mcolcon.colcon_core.package_identification[0m [1;30mLevel 1[0m _identify(lerobot/src/lerobot/robots/hope_jr/__pycache__) by extensions ['ignore', 'ignore_ament_install']
[1.978s] [34mcolcon.colcon_core.package_identification[0m [1;30mLevel 1[0m _identify(lerobot/src/lerobot/robots/hope_jr/__pycache__) by extension 'ignore'
[1.978s] [34mcolcon.colcon_core.package_identification[0m [1;30mLevel 1[0m _identify(lerobot/src/lerobot/robots/hope_jr/__pycache__) by extension 'ignore_ament_install'
[1.979s] [34mcolcon.colcon_core.package_identification[0m [1;30mLevel 1[0m _identify(lerobot/src/lerobot/robots/hope_jr/__pycache__) by extensions ['colcon_pkg']
[1.979s] [34mcolcon.colcon_core.package_identification[0m [1;30mLevel 1[0m _identify(lerobot/src/lerobot/robots/hope_jr/__pycache__) by extension 'colcon_pkg'
[1.979s] [34mcolcon.colcon_core.package_identification[0m [1;30mLevel 1[0m _identify(lerobot/src/lerobot/robots/hope_jr/__pycache__) by extensions ['colcon_meta']
[1.979s] [34mcolcon.colcon_core.package_identification[0m [1;30mLevel 1[0m _identify(lerobot/src/lerobot/robots/hope_jr/__pycache__) by extension 'colcon_meta'
[1.979s] [34mcolcon.colcon_core.package_identification[0m [1;30mLevel 1[0m _identify(lerobot/src/lerobot/robots/hope_jr/__pycache__) by extensions ['ros']
[1.979s] [34mcolcon.colcon_core.package_identification[0m [1;30mLevel 1[0m _identify(lerobot/src/lerobot/robots/hope_jr/__pycache__) by extension 'ros'
[1.979s] [34mcolcon.colcon_core.package_identification[0m [1;30mLevel 1[0m _identify(lerobot/src/lerobot/robots/hope_jr/__pycache__) by extensions ['cmake', 'python']
[1.979s] [34mcolcon.colcon_core.package_identification[0m [1;30mLevel 1[0m _identify(lerobot/src/lerobot/robots/hope_jr/__pycache__) by extension 'cmake'
[1.979s] [34mcolcon.colcon_core.package_identification[0m [1;30mLevel 1[0m _identify(lerobot/src/lerobot/robots/hope_jr/__pycache__) by extension 'python'
[1.979s] [34mcolcon.colcon_core.package_identification[0m [1;30mLevel 1[0m _identify(lerobot/src/lerobot/robots/hope_jr/__pycache__) by extensions ['python_setup_py']
[1.979s] [34mcolcon.colcon_core.package_identification[0m [1;30mLevel 1[0m _identify(lerobot/src/lerobot/robots/hope_jr/__pycache__) by extension 'python_setup_py'
[1.980s] [34mcolcon.colcon_core.package_identification[0m [1;30mLevel 1[0m _identify(lerobot/src/lerobot/robots/koch_follower) by extensions ['ignore', 'ignore_ament_install']
[1.980s] [34mcolcon.colcon_core.package_identification[0m [1;30mLevel 1[0m _identify(lerobot/src/lerobot/robots/koch_follower) by extension 'ignore'
[1.980s] [34mcolcon.colcon_core.package_identification[0m [1;30mLevel 1[0m _identify(lerobot/src/lerobot/robots/koch_follower) by extension 'ignore_ament_install'
[1.980s] [34mcolcon.colcon_core.package_identification[0m [1;30mLevel 1[0m _identify(lerobot/src/lerobot/robots/koch_follower) by extensions ['colcon_pkg']
[1.980s] [34mcolcon.colcon_core.package_identification[0m [1;30mLevel 1[0m _identify(lerobot/src/lerobot/robots/koch_follower) by extension 'colcon_pkg'
[1.980s] [34mcolcon.colcon_core.package_identification[0m [1;30mLevel 1[0m _identify(lerobot/src/lerobot/robots/koch_follower) by extensions ['colcon_meta']
[1.980s] [34mcolcon.colcon_core.package_identification[0m [1;30mLevel 1[0m _identify(lerobot/src/lerobot/robots/koch_follower) by extension 'colcon_meta'
[1.980s] [34mcolcon.colcon_core.package_identification[0m [1;30mLevel 1[0m _identify(lerobot/src/lerobot/robots/koch_follower) by extensions ['ros']
[1.980s] [34mcolcon.colcon_core.package_identification[0m [1;30mLevel 1[0m _identify(lerobot/src/lerobot/robots/koch_follower) by extension 'ros'
[1.981s] [34mcolcon.colcon_core.package_identification[0m [1;30mLevel 1[0m _identify(lerobot/src/lerobot/robots/koch_follower) by extensions ['cmake', 'python']
[1.981s] [34mcolcon.colcon_core.package_identification[0m [1;30mLevel 1[0m _identify(lerobot/src/lerobot/robots/koch_follower) by extension 'cmake'
[1.981s] [34mcolcon.colcon_core.package_identification[0m [1;30mLevel 1[0m _identify(lerobot/src/lerobot/robots/koch_follower) by extension 'python'
[1.981s] [34mcolcon.colcon_core.package_identification[0m [1;30mLevel 1[0m _identify(lerobot/src/lerobot/robots/koch_follower) by extensions ['python_setup_py']
[1.981s] [34mcolcon.colcon_core.package_identification[0m [1;30mLevel 1[0m _identify(lerobot/src/lerobot/robots/koch_follower) by extension 'python_setup_py'
[1.982s] [34mcolcon.colcon_core.package_identification[0m [1;30mLevel 1[0m _identify(lerobot/src/lerobot/robots/koch_follower/__pycache__) by extensions ['ignore', 'ignore_ament_install']
[1.982s] [34mcolcon.colcon_core.package_identification[0m [1;30mLevel 1[0m _identify(lerobot/src/lerobot/robots/koch_follower/__pycache__) by extension 'ignore'
[1.982s] [34mcolcon.colcon_core.package_identification[0m [1;30mLevel 1[0m _identify(lerobot/src/lerobot/robots/koch_follower/__pycache__) by extension 'ignore_ament_install'
[1.983s] [34mcolcon.colcon_core.package_identification[0m [1;30mLevel 1[0m _identify(lerobot/src/lerobot/robots/koch_follower/__pycache__) by extensions ['colcon_pkg']
[1.983s] [34mcolcon.colcon_core.package_identification[0m [1;30mLevel 1[0m _identify(lerobot/src/lerobot/robots/koch_follower/__pycache__) by extension 'colcon_pkg'
[1.983s] [34mcolcon.colcon_core.package_identification[0m [1;30mLevel 1[0m _identify(lerobot/src/lerobot/robots/koch_follower/__pycache__) by extensions ['colcon_meta']
[1.983s] [34mcolcon.colcon_core.package_identification[0m [1;30mLevel 1[0m _identify(lerobot/src/lerobot/robots/koch_follower/__pycache__) by extension 'colcon_meta'
[1.983s] [34mcolcon.colcon_core.package_identification[0m [1;30mLevel 1[0m _identify(lerobot/src/lerobot/robots/koch_follower/__pycache__) by extensions ['ros']
[1.983s] [34mcolcon.colcon_core.package_identification[0m [1;30mLevel 1[0m _identify(lerobot/src/lerobot/robots/koch_follower/__pycache__) by extension 'ros'
[1.983s] [34mcolcon.colcon_core.package_identification[0m [1;30mLevel 1[0m _identify(lerobot/src/lerobot/robots/koch_follower/__pycache__) by extensions ['cmake', 'python']
[1.983s] [34mcolcon.colcon_core.package_identification[0m [1;30mLevel 1[0m _identify(lerobot/src/lerobot/robots/koch_follower/__pycache__) by extension 'cmake'
[1.983s] [34mcolcon.colcon_core.package_identification[0m [1;30mLevel 1[0m _identify(lerobot/src/lerobot/robots/koch_follower/__pycache__) by extension 'python'
[1.983s] [34mcolcon.colcon_core.package_identification[0m [1;30mLevel 1[0m _identify(lerobot/src/lerobot/robots/koch_follower/__pycache__) by extensions ['python_setup_py']
[1.983s] [34mcolcon.colcon_core.package_identification[0m [1;30mLevel 1[0m _identify(lerobot/src/lerobot/robots/koch_follower/__pycache__) by extension 'python_setup_py'
[1.984s] [34mcolcon.colcon_core.package_identification[0m [1;30mLevel 1[0m _identify(lerobot/src/lerobot/robots/lekiwi) by extensions ['ignore', 'ignore_ament_install']
[1.984s] [34mcolcon.colcon_core.package_identification[0m [1;30mLevel 1[0m _identify(lerobot/src/lerobot/robots/lekiwi) by extension 'ignore'
[1.984s] [34mcolcon.colcon_core.package_identification[0m [1;30mLevel 1[0m _identify(lerobot/src/lerobot/robots/lekiwi) by extension 'ignore_ament_install'
[1.984s] [34mcolcon.colcon_core.package_identification[0m [1;30mLevel 1[0m _identify(lerobot/src/lerobot/robots/lekiwi) by extensions ['colcon_pkg']
[1.984s] [34mcolcon.colcon_core.package_identification[0m [1;30mLevel 1[0m _identify(lerobot/src/lerobot/robots/lekiwi) by extension 'colcon_pkg'
[1.984s] [34mcolcon.colcon_core.package_identification[0m [1;30mLevel 1[0m _identify(lerobot/src/lerobot/robots/lekiwi) by extensions ['colcon_meta']
[1.985s] [34mcolcon.colcon_core.package_identification[0m [1;30mLevel 1[0m _identify(lerobot/src/lerobot/robots/lekiwi) by extension 'colcon_meta'
[1.985s] [34mcolcon.colcon_core.package_identification[0m [1;30mLevel 1[0m _identify(lerobot/src/lerobot/robots/lekiwi) by extensions ['ros']
[1.985s] [34mcolcon.colcon_core.package_identification[0m [1;30mLevel 1[0m _identify(lerobot/src/lerobot/robots/lekiwi) by extension 'ros'
[1.985s] [34mcolcon.colcon_core.package_identification[0m [1;30mLevel 1[0m _identify(lerobot/src/lerobot/robots/lekiwi) by extensions ['cmake', 'python']
[1.985s] [34mcolcon.colcon_core.package_identification[0m [1;30mLevel 1[0m _identify(lerobot/src/lerobot/robots/lekiwi) by extension 'cmake'
[1.985s] [34mcolcon.colcon_core.package_identification[0m [1;30mLevel 1[0m _identify(lerobot/src/lerobot/robots/lekiwi) by extension 'python'
[1.985s] [34mcolcon.colcon_core.package_identification[0m [1;30mLevel 1[0m _identify(lerobot/src/lerobot/robots/lekiwi) by extensions ['python_setup_py']
[1.985s] [34mcolcon.colcon_core.package_identification[0m [1;30mLevel 1[0m _identify(lerobot/src/lerobot/robots/lekiwi) by extension 'python_setup_py'
[1.986s] [34mcolcon.colcon_core.package_identification[0m [1;30mLevel 1[0m _identify(lerobot/src/lerobot/robots/lekiwi/__pycache__) by extensions ['ignore', 'ignore_ament_install']
[1.986s] [34mcolcon.colcon_core.package_identification[0m [1;30mLevel 1[0m _identify(lerobot/src/lerobot/robots/lekiwi/__pycache__) by extension 'ignore'
[1.986s] [34mcolcon.colcon_core.package_identification[0m [1;30mLevel 1[0m _identify(lerobot/src/lerobot/robots/lekiwi/__pycache__) by extension 'ignore_ament_install'
[1.986s] [34mcolcon.colcon_core.package_identification[0m [1;30mLevel 1[0m _identify(lerobot/src/lerobot/robots/lekiwi/__pycache__) by extensions ['colcon_pkg']
[1.986s] [34mcolcon.colcon_core.package_identification[0m [1;30mLevel 1[0m _identify(lerobot/src/lerobot/robots/lekiwi/__pycache__) by extension 'colcon_pkg'
[1.986s] [34mcolcon.colcon_core.package_identification[0m [1;30mLevel 1[0m _identify(lerobot/src/lerobot/robots/lekiwi/__pycache__) by extensions ['colcon_meta']
[1.986s] [34mcolcon.colcon_core.package_identification[0m [1;30mLevel 1[0m _identify(lerobot/src/lerobot/robots/lekiwi/__pycache__) by extension 'colcon_meta'
[1.986s] [34mcolcon.colcon_core.package_identification[0m [1;30mLevel 1[0m _identify(lerobot/src/lerobot/robots/lekiwi/__pycache__) by extensions ['ros']
[1.986s] [34mcolcon.colcon_core.package_identification[0m [1;30mLevel 1[0m _identify(lerobot/src/lerobot/robots/lekiwi/__pycache__) by extension 'ros'
[1.986s] [34mcolcon.colcon_core.package_identification[0m [1;30mLevel 1[0m _identify(lerobot/src/lerobot/robots/lekiwi/__pycache__) by extensions ['cmake', 'python']
[1.986s] [34mcolcon.colcon_core.package_identification[0m [1;30mLevel 1[0m _identify(lerobot/src/lerobot/robots/lekiwi/__pycache__) by extension 'cmake'
[1.986s] [34mcolcon.colcon_core.package_identification[0m [1;30mLevel 1[0m _identify(lerobot/src/lerobot/robots/lekiwi/__pycache__) by extension 'python'
[1.986s] [34mcolcon.colcon_core.package_identification[0m [1;30mLevel 1[0m _identify(lerobot/src/lerobot/robots/lekiwi/__pycache__) by extensions ['python_setup_py']
[1.986s] [34mcolcon.colcon_core.package_identification[0m [1;30mLevel 1[0m _identify(lerobot/src/lerobot/robots/lekiwi/__pycache__) by extension 'python_setup_py'
[1.987s] [34mcolcon.colcon_core.package_identification[0m [1;30mLevel 1[0m _identify(lerobot/src/lerobot/robots/reachy2) by extensions ['ignore', 'ignore_ament_install']
[1.988s] [34mcolcon.colcon_core.package_identification[0m [1;30mLevel 1[0m _identify(lerobot/src/lerobot/robots/reachy2) by extension 'ignore'
[1.988s] [34mcolcon.colcon_core.package_identification[0m [1;30mLevel 1[0m _identify(lerobot/src/lerobot/robots/reachy2) by extension 'ignore_ament_install'
[1.988s] [34mcolcon.colcon_core.package_identification[0m [1;30mLevel 1[0m _identify(lerobot/src/lerobot/robots/reachy2) by extensions ['colcon_pkg']
[1.988s] [34mcolcon.colcon_core.package_identification[0m [1;30mLevel 1[0m _identify(lerobot/src/lerobot/robots/reachy2) by extension 'colcon_pkg'
[1.988s] [34mcolcon.colcon_core.package_identification[0m [1;30mLevel 1[0m _identify(lerobot/src/lerobot/robots/reachy2) by extensions ['colcon_meta']
[1.988s] [34mcolcon.colcon_core.package_identification[0m [1;30mLevel 1[0m _identify(lerobot/src/lerobot/robots/reachy2) by extension 'colcon_meta'
[1.988s] [34mcolcon.colcon_core.package_identification[0m [1;30mLevel 1[0m _identify(lerobot/src/lerobot/robots/reachy2) by extensions ['ros']
[1.988s] [34mcolcon.colcon_core.package_identification[0m [1;30mLevel 1[0m _identify(lerobot/src/lerobot/robots/reachy2) by extension 'ros'
[1.988s] [34mcolcon.colcon_core.package_identification[0m [1;30mLevel 1[0m _identify(lerobot/src/lerobot/robots/reachy2) by extensions ['cmake', 'python']
[1.988s] [34mcolcon.colcon_core.package_identification[0m [1;30mLevel 1[0m _identify(lerobot/src/lerobot/robots/reachy2) by extension 'cmake'
[1.988s] [34mcolcon.colcon_core.package_identification[0m [1;30mLevel 1[0m _identify(lerobot/src/lerobot/robots/reachy2) by extension 'python'
[1.988s] [34mcolcon.colcon_core.package_identification[0m [1;30mLevel 1[0m _identify(lerobot/src/lerobot/robots/reachy2) by extensions ['python_setup_py']
[1.988s] [34mcolcon.colcon_core.package_identification[0m [1;30mLevel 1[0m _identify(lerobot/src/lerobot/robots/reachy2) by extension 'python_setup_py'
[1.989s] [34mcolcon.colcon_core.package_identification[0m [1;30mLevel 1[0m _identify(lerobot/src/lerobot/robots/so100_follower) by extensions ['ignore', 'ignore_ament_install']
[1.989s] [34mcolcon.colcon_core.package_identification[0m [1;30mLevel 1[0m _identify(lerobot/src/lerobot/robots/so100_follower) by extension 'ignore'
[1.989s] [34mcolcon.colcon_core.package_identification[0m [1;30mLevel 1[0m _identify(lerobot/src/lerobot/robots/so100_follower) by extension 'ignore_ament_install'
[1.989s] [34mcolcon.colcon_core.package_identification[0m [1;30mLevel 1[0m _identify(lerobot/src/lerobot/robots/so100_follower) by extensions ['colcon_pkg']
[1.989s] [34mcolcon.colcon_core.package_identification[0m [1;30mLevel 1[0m _identify(lerobot/src/lerobot/robots/so100_follower) by extension 'colcon_pkg'
[1.989s] [34mcolcon.colcon_core.package_identification[0m [1;30mLevel 1[0m _identify(lerobot/src/lerobot/robots/so100_follower) by extensions ['colcon_meta']
[1.989s] [34mcolcon.colcon_core.package_identification[0m [1;30mLevel 1[0m _identify(lerobot/src/lerobot/robots/so100_follower) by extension 'colcon_meta'
[1.990s] [34mcolcon.colcon_core.package_identification[0m [1;30mLevel 1[0m _identify(lerobot/src/lerobot/robots/so100_follower) by extensions ['ros']
[1.990s] [34mcolcon.colcon_core.package_identification[0m [1;30mLevel 1[0m _identify(lerobot/src/lerobot/robots/so100_follower) by extension 'ros'
[1.990s] [34mcolcon.colcon_core.package_identification[0m [1;30mLevel 1[0m _identify(lerobot/src/lerobot/robots/so100_follower) by extensions ['cmake', 'python']
[1.990s] [34mcolcon.colcon_core.package_identification[0m [1;30mLevel 1[0m _identify(lerobot/src/lerobot/robots/so100_follower) by extension 'cmake'
[1.990s] [34mcolcon.colcon_core.package_identification[0m [1;30mLevel 1[0m _identify(lerobot/src/lerobot/robots/so100_follower) by extension 'python'
[1.990s] [34mcolcon.colcon_core.package_identification[0m [1;30mLevel 1[0m _identify(lerobot/src/lerobot/robots/so100_follower) by extensions ['python_setup_py']
[1.990s] [34mcolcon.colcon_core.package_identification[0m [1;30mLevel 1[0m _identify(lerobot/src/lerobot/robots/so100_follower) by extension 'python_setup_py'
[1.991s] [34mcolcon.colcon_core.package_identification[0m [1;30mLevel 1[0m _identify(lerobot/src/lerobot/robots/so100_follower/__pycache__) by extensions ['ignore', 'ignore_ament_install']
[1.991s] [34mcolcon.colcon_core.package_identification[0m [1;30mLevel 1[0m _identify(lerobot/src/lerobot/robots/so100_follower/__pycache__) by extension 'ignore'
[1.991s] [34mcolcon.colcon_core.package_identification[0m [1;30mLevel 1[0m _identify(lerobot/src/lerobot/robots/so100_follower/__pycache__) by extension 'ignore_ament_install'
[1.991s] [34mcolcon.colcon_core.package_identification[0m [1;30mLevel 1[0m _identify(lerobot/src/lerobot/robots/so100_follower/__pycache__) by extensions ['colcon_pkg']
[1.991s] [34mcolcon.colcon_core.package_identification[0m [1;30mLevel 1[0m _identify(lerobot/src/lerobot/robots/so100_follower/__pycache__) by extension 'colcon_pkg'
[1.991s] [34mcolcon.colcon_core.package_identification[0m [1;30mLevel 1[0m _identify(lerobot/src/lerobot/robots/so100_follower/__pycache__) by extensions ['colcon_meta']
[1.991s] [34mcolcon.colcon_core.package_identification[0m [1;30mLevel 1[0m _identify(lerobot/src/lerobot/robots/so100_follower/__pycache__) by extension 'colcon_meta'
[1.991s] [34mcolcon.colcon_core.package_identification[0m [1;30mLevel 1[0m _identify(lerobot/src/lerobot/robots/so100_follower/__pycache__) by extensions ['ros']
[1.991s] [34mcolcon.colcon_core.package_identification[0m [1;30mLevel 1[0m _identify(lerobot/src/lerobot/robots/so100_follower/__pycache__) by extension 'ros'
[1.991s] [34mcolcon.colcon_core.package_identification[0m [1;30mLevel 1[0m _identify(lerobot/src/lerobot/robots/so100_follower/__pycache__) by extensions ['cmake', 'python']
[1.991s] [34mcolcon.colcon_core.package_identification[0m [1;30mLevel 1[0m _identify(lerobot/src/lerobot/robots/so100_follower/__pycache__) by extension 'cmake'
[1.991s] [34mcolcon.colcon_core.package_identification[0m [1;30mLevel 1[0m _identify(lerobot/src/lerobot/robots/so100_follower/__pycache__) by extension 'python'
[1.991s] [34mcolcon.colcon_core.package_identification[0m [1;30mLevel 1[0m _identify(lerobot/src/lerobot/robots/so100_follower/__pycache__) by extensions ['python_setup_py']
[1.991s] [34mcolcon.colcon_core.package_identification[0m [1;30mLevel 1[0m _identify(lerobot/src/lerobot/robots/so100_follower/__pycache__) by extension 'python_setup_py'
[1.993s] [34mcolcon.colcon_core.package_identification[0m [1;30mLevel 1[0m _identify(lerobot/src/lerobot/robots/so101_follower) by extensions ['ignore', 'ignore_ament_install']
[1.993s] [34mcolcon.colcon_core.package_identification[0m [1;30mLevel 1[0m _identify(lerobot/src/lerobot/robots/so101_follower) by extension 'ignore'
[1.993s] [34mcolcon.colcon_core.package_identification[0m [1;30mLevel 1[0m _identify(lerobot/src/lerobot/robots/so101_follower) by extension 'ignore_ament_install'
[1.993s] [34mcolcon.colcon_core.package_identification[0m [1;30mLevel 1[0m _identify(lerobot/src/lerobot/robots/so101_follower) by extensions ['colcon_pkg']
[1.993s] [34mcolcon.colcon_core.package_identification[0m [1;30mLevel 1[0m _identify(lerobot/src/lerobot/robots/so101_follower) by extension 'colcon_pkg'
[1.993s] [34mcolcon.colcon_core.package_identification[0m [1;30mLevel 1[0m _identify(lerobot/src/lerobot/robots/so101_follower) by extensions ['colcon_meta']
[1.993s] [34mcolcon.colcon_core.package_identification[0m [1;30mLevel 1[0m _identify(lerobot/src/lerobot/robots/so101_follower) by extension 'colcon_meta'
[1.993s] [34mcolcon.colcon_core.package_identification[0m [1;30mLevel 1[0m _identify(lerobot/src/lerobot/robots/so101_follower) by extensions ['ros']
[1.993s] [34mcolcon.colcon_core.package_identification[0m [1;30mLevel 1[0m _identify(lerobot/src/lerobot/robots/so101_follower) by extension 'ros'
[1.993s] [34mcolcon.colcon_core.package_identification[0m [1;30mLevel 1[0m _identify(lerobot/src/lerobot/robots/so101_follower) by extensions ['cmake', 'python']
[1.993s] [34mcolcon.colcon_core.package_identification[0m [1;30mLevel 1[0m _identify(lerobot/src/lerobot/robots/so101_follower) by extension 'cmake'
[1.993s] [34mcolcon.colcon_core.package_identification[0m [1;30mLevel 1[0m _identify(lerobot/src/lerobot/robots/so101_follower) by extension 'python'
[1.993s] [34mcolcon.colcon_core.package_identification[0m [1;30mLevel 1[0m _identify(lerobot/src/lerobot/robots/so101_follower) by extensions ['python_setup_py']
[1.993s] [34mcolcon.colcon_core.package_identification[0m [1;30mLevel 1[0m _identify(lerobot/src/lerobot/robots/so101_follower) by extension 'python_setup_py'
[1.994s] [34mcolcon.colcon_core.package_identification[0m [1;30mLevel 1[0m _identify(lerobot/src/lerobot/robots/so101_follower/__pycache__) by extensions ['ignore', 'ignore_ament_install']
[1.994s] [34mcolcon.colcon_core.package_identification[0m [1;30mLevel 1[0m _identify(lerobot/src/lerobot/robots/so101_follower/__pycache__) by extension 'ignore'
[1.994s] [34mcolcon.colcon_core.package_identification[0m [1;30mLevel 1[0m _identify(lerobot/src/lerobot/robots/so101_follower/__pycache__) by extension 'ignore_ament_install'
[1.994s] [34mcolcon.colcon_core.package_identification[0m [1;30mLevel 1[0m _identify(lerobot/src/lerobot/robots/so101_follower/__pycache__) by extensions ['colcon_pkg']
[1.995s] [34mcolcon.colcon_core.package_identification[0m [1;30mLevel 1[0m _identify(lerobot/src/lerobot/robots/so101_follower/__pycache__) by extension 'colcon_pkg'
[1.995s] [34mcolcon.colcon_core.package_identification[0m [1;30mLevel 1[0m _identify(lerobot/src/lerobot/robots/so101_follower/__pycache__) by extensions ['colcon_meta']
[1.995s] [34mcolcon.colcon_core.package_identification[0m [1;30mLevel 1[0m _identify(lerobot/src/lerobot/robots/so101_follower/__pycache__) by extension 'colcon_meta'
[1.995s] [34mcolcon.colcon_core.package_identification[0m [1;30mLevel 1[0m _identify(lerobot/src/lerobot/robots/so101_follower/__pycache__) by extensions ['ros']
[1.995s] [34mcolcon.colcon_core.package_identification[0m [1;30mLevel 1[0m _identify(lerobot/src/lerobot/robots/so101_follower/__pycache__) by extension 'ros'
[1.995s] [34mcolcon.colcon_core.package_identification[0m [1;30mLevel 1[0m _identify(lerobot/src/lerobot/robots/so101_follower/__pycache__) by extensions ['cmake', 'python']
[1.995s] [34mcolcon.colcon_core.package_identification[0m [1;30mLevel 1[0m _identify(lerobot/src/lerobot/robots/so101_follower/__pycache__) by extension 'cmake'
[1.995s] [34mcolcon.colcon_core.package_identification[0m [1;30mLevel 1[0m _identify(lerobot/src/lerobot/robots/so101_follower/__pycache__) by extension 'python'
[1.995s] [34mcolcon.colcon_core.package_identification[0m [1;30mLevel 1[0m _identify(lerobot/src/lerobot/robots/so101_follower/__pycache__) by extensions ['python_setup_py']
[1.995s] [34mcolcon.colcon_core.package_identification[0m [1;30mLevel 1[0m _identify(lerobot/src/lerobot/robots/so101_follower/__pycache__) by extension 'python_setup_py'
[1.996s] [34mcolcon.colcon_core.package_identification[0m [1;30mLevel 1[0m _identify(lerobot/src/lerobot/robots/unitree_g1) by extensions ['ignore', 'ignore_ament_install']
[1.996s] [34mcolcon.colcon_core.package_identification[0m [1;30mLevel 1[0m _identify(lerobot/src/lerobot/robots/unitree_g1) by extension 'ignore'
[1.996s] [34mcolcon.colcon_core.package_identification[0m [1;30mLevel 1[0m _identify(lerobot/src/lerobot/robots/unitree_g1) by extension 'ignore_ament_install'
[1.996s] [34mcolcon.colcon_core.package_identification[0m [1;30mLevel 1[0m _identify(lerobot/src/lerobot/robots/unitree_g1) by extensions ['colcon_pkg']
[1.996s] [34mcolcon.colcon_core.package_identification[0m [1;30mLevel 1[0m _identify(lerobot/src/lerobot/robots/unitree_g1) by extension 'colcon_pkg'
[1.996s] [34mcolcon.colcon_core.package_identification[0m [1;30mLevel 1[0m _identify(lerobot/src/lerobot/robots/unitree_g1) by extensions ['colcon_meta']
[1.996s] [34mcolcon.colcon_core.package_identification[0m [1;30mLevel 1[0m _identify(lerobot/src/lerobot/robots/unitree_g1) by extension 'colcon_meta'
[1.996s] [34mcolcon.colcon_core.package_identification[0m [1;30mLevel 1[0m _identify(lerobot/src/lerobot/robots/unitree_g1) by extensions ['ros']
[1.996s] [34mcolcon.colcon_core.package_identification[0m [1;30mLevel 1[0m _identify(lerobot/src/lerobot/robots/unitree_g1) by extension 'ros'
[1.996s] [34mcolcon.colcon_core.package_identification[0m [1;30mLevel 1[0m _identify(lerobot/src/lerobot/robots/unitree_g1) by extensions ['cmake', 'python']
[1.996s] [34mcolcon.colcon_core.package_identification[0m [1;30mLevel 1[0m _identify(lerobot/src/lerobot/robots/unitree_g1) by extension 'cmake'
[1.997s] [34mcolcon.colcon_core.package_identification[0m [1;30mLevel 1[0m _identify(lerobot/src/lerobot/robots/unitree_g1) by extension 'python'
[1.997s] [34mcolcon.colcon_core.package_identification[0m [1;30mLevel 1[0m _identify(lerobot/src/lerobot/robots/unitree_g1) by extensions ['python_setup_py']
[1.997s] [34mcolcon.colcon_core.package_identification[0m [1;30mLevel 1[0m _identify(lerobot/src/lerobot/robots/unitree_g1) by extension 'python_setup_py'
[1.998s] [34mcolcon.colcon_core.package_identification[0m [1;30mLevel 1[0m _identify(lerobot/src/lerobot/scripts) by extensions ['ignore', 'ignore_ament_install']
[1.998s] [34mcolcon.colcon_core.package_identification[0m [1;30mLevel 1[0m _identify(lerobot/src/lerobot/scripts) by extension 'ignore'
[1.998s] [34mcolcon.colcon_core.package_identification[0m [1;30mLevel 1[0m _identify(lerobot/src/lerobot/scripts) by extension 'ignore_ament_install'
[1.998s] [34mcolcon.colcon_core.package_identification[0m [1;30mLevel 1[0m _identify(lerobot/src/lerobot/scripts) by extensions ['colcon_pkg']
[1.998s] [34mcolcon.colcon_core.package_identification[0m [1;30mLevel 1[0m _identify(lerobot/src/lerobot/scripts) by extension 'colcon_pkg'
[1.998s] [34mcolcon.colcon_core.package_identification[0m [1;30mLevel 1[0m _identify(lerobot/src/lerobot/scripts) by extensions ['colcon_meta']
[1.998s] [34mcolcon.colcon_core.package_identification[0m [1;30mLevel 1[0m _identify(lerobot/src/lerobot/scripts) by extension 'colcon_meta'
[1.998s] [34mcolcon.colcon_core.package_identification[0m [1;30mLevel 1[0m _identify(lerobot/src/lerobot/scripts) by extensions ['ros']
[1.998s] [34mcolcon.colcon_core.package_identification[0m [1;30mLevel 1[0m _identify(lerobot/src/lerobot/scripts) by extension 'ros'
[1.998s] [34mcolcon.colcon_core.package_identification[0m [1;30mLevel 1[0m _identify(lerobot/src/lerobot/scripts) by extensions ['cmake', 'python']
[1.998s] [34mcolcon.colcon_core.package_identification[0m [1;30mLevel 1[0m _identify(lerobot/src/lerobot/scripts) by extension 'cmake'
[1.998s] [34mcolcon.colcon_core.package_identification[0m [1;30mLevel 1[0m _identify(lerobot/src/lerobot/scripts) by extension 'python'
[1.998s] [34mcolcon.colcon_core.package_identification[0m [1;30mLevel 1[0m _identify(lerobot/src/lerobot/scripts) by extensions ['python_setup_py']
[1.998s] [34mcolcon.colcon_core.package_identification[0m [1;30mLevel 1[0m _identify(lerobot/src/lerobot/scripts) by extension 'python_setup_py'
[1.999s] [34mcolcon.colcon_core.package_identification[0m [1;30mLevel 1[0m _identify(lerobot/src/lerobot/scripts/__pycache__) by extensions ['ignore', 'ignore_ament_install']
[1.999s] [34mcolcon.colcon_core.package_identification[0m [1;30mLevel 1[0m _identify(lerobot/src/lerobot/scripts/__pycache__) by extension 'ignore'
[1.999s] [34mcolcon.colcon_core.package_identification[0m [1;30mLevel 1[0m _identify(lerobot/src/lerobot/scripts/__pycache__) by extension 'ignore_ament_install'
[2.000s] [34mcolcon.colcon_core.package_identification[0m [1;30mLevel 1[0m _identify(lerobot/src/lerobot/scripts/__pycache__) by extensions ['colcon_pkg']
[2.000s] [34mcolcon.colcon_core.package_identification[0m [1;30mLevel 1[0m _identify(lerobot/src/lerobot/scripts/__pycache__) by extension 'colcon_pkg'
[2.000s] [34mcolcon.colcon_core.package_identification[0m [1;30mLevel 1[0m _identify(lerobot/src/lerobot/scripts/__pycache__) by extensions ['colcon_meta']
[2.000s] [34mcolcon.colcon_core.package_identification[0m [1;30mLevel 1[0m _identify(lerobot/src/lerobot/scripts/__pycache__) by extension 'colcon_meta'
[2.000s] [34mcolcon.colcon_core.package_identification[0m [1;30mLevel 1[0m _identify(lerobot/src/lerobot/scripts/__pycache__) by extensions ['ros']
[2.000s] [34mcolcon.colcon_core.package_identification[0m [1;30mLevel 1[0m _identify(lerobot/src/lerobot/scripts/__pycache__) by extension 'ros'
[2.000s] [34mcolcon.colcon_core.package_identification[0m [1;30mLevel 1[0m _identify(lerobot/src/lerobot/scripts/__pycache__) by extensions ['cmake', 'python']
[2.000s] [34mcolcon.colcon_core.package_identification[0m [1;30mLevel 1[0m _identify(lerobot/src/lerobot/scripts/__pycache__) by extension 'cmake'
[2.000s] [34mcolcon.colcon_core.package_identification[0m [1;30mLevel 1[0m _identify(lerobot/src/lerobot/scripts/__pycache__) by extension 'python'
[2.000s] [34mcolcon.colcon_core.package_identification[0m [1;30mLevel 1[0m _identify(lerobot/src/lerobot/scripts/__pycache__) by extensions ['python_setup_py']
[2.000s] [34mcolcon.colcon_core.package_identification[0m [1;30mLevel 1[0m _identify(lerobot/src/lerobot/scripts/__pycache__) by extension 'python_setup_py'
[2.001s] [34mcolcon.colcon_core.package_identification[0m [1;30mLevel 1[0m _identify(lerobot/src/lerobot/teleoperators) by extensions ['ignore', 'ignore_ament_install']
[2.001s] [34mcolcon.colcon_core.package_identification[0m [1;30mLevel 1[0m _identify(lerobot/src/lerobot/teleoperators) by extension 'ignore'
[2.001s] [34mcolcon.colcon_core.package_identification[0m [1;30mLevel 1[0m _identify(lerobot/src/lerobot/teleoperators) by extension 'ignore_ament_install'
[2.001s] [34mcolcon.colcon_core.package_identification[0m [1;30mLevel 1[0m _identify(lerobot/src/lerobot/teleoperators) by extensions ['colcon_pkg']
[2.001s] [34mcolcon.colcon_core.package_identification[0m [1;30mLevel 1[0m _identify(lerobot/src/lerobot/teleoperators) by extension 'colcon_pkg'
[2.001s] [34mcolcon.colcon_core.package_identification[0m [1;30mLevel 1[0m _identify(lerobot/src/lerobot/teleoperators) by extensions ['colcon_meta']
[2.001s] [34mcolcon.colcon_core.package_identification[0m [1;30mLevel 1[0m _identify(lerobot/src/lerobot/teleoperators) by extension 'colcon_meta'
[2.001s] [34mcolcon.colcon_core.package_identification[0m [1;30mLevel 1[0m _identify(lerobot/src/lerobot/teleoperators) by extensions ['ros']
[2.001s] [34mcolcon.colcon_core.package_identification[0m [1;30mLevel 1[0m _identify(lerobot/src/lerobot/teleoperators) by extension 'ros'
[2.001s] [34mcolcon.colcon_core.package_identification[0m [1;30mLevel 1[0m _identify(lerobot/src/lerobot/teleoperators) by extensions ['cmake', 'python']
[2.001s] [34mcolcon.colcon_core.package_identification[0m [1;30mLevel 1[0m _identify(lerobot/src/lerobot/teleoperators) by extension 'cmake'
[2.002s] [34mcolcon.colcon_core.package_identification[0m [1;30mLevel 1[0m _identify(lerobot/src/lerobot/teleoperators) by extension 'python'
[2.002s] [34mcolcon.colcon_core.package_identification[0m [1;30mLevel 1[0m _identify(lerobot/src/lerobot/teleoperators) by extensions ['python_setup_py']
[2.002s] [34mcolcon.colcon_core.package_identification[0m [1;30mLevel 1[0m _identify(lerobot/src/lerobot/teleoperators) by extension 'python_setup_py'
[2.003s] [34mcolcon.colcon_core.package_identification[0m [1;30mLevel 1[0m _identify(lerobot/src/lerobot/teleoperators/__pycache__) by extensions ['ignore', 'ignore_ament_install']
[2.003s] [34mcolcon.colcon_core.package_identification[0m [1;30mLevel 1[0m _identify(lerobot/src/lerobot/teleoperators/__pycache__) by extension 'ignore'
[2.003s] [34mcolcon.colcon_core.package_identification[0m [1;30mLevel 1[0m _identify(lerobot/src/lerobot/teleoperators/__pycache__) by extension 'ignore_ament_install'
[2.003s] [34mcolcon.colcon_core.package_identification[0m [1;30mLevel 1[0m _identify(lerobot/src/lerobot/teleoperators/__pycache__) by extensions ['colcon_pkg']
[2.003s] [34mcolcon.colcon_core.package_identification[0m [1;30mLevel 1[0m _identify(lerobot/src/lerobot/teleoperators/__pycache__) by extension 'colcon_pkg'
[2.003s] [34mcolcon.colcon_core.package_identification[0m [1;30mLevel 1[0m _identify(lerobot/src/lerobot/teleoperators/__pycache__) by extensions ['colcon_meta']
[2.003s] [34mcolcon.colcon_core.package_identification[0m [1;30mLevel 1[0m _identify(lerobot/src/lerobot/teleoperators/__pycache__) by extension 'colcon_meta'
[2.003s] [34mcolcon.colcon_core.package_identification[0m [1;30mLevel 1[0m _identify(lerobot/src/lerobot/teleoperators/__pycache__) by extensions ['ros']
[2.003s] [34mcolcon.colcon_core.package_identification[0m [1;30mLevel 1[0m _identify(lerobot/src/lerobot/teleoperators/__pycache__) by extension 'ros'
[2.003s] [34mcolcon.colcon_core.package_identification[0m [1;30mLevel 1[0m _identify(lerobot/src/lerobot/teleoperators/__pycache__) by extensions ['cmake', 'python']
[2.003s] [34mcolcon.colcon_core.package_identification[0m [1;30mLevel 1[0m _identify(lerobot/src/lerobot/teleoperators/__pycache__) by extension 'cmake'
[2.003s] [34mcolcon.colcon_core.package_identification[0m [1;30mLevel 1[0m _identify(lerobot/src/lerobot/teleoperators/__pycache__) by extension 'python'
[2.003s] [34mcolcon.colcon_core.package_identification[0m [1;30mLevel 1[0m _identify(lerobot/src/lerobot/teleoperators/__pycache__) by extensions ['python_setup_py']
[2.003s] [34mcolcon.colcon_core.package_identification[0m [1;30mLevel 1[0m _identify(lerobot/src/lerobot/teleoperators/__pycache__) by extension 'python_setup_py'
[2.004s] [34mcolcon.colcon_core.package_identification[0m [1;30mLevel 1[0m _identify(lerobot/src/lerobot/teleoperators/bi_so100_leader) by extensions ['ignore', 'ignore_ament_install']
[2.004s] [34mcolcon.colcon_core.package_identification[0m [1;30mLevel 1[0m _identify(lerobot/src/lerobot/teleoperators/bi_so100_leader) by extension 'ignore'
[2.004s] [34mcolcon.colcon_core.package_identification[0m [1;30mLevel 1[0m _identify(lerobot/src/lerobot/teleoperators/bi_so100_leader) by extension 'ignore_ament_install'
[2.004s] [34mcolcon.colcon_core.package_identification[0m [1;30mLevel 1[0m _identify(lerobot/src/lerobot/teleoperators/bi_so100_leader) by extensions ['colcon_pkg']
[2.005s] [34mcolcon.colcon_core.package_identification[0m [1;30mLevel 1[0m _identify(lerobot/src/lerobot/teleoperators/bi_so100_leader) by extension 'colcon_pkg'
[2.005s] [34mcolcon.colcon_core.package_identification[0m [1;30mLevel 1[0m _identify(lerobot/src/lerobot/teleoperators/bi_so100_leader) by extensions ['colcon_meta']
[2.005s] [34mcolcon.colcon_core.package_identification[0m [1;30mLevel 1[0m _identify(lerobot/src/lerobot/teleoperators/bi_so100_leader) by extension 'colcon_meta'
[2.005s] [34mcolcon.colcon_core.package_identification[0m [1;30mLevel 1[0m _identify(lerobot/src/lerobot/teleoperators/bi_so100_leader) by extensions ['ros']
[2.005s] [34mcolcon.colcon_core.package_identification[0m [1;30mLevel 1[0m _identify(lerobot/src/lerobot/teleoperators/bi_so100_leader) by extension 'ros'
[2.005s] [34mcolcon.colcon_core.package_identification[0m [1;30mLevel 1[0m _identify(lerobot/src/lerobot/teleoperators/bi_so100_leader) by extensions ['cmake', 'python']
[2.005s] [34mcolcon.colcon_core.package_identification[0m [1;30mLevel 1[0m _identify(lerobot/src/lerobot/teleoperators/bi_so100_leader) by extension 'cmake'
[2.005s] [34mcolcon.colcon_core.package_identification[0m [1;30mLevel 1[0m _identify(lerobot/src/lerobot/teleoperators/bi_so100_leader) by extension 'python'
[2.005s] [34mcolcon.colcon_core.package_identification[0m [1;30mLevel 1[0m _identify(lerobot/src/lerobot/teleoperators/bi_so100_leader) by extensions ['python_setup_py']
[2.005s] [34mcolcon.colcon_core.package_identification[0m [1;30mLevel 1[0m _identify(lerobot/src/lerobot/teleoperators/bi_so100_leader) by extension 'python_setup_py'
[2.006s] [34mcolcon.colcon_core.package_identification[0m [1;30mLevel 1[0m _identify(lerobot/src/lerobot/teleoperators/gamepad) by extensions ['ignore', 'ignore_ament_install']
[2.006s] [34mcolcon.colcon_core.package_identification[0m [1;30mLevel 1[0m _identify(lerobot/src/lerobot/teleoperators/gamepad) by extension 'ignore'
[2.006s] [34mcolcon.colcon_core.package_identification[0m [1;30mLevel 1[0m _identify(lerobot/src/lerobot/teleoperators/gamepad) by extension 'ignore_ament_install'
[2.006s] [34mcolcon.colcon_core.package_identification[0m [1;30mLevel 1[0m _identify(lerobot/src/lerobot/teleoperators/gamepad) by extensions ['colcon_pkg']
[2.006s] [34mcolcon.colcon_core.package_identification[0m [1;30mLevel 1[0m _identify(lerobot/src/lerobot/teleoperators/gamepad) by extension 'colcon_pkg'
[2.006s] [34mcolcon.colcon_core.package_identification[0m [1;30mLevel 1[0m _identify(lerobot/src/lerobot/teleoperators/gamepad) by extensions ['colcon_meta']
[2.006s] [34mcolcon.colcon_core.package_identification[0m [1;30mLevel 1[0m _identify(lerobot/src/lerobot/teleoperators/gamepad) by extension 'colcon_meta'
[2.006s] [34mcolcon.colcon_core.package_identification[0m [1;30mLevel 1[0m _identify(lerobot/src/lerobot/teleoperators/gamepad) by extensions ['ros']
[2.006s] [34mcolcon.colcon_core.package_identification[0m [1;30mLevel 1[0m _identify(lerobot/src/lerobot/teleoperators/gamepad) by extension 'ros'
[2.007s] [34mcolcon.colcon_core.package_identification[0m [1;30mLevel 1[0m _identify(lerobot/src/lerobot/teleoperators/gamepad) by extensions ['cmake', 'python']
[2.007s] [34mcolcon.colcon_core.package_identification[0m [1;30mLevel 1[0m _identify(lerobot/src/lerobot/teleoperators/gamepad) by extension 'cmake'
[2.007s] [34mcolcon.colcon_core.package_identification[0m [1;30mLevel 1[0m _identify(lerobot/src/lerobot/teleoperators/gamepad) by extension 'python'
[2.007s] [34mcolcon.colcon_core.package_identification[0m [1;30mLevel 1[0m _identify(lerobot/src/lerobot/teleoperators/gamepad) by extensions ['python_setup_py']
[2.007s] [34mcolcon.colcon_core.package_identification[0m [1;30mLevel 1[0m _identify(lerobot/src/lerobot/teleoperators/gamepad) by extension 'python_setup_py'
[2.008s] [34mcolcon.colcon_core.package_identification[0m [1;30mLevel 1[0m _identify(lerobot/src/lerobot/teleoperators/homunculus) by extensions ['ignore', 'ignore_ament_install']
[2.008s] [34mcolcon.colcon_core.package_identification[0m [1;30mLevel 1[0m _identify(lerobot/src/lerobot/teleoperators/homunculus) by extension 'ignore'
[2.008s] [34mcolcon.colcon_core.package_identification[0m [1;30mLevel 1[0m _identify(lerobot/src/lerobot/teleoperators/homunculus) by extension 'ignore_ament_install'
[2.008s] [34mcolcon.colcon_core.package_identification[0m [1;30mLevel 1[0m _identify(lerobot/src/lerobot/teleoperators/homunculus) by extensions ['colcon_pkg']
[2.008s] [34mcolcon.colcon_core.package_identification[0m [1;30mLevel 1[0m _identify(lerobot/src/lerobot/teleoperators/homunculus) by extension 'colcon_pkg'
[2.008s] [34mcolcon.colcon_core.package_identification[0m [1;30mLevel 1[0m _identify(lerobot/src/lerobot/teleoperators/homunculus) by extensions ['colcon_meta']
[2.008s] [34mcolcon.colcon_core.package_identification[0m [1;30mLevel 1[0m _identify(lerobot/src/lerobot/teleoperators/homunculus) by extension 'colcon_meta'
[2.008s] [34mcolcon.colcon_core.package_identification[0m [1;30mLevel 1[0m _identify(lerobot/src/lerobot/teleoperators/homunculus) by extensions ['ros']
[2.008s] [34mcolcon.colcon_core.package_identification[0m [1;30mLevel 1[0m _identify(lerobot/src/lerobot/teleoperators/homunculus) by extension 'ros'
[2.008s] [34mcolcon.colcon_core.package_identification[0m [1;30mLevel 1[0m _identify(lerobot/src/lerobot/teleoperators/homunculus) by extensions ['cmake', 'python']
[2.008s] [34mcolcon.colcon_core.package_identification[0m [1;30mLevel 1[0m _identify(lerobot/src/lerobot/teleoperators/homunculus) by extension 'cmake'
[2.008s] [34mcolcon.colcon_core.package_identification[0m [1;30mLevel 1[0m _identify(lerobot/src/lerobot/teleoperators/homunculus) by extension 'python'
[2.008s] [34mcolcon.colcon_core.package_identification[0m [1;30mLevel 1[0m _identify(lerobot/src/lerobot/teleoperators/homunculus) by extensions ['python_setup_py']
[2.008s] [34mcolcon.colcon_core.package_identification[0m [1;30mLevel 1[0m _identify(lerobot/src/lerobot/teleoperators/homunculus) by extension 'python_setup_py'
[2.009s] [34mcolcon.colcon_core.package_identification[0m [1;30mLevel 1[0m _identify(lerobot/src/lerobot/teleoperators/homunculus/__pycache__) by extensions ['ignore', 'ignore_ament_install']
[2.009s] [34mcolcon.colcon_core.package_identification[0m [1;30mLevel 1[0m _identify(lerobot/src/lerobot/teleoperators/homunculus/__pycache__) by extension 'ignore'
[2.010s] [34mcolcon.colcon_core.package_identification[0m [1;30mLevel 1[0m _identify(lerobot/src/lerobot/teleoperators/homunculus/__pycache__) by extension 'ignore_ament_install'
[2.010s] [34mcolcon.colcon_core.package_identification[0m [1;30mLevel 1[0m _identify(lerobot/src/lerobot/teleoperators/homunculus/__pycache__) by extensions ['colcon_pkg']
[2.010s] [34mcolcon.colcon_core.package_identification[0m [1;30mLevel 1[0m _identify(lerobot/src/lerobot/teleoperators/homunculus/__pycache__) by extension 'colcon_pkg'
[2.010s] [34mcolcon.colcon_core.package_identification[0m [1;30mLevel 1[0m _identify(lerobot/src/lerobot/teleoperators/homunculus/__pycache__) by extensions ['colcon_meta']
[2.010s] [34mcolcon.colcon_core.package_identification[0m [1;30mLevel 1[0m _identify(lerobot/src/lerobot/teleoperators/homunculus/__pycache__) by extension 'colcon_meta'
[2.010s] [34mcolcon.colcon_core.package_identification[0m [1;30mLevel 1[0m _identify(lerobot/src/lerobot/teleoperators/homunculus/__pycache__) by extensions ['ros']
[2.010s] [34mcolcon.colcon_core.package_identification[0m [1;30mLevel 1[0m _identify(lerobot/src/lerobot/teleoperators/homunculus/__pycache__) by extension 'ros'
[2.010s] [34mcolcon.colcon_core.package_identification[0m [1;30mLevel 1[0m _identify(lerobot/src/lerobot/teleoperators/homunculus/__pycache__) by extensions ['cmake', 'python']
[2.010s] [34mcolcon.colcon_core.package_identification[0m [1;30mLevel 1[0m _identify(lerobot/src/lerobot/teleoperators/homunculus/__pycache__) by extension 'cmake'
[2.010s] [34mcolcon.colcon_core.package_identification[0m [1;30mLevel 1[0m _identify(lerobot/src/lerobot/teleoperators/homunculus/__pycache__) by extension 'python'
[2.010s] [34mcolcon.colcon_core.package_identification[0m [1;30mLevel 1[0m _identify(lerobot/src/lerobot/teleoperators/homunculus/__pycache__) by extensions ['python_setup_py']
[2.010s] [34mcolcon.colcon_core.package_identification[0m [1;30mLevel 1[0m _identify(lerobot/src/lerobot/teleoperators/homunculus/__pycache__) by extension 'python_setup_py'
[2.011s] [34mcolcon.colcon_core.package_identification[0m [1;30mLevel 1[0m _identify(lerobot/src/lerobot/teleoperators/keyboard) by extensions ['ignore', 'ignore_ament_install']
[2.011s] [34mcolcon.colcon_core.package_identification[0m [1;30mLevel 1[0m _identify(lerobot/src/lerobot/teleoperators/keyboard) by extension 'ignore'
[2.011s] [34mcolcon.colcon_core.package_identification[0m [1;30mLevel 1[0m _identify(lerobot/src/lerobot/teleoperators/keyboard) by extension 'ignore_ament_install'
[2.011s] [34mcolcon.colcon_core.package_identification[0m [1;30mLevel 1[0m _identify(lerobot/src/lerobot/teleoperators/keyboard) by extensions ['colcon_pkg']
[2.011s] [34mcolcon.colcon_core.package_identification[0m [1;30mLevel 1[0m _identify(lerobot/src/lerobot/teleoperators/keyboard) by extension 'colcon_pkg'
[2.011s] [34mcolcon.colcon_core.package_identification[0m [1;30mLevel 1[0m _identify(lerobot/src/lerobot/teleoperators/keyboard) by extensions ['colcon_meta']
[2.011s] [34mcolcon.colcon_core.package_identification[0m [1;30mLevel 1[0m _identify(lerobot/src/lerobot/teleoperators/keyboard) by extension 'colcon_meta'
[2.012s] [34mcolcon.colcon_core.package_identification[0m [1;30mLevel 1[0m _identify(lerobot/src/lerobot/teleoperators/keyboard) by extensions ['ros']
[2.012s] [34mcolcon.colcon_core.package_identification[0m [1;30mLevel 1[0m _identify(lerobot/src/lerobot/teleoperators/keyboard) by extension 'ros'
[2.012s] [34mcolcon.colcon_core.package_identification[0m [1;30mLevel 1[0m _identify(lerobot/src/lerobot/teleoperators/keyboard) by extensions ['cmake', 'python']
[2.012s] [34mcolcon.colcon_core.package_identification[0m [1;30mLevel 1[0m _identify(lerobot/src/lerobot/teleoperators/keyboard) by extension 'cmake'
[2.012s] [34mcolcon.colcon_core.package_identification[0m [1;30mLevel 1[0m _identify(lerobot/src/lerobot/teleoperators/keyboard) by extension 'python'
[2.012s] [34mcolcon.colcon_core.package_identification[0m [1;30mLevel 1[0m _identify(lerobot/src/lerobot/teleoperators/keyboard) by extensions ['python_setup_py']
[2.012s] [34mcolcon.colcon_core.package_identification[0m [1;30mLevel 1[0m _identify(lerobot/src/lerobot/teleoperators/keyboard) by extension 'python_setup_py'
[2.013s] [34mcolcon.colcon_core.package_identification[0m [1;30mLevel 1[0m _identify(lerobot/src/lerobot/teleoperators/koch_leader) by extensions ['ignore', 'ignore_ament_install']
[2.013s] [34mcolcon.colcon_core.package_identification[0m [1;30mLevel 1[0m _identify(lerobot/src/lerobot/teleoperators/koch_leader) by extension 'ignore'
[2.013s] [34mcolcon.colcon_core.package_identification[0m [1;30mLevel 1[0m _identify(lerobot/src/lerobot/teleoperators/koch_leader) by extension 'ignore_ament_install'
[2.013s] [34mcolcon.colcon_core.package_identification[0m [1;30mLevel 1[0m _identify(lerobot/src/lerobot/teleoperators/koch_leader) by extensions ['colcon_pkg']
[2.013s] [34mcolcon.colcon_core.package_identification[0m [1;30mLevel 1[0m _identify(lerobot/src/lerobot/teleoperators/koch_leader) by extension 'colcon_pkg'
[2.013s] [34mcolcon.colcon_core.package_identification[0m [1;30mLevel 1[0m _identify(lerobot/src/lerobot/teleoperators/koch_leader) by extensions ['colcon_meta']
[2.013s] [34mcolcon.colcon_core.package_identification[0m [1;30mLevel 1[0m _identify(lerobot/src/lerobot/teleoperators/koch_leader) by extension 'colcon_meta'
[2.013s] [34mcolcon.colcon_core.package_identification[0m [1;30mLevel 1[0m _identify(lerobot/src/lerobot/teleoperators/koch_leader) by extensions ['ros']
[2.013s] [34mcolcon.colcon_core.package_identification[0m [1;30mLevel 1[0m _identify(lerobot/src/lerobot/teleoperators/koch_leader) by extension 'ros'
[2.013s] [34mcolcon.colcon_core.package_identification[0m [1;30mLevel 1[0m _identify(lerobot/src/lerobot/teleoperators/koch_leader) by extensions ['cmake', 'python']
[2.013s] [34mcolcon.colcon_core.package_identification[0m [1;30mLevel 1[0m _identify(lerobot/src/lerobot/teleoperators/koch_leader) by extension 'cmake'
[2.013s] [34mcolcon.colcon_core.package_identification[0m [1;30mLevel 1[0m _identify(lerobot/src/lerobot/teleoperators/koch_leader) by extension 'python'
[2.013s] [34mcolcon.colcon_core.package_identification[0m [1;30mLevel 1[0m _identify(lerobot/src/lerobot/teleoperators/koch_leader) by extensions ['python_setup_py']
[2.013s] [34mcolcon.colcon_core.package_identification[0m [1;30mLevel 1[0m _identify(lerobot/src/lerobot/teleoperators/koch_leader) by extension 'python_setup_py'
[2.014s] [34mcolcon.colcon_core.package_identification[0m [1;30mLevel 1[0m _identify(lerobot/src/lerobot/teleoperators/koch_leader/__pycache__) by extensions ['ignore', 'ignore_ament_install']
[2.015s] [34mcolcon.colcon_core.package_identification[0m [1;30mLevel 1[0m _identify(lerobot/src/lerobot/teleoperators/koch_leader/__pycache__) by extension 'ignore'
[2.015s] [34mcolcon.colcon_core.package_identification[0m [1;30mLevel 1[0m _identify(lerobot/src/lerobot/teleoperators/koch_leader/__pycache__) by extension 'ignore_ament_install'
[2.015s] [34mcolcon.colcon_core.package_identification[0m [1;30mLevel 1[0m _identify(lerobot/src/lerobot/teleoperators/koch_leader/__pycache__) by extensions ['colcon_pkg']
[2.015s] [34mcolcon.colcon_core.package_identification[0m [1;30mLevel 1[0m _identify(lerobot/src/lerobot/teleoperators/koch_leader/__pycache__) by extension 'colcon_pkg'
[2.015s] [34mcolcon.colcon_core.package_identification[0m [1;30mLevel 1[0m _identify(lerobot/src/lerobot/teleoperators/koch_leader/__pycache__) by extensions ['colcon_meta']
[2.015s] [34mcolcon.colcon_core.package_identification[0m [1;30mLevel 1[0m _identify(lerobot/src/lerobot/teleoperators/koch_leader/__pycache__) by extension 'colcon_meta'
[2.015s] [34mcolcon.colcon_core.package_identification[0m [1;30mLevel 1[0m _identify(lerobot/src/lerobot/teleoperators/koch_leader/__pycache__) by extensions ['ros']
[2.015s] [34mcolcon.colcon_core.package_identification[0m [1;30mLevel 1[0m _identify(lerobot/src/lerobot/teleoperators/koch_leader/__pycache__) by extension 'ros'
[2.015s] [34mcolcon.colcon_core.package_identification[0m [1;30mLevel 1[0m _identify(lerobot/src/lerobot/teleoperators/koch_leader/__pycache__) by extensions ['cmake', 'python']
[2.015s] [34mcolcon.colcon_core.package_identification[0m [1;30mLevel 1[0m _identify(lerobot/src/lerobot/teleoperators/koch_leader/__pycache__) by extension 'cmake'
[2.015s] [34mcolcon.colcon_core.package_identification[0m [1;30mLevel 1[0m _identify(lerobot/src/lerobot/teleoperators/koch_leader/__pycache__) by extension 'python'
[2.015s] [34mcolcon.colcon_core.package_identification[0m [1;30mLevel 1[0m _identify(lerobot/src/lerobot/teleoperators/koch_leader/__pycache__) by extensions ['python_setup_py']
[2.015s] [34mcolcon.colcon_core.package_identification[0m [1;30mLevel 1[0m _identify(lerobot/src/lerobot/teleoperators/koch_leader/__pycache__) by extension 'python_setup_py'
[2.016s] [34mcolcon.colcon_core.package_identification[0m [1;30mLevel 1[0m _identify(lerobot/src/lerobot/teleoperators/phone) by extensions ['ignore', 'ignore_ament_install']
[2.016s] [34mcolcon.colcon_core.package_identification[0m [1;30mLevel 1[0m _identify(lerobot/src/lerobot/teleoperators/phone) by extension 'ignore'
[2.016s] [34mcolcon.colcon_core.package_identification[0m [1;30mLevel 1[0m _identify(lerobot/src/lerobot/teleoperators/phone) by extension 'ignore_ament_install'
[2.016s] [34mcolcon.colcon_core.package_identification[0m [1;30mLevel 1[0m _identify(lerobot/src/lerobot/teleoperators/phone) by extensions ['colcon_pkg']
[2.016s] [34mcolcon.colcon_core.package_identification[0m [1;30mLevel 1[0m _identify(lerobot/src/lerobot/teleoperators/phone) by extension 'colcon_pkg'
[2.016s] [34mcolcon.colcon_core.package_identification[0m [1;30mLevel 1[0m _identify(lerobot/src/lerobot/teleoperators/phone) by extensions ['colcon_meta']
[2.016s] [34mcolcon.colcon_core.package_identification[0m [1;30mLevel 1[0m _identify(lerobot/src/lerobot/teleoperators/phone) by extension 'colcon_meta'
[2.016s] [34mcolcon.colcon_core.package_identification[0m [1;30mLevel 1[0m _identify(lerobot/src/lerobot/teleoperators/phone) by extensions ['ros']
[2.016s] [34mcolcon.colcon_core.package_identification[0m [1;30mLevel 1[0m _identify(lerobot/src/lerobot/teleoperators/phone) by extension 'ros'
[2.017s] [34mcolcon.colcon_core.package_identification[0m [1;30mLevel 1[0m _identify(lerobot/src/lerobot/teleoperators/phone) by extensions ['cmake', 'python']
[2.017s] [34mcolcon.colcon_core.package_identification[0m [1;30mLevel 1[0m _identify(lerobot/src/lerobot/teleoperators/phone) by extension 'cmake'
[2.017s] [34mcolcon.colcon_core.package_identification[0m [1;30mLevel 1[0m _identify(lerobot/src/lerobot/teleoperators/phone) by extension 'python'
[2.017s] [34mcolcon.colcon_core.package_identification[0m [1;30mLevel 1[0m _identify(lerobot/src/lerobot/teleoperators/phone) by extensions ['python_setup_py']
[2.017s] [34mcolcon.colcon_core.package_identification[0m [1;30mLevel 1[0m _identify(lerobot/src/lerobot/teleoperators/phone) by extension 'python_setup_py'
[2.018s] [34mcolcon.colcon_core.package_identification[0m [1;30mLevel 1[0m _identify(lerobot/src/lerobot/teleoperators/reachy2_teleoperator) by extensions ['ignore', 'ignore_ament_install']
[2.018s] [34mcolcon.colcon_core.package_identification[0m [1;30mLevel 1[0m _identify(lerobot/src/lerobot/teleoperators/reachy2_teleoperator) by extension 'ignore'
[2.018s] [34mcolcon.colcon_core.package_identification[0m [1;30mLevel 1[0m _identify(lerobot/src/lerobot/teleoperators/reachy2_teleoperator) by extension 'ignore_ament_install'
[2.018s] [34mcolcon.colcon_core.package_identification[0m [1;30mLevel 1[0m _identify(lerobot/src/lerobot/teleoperators/reachy2_teleoperator) by extensions ['colcon_pkg']
[2.018s] [34mcolcon.colcon_core.package_identification[0m [1;30mLevel 1[0m _identify(lerobot/src/lerobot/teleoperators/reachy2_teleoperator) by extension 'colcon_pkg'
[2.018s] [34mcolcon.colcon_core.package_identification[0m [1;30mLevel 1[0m _identify(lerobot/src/lerobot/teleoperators/reachy2_teleoperator) by extensions ['colcon_meta']
[2.018s] [34mcolcon.colcon_core.package_identification[0m [1;30mLevel 1[0m _identify(lerobot/src/lerobot/teleoperators/reachy2_teleoperator) by extension 'colcon_meta'
[2.018s] [34mcolcon.colcon_core.package_identification[0m [1;30mLevel 1[0m _identify(lerobot/src/lerobot/teleoperators/reachy2_teleoperator) by extensions ['ros']
[2.018s] [34mcolcon.colcon_core.package_identification[0m [1;30mLevel 1[0m _identify(lerobot/src/lerobot/teleoperators/reachy2_teleoperator) by extension 'ros'
[2.018s] [34mcolcon.colcon_core.package_identification[0m [1;30mLevel 1[0m _identify(lerobot/src/lerobot/teleoperators/reachy2_teleoperator) by extensions ['cmake', 'python']
[2.018s] [34mcolcon.colcon_core.package_identification[0m [1;30mLevel 1[0m _identify(lerobot/src/lerobot/teleoperators/reachy2_teleoperator) by extension 'cmake'
[2.018s] [34mcolcon.colcon_core.package_identification[0m [1;30mLevel 1[0m _identify(lerobot/src/lerobot/teleoperators/reachy2_teleoperator) by extension 'python'
[2.018s] [34mcolcon.colcon_core.package_identification[0m [1;30mLevel 1[0m _identify(lerobot/src/lerobot/teleoperators/reachy2_teleoperator) by extensions ['python_setup_py']
[2.018s] [34mcolcon.colcon_core.package_identification[0m [1;30mLevel 1[0m _identify(lerobot/src/lerobot/teleoperators/reachy2_teleoperator) by extension 'python_setup_py'
[2.019s] [34mcolcon.colcon_core.package_identification[0m [1;30mLevel 1[0m _identify(lerobot/src/lerobot/teleoperators/so100_leader) by extensions ['ignore', 'ignore_ament_install']
[2.019s] [34mcolcon.colcon_core.package_identification[0m [1;30mLevel 1[0m _identify(lerobot/src/lerobot/teleoperators/so100_leader) by extension 'ignore'
[2.019s] [34mcolcon.colcon_core.package_identification[0m [1;30mLevel 1[0m _identify(lerobot/src/lerobot/teleoperators/so100_leader) by extension 'ignore_ament_install'
[2.020s] [34mcolcon.colcon_core.package_identification[0m [1;30mLevel 1[0m _identify(lerobot/src/lerobot/teleoperators/so100_leader) by extensions ['colcon_pkg']
[2.020s] [34mcolcon.colcon_core.package_identification[0m [1;30mLevel 1[0m _identify(lerobot/src/lerobot/teleoperators/so100_leader) by extension 'colcon_pkg'
[2.020s] [34mcolcon.colcon_core.package_identification[0m [1;30mLevel 1[0m _identify(lerobot/src/lerobot/teleoperators/so100_leader) by extensions ['colcon_meta']
[2.020s] [34mcolcon.colcon_core.package_identification[0m [1;30mLevel 1[0m _identify(lerobot/src/lerobot/teleoperators/so100_leader) by extension 'colcon_meta'
[2.020s] [34mcolcon.colcon_core.package_identification[0m [1;30mLevel 1[0m _identify(lerobot/src/lerobot/teleoperators/so100_leader) by extensions ['ros']
[2.020s] [34mcolcon.colcon_core.package_identification[0m [1;30mLevel 1[0m _identify(lerobot/src/lerobot/teleoperators/so100_leader) by extension 'ros'
[2.020s] [34mcolcon.colcon_core.package_identification[0m [1;30mLevel 1[0m _identify(lerobot/src/lerobot/teleoperators/so100_leader) by extensions ['cmake', 'python']
[2.020s] [34mcolcon.colcon_core.package_identification[0m [1;30mLevel 1[0m _identify(lerobot/src/lerobot/teleoperators/so100_leader) by extension 'cmake'
[2.020s] [34mcolcon.colcon_core.package_identification[0m [1;30mLevel 1[0m _identify(lerobot/src/lerobot/teleoperators/so100_leader) by extension 'python'
[2.020s] [34mcolcon.colcon_core.package_identification[0m [1;30mLevel 1[0m _identify(lerobot/src/lerobot/teleoperators/so100_leader) by extensions ['python_setup_py']
[2.020s] [34mcolcon.colcon_core.package_identification[0m [1;30mLevel 1[0m _identify(lerobot/src/lerobot/teleoperators/so100_leader) by extension 'python_setup_py'
[2.021s] [34mcolcon.colcon_core.package_identification[0m [1;30mLevel 1[0m _identify(lerobot/src/lerobot/teleoperators/so100_leader/__pycache__) by extensions ['ignore', 'ignore_ament_install']
[2.021s] [34mcolcon.colcon_core.package_identification[0m [1;30mLevel 1[0m _identify(lerobot/src/lerobot/teleoperators/so100_leader/__pycache__) by extension 'ignore'
[2.021s] [34mcolcon.colcon_core.package_identification[0m [1;30mLevel 1[0m _identify(lerobot/src/lerobot/teleoperators/so100_leader/__pycache__) by extension 'ignore_ament_install'
[2.021s] [34mcolcon.colcon_core.package_identification[0m [1;30mLevel 1[0m _identify(lerobot/src/lerobot/teleoperators/so100_leader/__pycache__) by extensions ['colcon_pkg']
[2.021s] [34mcolcon.colcon_core.package_identification[0m [1;30mLevel 1[0m _identify(lerobot/src/lerobot/teleoperators/so100_leader/__pycache__) by extension 'colcon_pkg'
[2.021s] [34mcolcon.colcon_core.package_identification[0m [1;30mLevel 1[0m _identify(lerobot/src/lerobot/teleoperators/so100_leader/__pycache__) by extensions ['colcon_meta']
[2.021s] [34mcolcon.colcon_core.package_identification[0m [1;30mLevel 1[0m _identify(lerobot/src/lerobot/teleoperators/so100_leader/__pycache__) by extension 'colcon_meta'
[2.021s] [34mcolcon.colcon_core.package_identification[0m [1;30mLevel 1[0m _identify(lerobot/src/lerobot/teleoperators/so100_leader/__pycache__) by extensions ['ros']
[2.021s] [34mcolcon.colcon_core.package_identification[0m [1;30mLevel 1[0m _identify(lerobot/src/lerobot/teleoperators/so100_leader/__pycache__) by extension 'ros'
[2.021s] [34mcolcon.colcon_core.package_identification[0m [1;30mLevel 1[0m _identify(lerobot/src/lerobot/teleoperators/so100_leader/__pycache__) by extensions ['cmake', 'python']
[2.021s] [34mcolcon.colcon_core.package_identification[0m [1;30mLevel 1[0m _identify(lerobot/src/lerobot/teleoperators/so100_leader/__pycache__) by extension 'cmake'
[2.021s] [34mcolcon.colcon_core.package_identification[0m [1;30mLevel 1[0m _identify(lerobot/src/lerobot/teleoperators/so100_leader/__pycache__) by extension 'python'
[2.022s] [34mcolcon.colcon_core.package_identification[0m [1;30mLevel 1[0m _identify(lerobot/src/lerobot/teleoperators/so100_leader/__pycache__) by extensions ['python_setup_py']
[2.022s] [34mcolcon.colcon_core.package_identification[0m [1;30mLevel 1[0m _identify(lerobot/src/lerobot/teleoperators/so100_leader/__pycache__) by extension 'python_setup_py'
[2.022s] [34mcolcon.colcon_core.package_identification[0m [1;30mLevel 1[0m _identify(lerobot/src/lerobot/teleoperators/so101_leader) by extensions ['ignore', 'ignore_ament_install']
[2.023s] [34mcolcon.colcon_core.package_identification[0m [1;30mLevel 1[0m _identify(lerobot/src/lerobot/teleoperators/so101_leader) by extension 'ignore'
[2.023s] [34mcolcon.colcon_core.package_identification[0m [1;30mLevel 1[0m _identify(lerobot/src/lerobot/teleoperators/so101_leader) by extension 'ignore_ament_install'
[2.023s] [34mcolcon.colcon_core.package_identification[0m [1;30mLevel 1[0m _identify(lerobot/src/lerobot/teleoperators/so101_leader) by extensions ['colcon_pkg']
[2.023s] [34mcolcon.colcon_core.package_identification[0m [1;30mLevel 1[0m _identify(lerobot/src/lerobot/teleoperators/so101_leader) by extension 'colcon_pkg'
[2.023s] [34mcolcon.colcon_core.package_identification[0m [1;30mLevel 1[0m _identify(lerobot/src/lerobot/teleoperators/so101_leader) by extensions ['colcon_meta']
[2.023s] [34mcolcon.colcon_core.package_identification[0m [1;30mLevel 1[0m _identify(lerobot/src/lerobot/teleoperators/so101_leader) by extension 'colcon_meta'
[2.023s] [34mcolcon.colcon_core.package_identification[0m [1;30mLevel 1[0m _identify(lerobot/src/lerobot/teleoperators/so101_leader) by extensions ['ros']
[2.023s] [34mcolcon.colcon_core.package_identification[0m [1;30mLevel 1[0m _identify(lerobot/src/lerobot/teleoperators/so101_leader) by extension 'ros'
[2.023s] [34mcolcon.colcon_core.package_identification[0m [1;30mLevel 1[0m _identify(lerobot/src/lerobot/teleoperators/so101_leader) by extensions ['cmake', 'python']
[2.023s] [34mcolcon.colcon_core.package_identification[0m [1;30mLevel 1[0m _identify(lerobot/src/lerobot/teleoperators/so101_leader) by extension 'cmake'
[2.023s] [34mcolcon.colcon_core.package_identification[0m [1;30mLevel 1[0m _identify(lerobot/src/lerobot/teleoperators/so101_leader) by extension 'python'
[2.023s] [34mcolcon.colcon_core.package_identification[0m [1;30mLevel 1[0m _identify(lerobot/src/lerobot/teleoperators/so101_leader) by extensions ['python_setup_py']
[2.023s] [34mcolcon.colcon_core.package_identification[0m [1;30mLevel 1[0m _identify(lerobot/src/lerobot/teleoperators/so101_leader) by extension 'python_setup_py'
[2.024s] [34mcolcon.colcon_core.package_identification[0m [1;30mLevel 1[0m _identify(lerobot/src/lerobot/teleoperators/so101_leader/__pycache__) by extensions ['ignore', 'ignore_ament_install']
[2.024s] [34mcolcon.colcon_core.package_identification[0m [1;30mLevel 1[0m _identify(lerobot/src/lerobot/teleoperators/so101_leader/__pycache__) by extension 'ignore'
[2.024s] [34mcolcon.colcon_core.package_identification[0m [1;30mLevel 1[0m _identify(lerobot/src/lerobot/teleoperators/so101_leader/__pycache__) by extension 'ignore_ament_install'
[2.024s] [34mcolcon.colcon_core.package_identification[0m [1;30mLevel 1[0m _identify(lerobot/src/lerobot/teleoperators/so101_leader/__pycache__) by extensions ['colcon_pkg']
[2.025s] [34mcolcon.colcon_core.package_identification[0m [1;30mLevel 1[0m _identify(lerobot/src/lerobot/teleoperators/so101_leader/__pycache__) by extension 'colcon_pkg'
[2.025s] [34mcolcon.colcon_core.package_identification[0m [1;30mLevel 1[0m _identify(lerobot/src/lerobot/teleoperators/so101_leader/__pycache__) by extensions ['colcon_meta']
[2.025s] [34mcolcon.colcon_core.package_identification[0m [1;30mLevel 1[0m _identify(lerobot/src/lerobot/teleoperators/so101_leader/__pycache__) by extension 'colcon_meta'
[2.025s] [34mcolcon.colcon_core.package_identification[0m [1;30mLevel 1[0m _identify(lerobot/src/lerobot/teleoperators/so101_leader/__pycache__) by extensions ['ros']
[2.025s] [34mcolcon.colcon_core.package_identification[0m [1;30mLevel 1[0m _identify(lerobot/src/lerobot/teleoperators/so101_leader/__pycache__) by extension 'ros'
[2.025s] [34mcolcon.colcon_core.package_identification[0m [1;30mLevel 1[0m _identify(lerobot/src/lerobot/teleoperators/so101_leader/__pycache__) by extensions ['cmake', 'python']
[2.025s] [34mcolcon.colcon_core.package_identification[0m [1;30mLevel 1[0m _identify(lerobot/src/lerobot/teleoperators/so101_leader/__pycache__) by extension 'cmake'
[2.025s] [34mcolcon.colcon_core.package_identification[0m [1;30mLevel 1[0m _identify(lerobot/src/lerobot/teleoperators/so101_leader/__pycache__) by extension 'python'
[2.025s] [34mcolcon.colcon_core.package_identification[0m [1;30mLevel 1[0m _identify(lerobot/src/lerobot/teleoperators/so101_leader/__pycache__) by extensions ['python_setup_py']
[2.025s] [34mcolcon.colcon_core.package_identification[0m [1;30mLevel 1[0m _identify(lerobot/src/lerobot/teleoperators/so101_leader/__pycache__) by extension 'python_setup_py'
[2.026s] [34mcolcon.colcon_core.package_identification[0m [1;30mLevel 1[0m _identify(lerobot/src/lerobot/templates) by extensions ['ignore', 'ignore_ament_install']
[2.026s] [34mcolcon.colcon_core.package_identification[0m [1;30mLevel 1[0m _identify(lerobot/src/lerobot/templates) by extension 'ignore'
[2.026s] [34mcolcon.colcon_core.package_identification[0m [1;30mLevel 1[0m _identify(lerobot/src/lerobot/templates) by extension 'ignore_ament_install'
[2.026s] [34mcolcon.colcon_core.package_identification[0m [1;30mLevel 1[0m _identify(lerobot/src/lerobot/templates) by extensions ['colcon_pkg']
[2.026s] [34mcolcon.colcon_core.package_identification[0m [1;30mLevel 1[0m _identify(lerobot/src/lerobot/templates) by extension 'colcon_pkg'
[2.026s] [34mcolcon.colcon_core.package_identification[0m [1;30mLevel 1[0m _identify(lerobot/src/lerobot/templates) by extensions ['colcon_meta']
[2.026s] [34mcolcon.colcon_core.package_identification[0m [1;30mLevel 1[0m _identify(lerobot/src/lerobot/templates) by extension 'colcon_meta'
[2.026s] [34mcolcon.colcon_core.package_identification[0m [1;30mLevel 1[0m _identify(lerobot/src/lerobot/templates) by extensions ['ros']
[2.026s] [34mcolcon.colcon_core.package_identification[0m [1;30mLevel 1[0m _identify(lerobot/src/lerobot/templates) by extension 'ros'
[2.026s] [34mcolcon.colcon_core.package_identification[0m [1;30mLevel 1[0m _identify(lerobot/src/lerobot/templates) by extensions ['cmake', 'python']
[2.026s] [34mcolcon.colcon_core.package_identification[0m [1;30mLevel 1[0m _identify(lerobot/src/lerobot/templates) by extension 'cmake'
[2.026s] [34mcolcon.colcon_core.package_identification[0m [1;30mLevel 1[0m _identify(lerobot/src/lerobot/templates) by extension 'python'
[2.026s] [34mcolcon.colcon_core.package_identification[0m [1;30mLevel 1[0m _identify(lerobot/src/lerobot/templates) by extensions ['python_setup_py']
[2.026s] [34mcolcon.colcon_core.package_identification[0m [1;30mLevel 1[0m _identify(lerobot/src/lerobot/templates) by extension 'python_setup_py'
[2.028s] [34mcolcon.colcon_core.package_identification[0m [1;30mLevel 1[0m _identify(lerobot/src/lerobot/transport) by extensions ['ignore', 'ignore_ament_install']
[2.028s] [34mcolcon.colcon_core.package_identification[0m [1;30mLevel 1[0m _identify(lerobot/src/lerobot/transport) by extension 'ignore'
[2.028s] [34mcolcon.colcon_core.package_identification[0m [1;30mLevel 1[0m _identify(lerobot/src/lerobot/transport) by extension 'ignore_ament_install'
[2.028s] [34mcolcon.colcon_core.package_identification[0m [1;30mLevel 1[0m _identify(lerobot/src/lerobot/transport) by extensions ['colcon_pkg']
[2.028s] [34mcolcon.colcon_core.package_identification[0m [1;30mLevel 1[0m _identify(lerobot/src/lerobot/transport) by extension 'colcon_pkg'
[2.028s] [34mcolcon.colcon_core.package_identification[0m [1;30mLevel 1[0m _identify(lerobot/src/lerobot/transport) by extensions ['colcon_meta']
[2.028s] [34mcolcon.colcon_core.package_identification[0m [1;30mLevel 1[0m _identify(lerobot/src/lerobot/transport) by extension 'colcon_meta'
[2.028s] [34mcolcon.colcon_core.package_identification[0m [1;30mLevel 1[0m _identify(lerobot/src/lerobot/transport) by extensions ['ros']
[2.028s] [34mcolcon.colcon_core.package_identification[0m [1;30mLevel 1[0m _identify(lerobot/src/lerobot/transport) by extension 'ros'
[2.028s] [34mcolcon.colcon_core.package_identification[0m [1;30mLevel 1[0m _identify(lerobot/src/lerobot/transport) by extensions ['cmake', 'python']
[2.028s] [34mcolcon.colcon_core.package_identification[0m [1;30mLevel 1[0m _identify(lerobot/src/lerobot/transport) by extension 'cmake'
[2.028s] [34mcolcon.colcon_core.package_identification[0m [1;30mLevel 1[0m _identify(lerobot/src/lerobot/transport) by extension 'python'
[2.028s] [34mcolcon.colcon_core.package_identification[0m [1;30mLevel 1[0m _identify(lerobot/src/lerobot/transport) by extensions ['python_setup_py']
[2.028s] [34mcolcon.colcon_core.package_identification[0m [1;30mLevel 1[0m _identify(lerobot/src/lerobot/transport) by extension 'python_setup_py'
[2.029s] [34mcolcon.colcon_core.package_identification[0m [1;30mLevel 1[0m _identify(lerobot/src/lerobot/utils) by extensions ['ignore', 'ignore_ament_install']
[2.029s] [34mcolcon.colcon_core.package_identification[0m [1;30mLevel 1[0m _identify(lerobot/src/lerobot/utils) by extension 'ignore'
[2.030s] [34mcolcon.colcon_core.package_identification[0m [1;30mLevel 1[0m _identify(lerobot/src/lerobot/utils) by extension 'ignore_ament_install'
[2.030s] [34mcolcon.colcon_core.package_identification[0m [1;30mLevel 1[0m _identify(lerobot/src/lerobot/utils) by extensions ['colcon_pkg']
[2.030s] [34mcolcon.colcon_core.package_identification[0m [1;30mLevel 1[0m _identify(lerobot/src/lerobot/utils) by extension 'colcon_pkg'
[2.030s] [34mcolcon.colcon_core.package_identification[0m [1;30mLevel 1[0m _identify(lerobot/src/lerobot/utils) by extensions ['colcon_meta']
[2.030s] [34mcolcon.colcon_core.package_identification[0m [1;30mLevel 1[0m _identify(lerobot/src/lerobot/utils) by extension 'colcon_meta'
[2.030s] [34mcolcon.colcon_core.package_identification[0m [1;30mLevel 1[0m _identify(lerobot/src/lerobot/utils) by extensions ['ros']
[2.030s] [34mcolcon.colcon_core.package_identification[0m [1;30mLevel 1[0m _identify(lerobot/src/lerobot/utils) by extension 'ros'
[2.030s] [34mcolcon.colcon_core.package_identification[0m [1;30mLevel 1[0m _identify(lerobot/src/lerobot/utils) by extensions ['cmake', 'python']
[2.030s] [34mcolcon.colcon_core.package_identification[0m [1;30mLevel 1[0m _identify(lerobot/src/lerobot/utils) by extension 'cmake'
[2.030s] [34mcolcon.colcon_core.package_identification[0m [1;30mLevel 1[0m _identify(lerobot/src/lerobot/utils) by extension 'python'
[2.030s] [34mcolcon.colcon_core.package_identification[0m [1;30mLevel 1[0m _identify(lerobot/src/lerobot/utils) by extensions ['python_setup_py']
[2.030s] [34mcolcon.colcon_core.package_identification[0m [1;30mLevel 1[0m _identify(lerobot/src/lerobot/utils) by extension 'python_setup_py'
[2.031s] [34mcolcon.colcon_core.package_identification[0m [1;30mLevel 1[0m _identify(lerobot/src/lerobot/utils/__pycache__) by extensions ['ignore', 'ignore_ament_install']
[2.031s] [34mcolcon.colcon_core.package_identification[0m [1;30mLevel 1[0m _identify(lerobot/src/lerobot/utils/__pycache__) by extension 'ignore'
[2.031s] [34mcolcon.colcon_core.package_identification[0m [1;30mLevel 1[0m _identify(lerobot/src/lerobot/utils/__pycache__) by extension 'ignore_ament_install'
[2.031s] [34mcolcon.colcon_core.package_identification[0m [1;30mLevel 1[0m _identify(lerobot/src/lerobot/utils/__pycache__) by extensions ['colcon_pkg']
[2.031s] [34mcolcon.colcon_core.package_identification[0m [1;30mLevel 1[0m _identify(lerobot/src/lerobot/utils/__pycache__) by extension 'colcon_pkg'
[2.031s] [34mcolcon.colcon_core.package_identification[0m [1;30mLevel 1[0m _identify(lerobot/src/lerobot/utils/__pycache__) by extensions ['colcon_meta']
[2.031s] [34mcolcon.colcon_core.package_identification[0m [1;30mLevel 1[0m _identify(lerobot/src/lerobot/utils/__pycache__) by extension 'colcon_meta'
[2.032s] [34mcolcon.colcon_core.package_identification[0m [1;30mLevel 1[0m _identify(lerobot/src/lerobot/utils/__pycache__) by extensions ['ros']
[2.032s] [34mcolcon.colcon_core.package_identification[0m [1;30mLevel 1[0m _identify(lerobot/src/lerobot/utils/__pycache__) by extension 'ros'
[2.032s] [34mcolcon.colcon_core.package_identification[0m [1;30mLevel 1[0m _identify(lerobot/src/lerobot/utils/__pycache__) by extensions ['cmake', 'python']
[2.032s] [34mcolcon.colcon_core.package_identification[0m [1;30mLevel 1[0m _identify(lerobot/src/lerobot/utils/__pycache__) by extension 'cmake'
[2.032s] [34mcolcon.colcon_core.package_identification[0m [1;30mLevel 1[0m _identify(lerobot/src/lerobot/utils/__pycache__) by extension 'python'
[2.032s] [34mcolcon.colcon_core.package_identification[0m [1;30mLevel 1[0m _identify(lerobot/src/lerobot/utils/__pycache__) by extensions ['python_setup_py']
[2.032s] [34mcolcon.colcon_core.package_identification[0m [1;30mLevel 1[0m _identify(lerobot/src/lerobot/utils/__pycache__) by extension 'python_setup_py'
[2.033s] [34mcolcon.colcon_core.package_identification[0m [1;30mLevel 1[0m _identify(lerobot/src/lerobot.egg-info) by extensions ['ignore', 'ignore_ament_install']
[2.033s] [34mcolcon.colcon_core.package_identification[0m [1;30mLevel 1[0m _identify(lerobot/src/lerobot.egg-info) by extension 'ignore'
[2.033s] [34mcolcon.colcon_core.package_identification[0m [1;30mLevel 1[0m _identify(lerobot/src/lerobot.egg-info) by extension 'ignore_ament_install'
[2.033s] [34mcolcon.colcon_core.package_identification[0m [1;30mLevel 1[0m _identify(lerobot/src/lerobot.egg-info) by extensions ['colcon_pkg']
[2.033s] [34mcolcon.colcon_core.package_identification[0m [1;30mLevel 1[0m _identify(lerobot/src/lerobot.egg-info) by extension 'colcon_pkg'
[2.033s] [34mcolcon.colcon_core.package_identification[0m [1;30mLevel 1[0m _identify(lerobot/src/lerobot.egg-info) by extensions ['colcon_meta']
[2.033s] [34mcolcon.colcon_core.package_identification[0m [1;30mLevel 1[0m _identify(lerobot/src/lerobot.egg-info) by extension 'colcon_meta'
[2.033s] [34mcolcon.colcon_core.package_identification[0m [1;30mLevel 1[0m _identify(lerobot/src/lerobot.egg-info) by extensions ['ros']
[2.033s] [34mcolcon.colcon_core.package_identification[0m [1;30mLevel 1[0m _identify(lerobot/src/lerobot.egg-info) by extension 'ros'
[2.033s] [34mcolcon.colcon_core.package_identification[0m [1;30mLevel 1[0m _identify(lerobot/src/lerobot.egg-info) by extensions ['cmake', 'python']
[2.033s] [34mcolcon.colcon_core.package_identification[0m [1;30mLevel 1[0m _identify(lerobot/src/lerobot.egg-info) by extension 'cmake'
[2.033s] [34mcolcon.colcon_core.package_identification[0m [1;30mLevel 1[0m _identify(lerobot/src/lerobot.egg-info) by extension 'python'
[2.033s] [34mcolcon.colcon_core.package_identification[0m [1;30mLevel 1[0m _identify(lerobot/src/lerobot.egg-info) by extensions ['python_setup_py']
[2.033s] [34mcolcon.colcon_core.package_identification[0m [1;30mLevel 1[0m _identify(lerobot/src/lerobot.egg-info) by extension 'python_setup_py'
[2.034s] [34mcolcon.colcon_core.package_identification[0m [1;30mLevel 1[0m _identify(lerobot/tests) by extensions ['ignore', 'ignore_ament_install']
[2.035s] [34mcolcon.colcon_core.package_identification[0m [1;30mLevel 1[0m _identify(lerobot/tests) by extension 'ignore'
[2.035s] [34mcolcon.colcon_core.package_identification[0m [1;30mLevel 1[0m _identify(lerobot/tests) by extension 'ignore_ament_install'
[2.035s] [34mcolcon.colcon_core.package_identification[0m [1;30mLevel 1[0m _identify(lerobot/tests) by extensions ['colcon_pkg']
[2.035s] [34mcolcon.colcon_core.package_identification[0m [1;30mLevel 1[0m _identify(lerobot/tests) by extension 'colcon_pkg'
[2.035s] [34mcolcon.colcon_core.package_identification[0m [1;30mLevel 1[0m _identify(lerobot/tests) by extensions ['colcon_meta']
[2.035s] [34mcolcon.colcon_core.package_identification[0m [1;30mLevel 1[0m _identify(lerobot/tests) by extension 'colcon_meta'
[2.035s] [34mcolcon.colcon_core.package_identification[0m [1;30mLevel 1[0m _identify(lerobot/tests) by extensions ['ros']
[2.035s] [34mcolcon.colcon_core.package_identification[0m [1;30mLevel 1[0m _identify(lerobot/tests) by extension 'ros'
[2.035s] [34mcolcon.colcon_core.package_identification[0m [1;30mLevel 1[0m _identify(lerobot/tests) by extensions ['cmake', 'python']
[2.035s] [34mcolcon.colcon_core.package_identification[0m [1;30mLevel 1[0m _identify(lerobot/tests) by extension 'cmake'
[2.035s] [34mcolcon.colcon_core.package_identification[0m [1;30mLevel 1[0m _identify(lerobot/tests) by extension 'python'
[2.035s] [34mcolcon.colcon_core.package_identification[0m [1;30mLevel 1[0m _identify(lerobot/tests) by extensions ['python_setup_py']
[2.035s] [34mcolcon.colcon_core.package_identification[0m [1;30mLevel 1[0m _identify(lerobot/tests) by extension 'python_setup_py'
[2.036s] [34mcolcon.colcon_core.package_identification[0m [1;30mLevel 1[0m _identify(lerobot/tests/artifacts) by extensions ['ignore', 'ignore_ament_install']
[2.036s] [34mcolcon.colcon_core.package_identification[0m [1;30mLevel 1[0m _identify(lerobot/tests/artifacts) by extension 'ignore'
[2.036s] [34mcolcon.colcon_core.package_identification[0m [1;30mLevel 1[0m _identify(lerobot/tests/artifacts) by extension 'ignore_ament_install'
[2.036s] [34mcolcon.colcon_core.package_identification[0m [1;30mLevel 1[0m _identify(lerobot/tests/artifacts) by extensions ['colcon_pkg']
[2.036s] [34mcolcon.colcon_core.package_identification[0m [1;30mLevel 1[0m _identify(lerobot/tests/artifacts) by extension 'colcon_pkg'
[2.036s] [34mcolcon.colcon_core.package_identification[0m [1;30mLevel 1[0m _identify(lerobot/tests/artifacts) by extensions ['colcon_meta']
[2.036s] [34mcolcon.colcon_core.package_identification[0m [1;30mLevel 1[0m _identify(lerobot/tests/artifacts) by extension 'colcon_meta'
[2.036s] [34mcolcon.colcon_core.package_identification[0m [1;30mLevel 1[0m _identify(lerobot/tests/artifacts) by extensions ['ros']
[2.037s] [34mcolcon.colcon_core.package_identification[0m [1;30mLevel 1[0m _identify(lerobot/tests/artifacts) by extension 'ros'
[2.037s] [34mcolcon.colcon_core.package_identification[0m [1;30mLevel 1[0m _identify(lerobot/tests/artifacts) by extensions ['cmake', 'python']
[2.037s] [34mcolcon.colcon_core.package_identification[0m [1;30mLevel 1[0m _identify(lerobot/tests/artifacts) by extension 'cmake'
[2.037s] [34mcolcon.colcon_core.package_identification[0m [1;30mLevel 1[0m _identify(lerobot/tests/artifacts) by extension 'python'
[2.037s] [34mcolcon.colcon_core.package_identification[0m [1;30mLevel 1[0m _identify(lerobot/tests/artifacts) by extensions ['python_setup_py']
[2.037s] [34mcolcon.colcon_core.package_identification[0m [1;30mLevel 1[0m _identify(lerobot/tests/artifacts) by extension 'python_setup_py'
[2.038s] [34mcolcon.colcon_core.package_identification[0m [1;30mLevel 1[0m _identify(lerobot/tests/artifacts/cameras) by extensions ['ignore', 'ignore_ament_install']
[2.038s] [34mcolcon.colcon_core.package_identification[0m [1;30mLevel 1[0m _identify(lerobot/tests/artifacts/cameras) by extension 'ignore'
[2.038s] [34mcolcon.colcon_core.package_identification[0m [1;30mLevel 1[0m _identify(lerobot/tests/artifacts/cameras) by extension 'ignore_ament_install'
[2.038s] [34mcolcon.colcon_core.package_identification[0m [1;30mLevel 1[0m _identify(lerobot/tests/artifacts/cameras) by extensions ['colcon_pkg']
[2.038s] [34mcolcon.colcon_core.package_identification[0m [1;30mLevel 1[0m _identify(lerobot/tests/artifacts/cameras) by extension 'colcon_pkg'
[2.038s] [34mcolcon.colcon_core.package_identification[0m [1;30mLevel 1[0m _identify(lerobot/tests/artifacts/cameras) by extensions ['colcon_meta']
[2.038s] [34mcolcon.colcon_core.package_identification[0m [1;30mLevel 1[0m _identify(lerobot/tests/artifacts/cameras) by extension 'colcon_meta'
[2.038s] [34mcolcon.colcon_core.package_identification[0m [1;30mLevel 1[0m _identify(lerobot/tests/artifacts/cameras) by extensions ['ros']
[2.038s] [34mcolcon.colcon_core.package_identification[0m [1;30mLevel 1[0m _identify(lerobot/tests/artifacts/cameras) by extension 'ros'
[2.038s] [34mcolcon.colcon_core.package_identification[0m [1;30mLevel 1[0m _identify(lerobot/tests/artifacts/cameras) by extensions ['cmake', 'python']
[2.038s] [34mcolcon.colcon_core.package_identification[0m [1;30mLevel 1[0m _identify(lerobot/tests/artifacts/cameras) by extension 'cmake'
[2.038s] [34mcolcon.colcon_core.package_identification[0m [1;30mLevel 1[0m _identify(lerobot/tests/artifacts/cameras) by extension 'python'
[2.038s] [34mcolcon.colcon_core.package_identification[0m [1;30mLevel 1[0m _identify(lerobot/tests/artifacts/cameras) by extensions ['python_setup_py']
[2.038s] [34mcolcon.colcon_core.package_identification[0m [1;30mLevel 1[0m _identify(lerobot/tests/artifacts/cameras) by extension 'python_setup_py'
[2.039s] [34mcolcon.colcon_core.package_identification[0m [1;30mLevel 1[0m _identify(lerobot/tests/artifacts/datasets) by extensions ['ignore', 'ignore_ament_install']
[2.039s] [34mcolcon.colcon_core.package_identification[0m [1;30mLevel 1[0m _identify(lerobot/tests/artifacts/datasets) by extension 'ignore'
[2.040s] [34mcolcon.colcon_core.package_identification[0m [1;30mLevel 1[0m _identify(lerobot/tests/artifacts/datasets) by extension 'ignore_ament_install'
[2.040s] [34mcolcon.colcon_core.package_identification[0m [1;30mLevel 1[0m _identify(lerobot/tests/artifacts/datasets) by extensions ['colcon_pkg']
[2.040s] [34mcolcon.colcon_core.package_identification[0m [1;30mLevel 1[0m _identify(lerobot/tests/artifacts/datasets) by extension 'colcon_pkg'
[2.040s] [34mcolcon.colcon_core.package_identification[0m [1;30mLevel 1[0m _identify(lerobot/tests/artifacts/datasets) by extensions ['colcon_meta']
[2.040s] [34mcolcon.colcon_core.package_identification[0m [1;30mLevel 1[0m _identify(lerobot/tests/artifacts/datasets) by extension 'colcon_meta'
[2.040s] [34mcolcon.colcon_core.package_identification[0m [1;30mLevel 1[0m _identify(lerobot/tests/artifacts/datasets) by extensions ['ros']
[2.040s] [34mcolcon.colcon_core.package_identification[0m [1;30mLevel 1[0m _identify(lerobot/tests/artifacts/datasets) by extension 'ros'
[2.040s] [34mcolcon.colcon_core.package_identification[0m [1;30mLevel 1[0m _identify(lerobot/tests/artifacts/datasets) by extensions ['cmake', 'python']
[2.040s] [34mcolcon.colcon_core.package_identification[0m [1;30mLevel 1[0m _identify(lerobot/tests/artifacts/datasets) by extension 'cmake'
[2.040s] [34mcolcon.colcon_core.package_identification[0m [1;30mLevel 1[0m _identify(lerobot/tests/artifacts/datasets) by extension 'python'
[2.040s] [34mcolcon.colcon_core.package_identification[0m [1;30mLevel 1[0m _identify(lerobot/tests/artifacts/datasets) by extensions ['python_setup_py']
[2.040s] [34mcolcon.colcon_core.package_identification[0m [1;30mLevel 1[0m _identify(lerobot/tests/artifacts/datasets) by extension 'python_setup_py'
[2.041s] [34mcolcon.colcon_core.package_identification[0m [1;30mLevel 1[0m _identify(lerobot/tests/artifacts/datasets/lerobot) by extensions ['ignore', 'ignore_ament_install']
[2.041s] [34mcolcon.colcon_core.package_identification[0m [1;30mLevel 1[0m _identify(lerobot/tests/artifacts/datasets/lerobot) by extension 'ignore'
[2.041s] [34mcolcon.colcon_core.package_identification[0m [1;30mLevel 1[0m _identify(lerobot/tests/artifacts/datasets/lerobot) by extension 'ignore_ament_install'
[2.041s] [34mcolcon.colcon_core.package_identification[0m [1;30mLevel 1[0m _identify(lerobot/tests/artifacts/datasets/lerobot) by extensions ['colcon_pkg']
[2.041s] [34mcolcon.colcon_core.package_identification[0m [1;30mLevel 1[0m _identify(lerobot/tests/artifacts/datasets/lerobot) by extension 'colcon_pkg'
[2.041s] [34mcolcon.colcon_core.package_identification[0m [1;30mLevel 1[0m _identify(lerobot/tests/artifacts/datasets/lerobot) by extensions ['colcon_meta']
[2.041s] [34mcolcon.colcon_core.package_identification[0m [1;30mLevel 1[0m _identify(lerobot/tests/artifacts/datasets/lerobot) by extension 'colcon_meta'
[2.041s] [34mcolcon.colcon_core.package_identification[0m [1;30mLevel 1[0m _identify(lerobot/tests/artifacts/datasets/lerobot) by extensions ['ros']
[2.041s] [34mcolcon.colcon_core.package_identification[0m [1;30mLevel 1[0m _identify(lerobot/tests/artifacts/datasets/lerobot) by extension 'ros'
[2.042s] [34mcolcon.colcon_core.package_identification[0m [1;30mLevel 1[0m _identify(lerobot/tests/artifacts/datasets/lerobot) by extensions ['cmake', 'python']
[2.042s] [34mcolcon.colcon_core.package_identification[0m [1;30mLevel 1[0m _identify(lerobot/tests/artifacts/datasets/lerobot) by extension 'cmake'
[2.042s] [34mcolcon.colcon_core.package_identification[0m [1;30mLevel 1[0m _identify(lerobot/tests/artifacts/datasets/lerobot) by extension 'python'
[2.042s] [34mcolcon.colcon_core.package_identification[0m [1;30mLevel 1[0m _identify(lerobot/tests/artifacts/datasets/lerobot) by extensions ['python_setup_py']
[2.042s] [34mcolcon.colcon_core.package_identification[0m [1;30mLevel 1[0m _identify(lerobot/tests/artifacts/datasets/lerobot) by extension 'python_setup_py'
[2.043s] [34mcolcon.colcon_core.package_identification[0m [1;30mLevel 1[0m _identify(lerobot/tests/artifacts/datasets/lerobot/aloha_sim_insertion_human) by extensions ['ignore', 'ignore_ament_install']
[2.043s] [34mcolcon.colcon_core.package_identification[0m [1;30mLevel 1[0m _identify(lerobot/tests/artifacts/datasets/lerobot/aloha_sim_insertion_human) by extension 'ignore'
[2.043s] [34mcolcon.colcon_core.package_identification[0m [1;30mLevel 1[0m _identify(lerobot/tests/artifacts/datasets/lerobot/aloha_sim_insertion_human) by extension 'ignore_ament_install'
[2.043s] [34mcolcon.colcon_core.package_identification[0m [1;30mLevel 1[0m _identify(lerobot/tests/artifacts/datasets/lerobot/aloha_sim_insertion_human) by extensions ['colcon_pkg']
[2.043s] [34mcolcon.colcon_core.package_identification[0m [1;30mLevel 1[0m _identify(lerobot/tests/artifacts/datasets/lerobot/aloha_sim_insertion_human) by extension 'colcon_pkg'
[2.043s] [34mcolcon.colcon_core.package_identification[0m [1;30mLevel 1[0m _identify(lerobot/tests/artifacts/datasets/lerobot/aloha_sim_insertion_human) by extensions ['colcon_meta']
[2.043s] [34mcolcon.colcon_core.package_identification[0m [1;30mLevel 1[0m _identify(lerobot/tests/artifacts/datasets/lerobot/aloha_sim_insertion_human) by extension 'colcon_meta'
[2.043s] [34mcolcon.colcon_core.package_identification[0m [1;30mLevel 1[0m _identify(lerobot/tests/artifacts/datasets/lerobot/aloha_sim_insertion_human) by extensions ['ros']
[2.043s] [34mcolcon.colcon_core.package_identification[0m [1;30mLevel 1[0m _identify(lerobot/tests/artifacts/datasets/lerobot/aloha_sim_insertion_human) by extension 'ros'
[2.043s] [34mcolcon.colcon_core.package_identification[0m [1;30mLevel 1[0m _identify(lerobot/tests/artifacts/datasets/lerobot/aloha_sim_insertion_human) by extensions ['cmake', 'python']
[2.043s] [34mcolcon.colcon_core.package_identification[0m [1;30mLevel 1[0m _identify(lerobot/tests/artifacts/datasets/lerobot/aloha_sim_insertion_human) by extension 'cmake'
[2.044s] [34mcolcon.colcon_core.package_identification[0m [1;30mLevel 1[0m _identify(lerobot/tests/artifacts/datasets/lerobot/aloha_sim_insertion_human) by extension 'python'
[2.044s] [34mcolcon.colcon_core.package_identification[0m [1;30mLevel 1[0m _identify(lerobot/tests/artifacts/datasets/lerobot/aloha_sim_insertion_human) by extensions ['python_setup_py']
[2.044s] [34mcolcon.colcon_core.package_identification[0m [1;30mLevel 1[0m _identify(lerobot/tests/artifacts/datasets/lerobot/aloha_sim_insertion_human) by extension 'python_setup_py'
[2.045s] [34mcolcon.colcon_core.package_identification[0m [1;30mLevel 1[0m _identify(lerobot/tests/artifacts/datasets/lerobot/pusht) by extensions ['ignore', 'ignore_ament_install']
[2.045s] [34mcolcon.colcon_core.package_identification[0m [1;30mLevel 1[0m _identify(lerobot/tests/artifacts/datasets/lerobot/pusht) by extension 'ignore'
[2.045s] [34mcolcon.colcon_core.package_identification[0m [1;30mLevel 1[0m _identify(lerobot/tests/artifacts/datasets/lerobot/pusht) by extension 'ignore_ament_install'
[2.045s] [34mcolcon.colcon_core.package_identification[0m [1;30mLevel 1[0m _identify(lerobot/tests/artifacts/datasets/lerobot/pusht) by extensions ['colcon_pkg']
[2.045s] [34mcolcon.colcon_core.package_identification[0m [1;30mLevel 1[0m _identify(lerobot/tests/artifacts/datasets/lerobot/pusht) by extension 'colcon_pkg'
[2.045s] [34mcolcon.colcon_core.package_identification[0m [1;30mLevel 1[0m _identify(lerobot/tests/artifacts/datasets/lerobot/pusht) by extensions ['colcon_meta']
[2.045s] [34mcolcon.colcon_core.package_identification[0m [1;30mLevel 1[0m _identify(lerobot/tests/artifacts/datasets/lerobot/pusht) by extension 'colcon_meta'
[2.045s] [34mcolcon.colcon_core.package_identification[0m [1;30mLevel 1[0m _identify(lerobot/tests/artifacts/datasets/lerobot/pusht) by extensions ['ros']
[2.045s] [34mcolcon.colcon_core.package_identification[0m [1;30mLevel 1[0m _identify(lerobot/tests/artifacts/datasets/lerobot/pusht) by extension 'ros'
[2.045s] [34mcolcon.colcon_core.package_identification[0m [1;30mLevel 1[0m _identify(lerobot/tests/artifacts/datasets/lerobot/pusht) by extensions ['cmake', 'python']
[2.045s] [34mcolcon.colcon_core.package_identification[0m [1;30mLevel 1[0m _identify(lerobot/tests/artifacts/datasets/lerobot/pusht) by extension 'cmake'
[2.045s] [34mcolcon.colcon_core.package_identification[0m [1;30mLevel 1[0m _identify(lerobot/tests/artifacts/datasets/lerobot/pusht) by extension 'python'
[2.045s] [34mcolcon.colcon_core.package_identification[0m [1;30mLevel 1[0m _identify(lerobot/tests/artifacts/datasets/lerobot/pusht) by extensions ['python_setup_py']
[2.045s] [34mcolcon.colcon_core.package_identification[0m [1;30mLevel 1[0m _identify(lerobot/tests/artifacts/datasets/lerobot/pusht) by extension 'python_setup_py'
[2.046s] [34mcolcon.colcon_core.package_identification[0m [1;30mLevel 1[0m _identify(lerobot/tests/artifacts/datasets/lerobot/xarm_lift_medium) by extensions ['ignore', 'ignore_ament_install']
[2.046s] [34mcolcon.colcon_core.package_identification[0m [1;30mLevel 1[0m _identify(lerobot/tests/artifacts/datasets/lerobot/xarm_lift_medium) by extension 'ignore'
[2.046s] [34mcolcon.colcon_core.package_identification[0m [1;30mLevel 1[0m _identify(lerobot/tests/artifacts/datasets/lerobot/xarm_lift_medium) by extension 'ignore_ament_install'
[2.047s] [34mcolcon.colcon_core.package_identification[0m [1;30mLevel 1[0m _identify(lerobot/tests/artifacts/datasets/lerobot/xarm_lift_medium) by extensions ['colcon_pkg']
[2.047s] [34mcolcon.colcon_core.package_identification[0m [1;30mLevel 1[0m _identify(lerobot/tests/artifacts/datasets/lerobot/xarm_lift_medium) by extension 'colcon_pkg'
[2.047s] [34mcolcon.colcon_core.package_identification[0m [1;30mLevel 1[0m _identify(lerobot/tests/artifacts/datasets/lerobot/xarm_lift_medium) by extensions ['colcon_meta']
[2.047s] [34mcolcon.colcon_core.package_identification[0m [1;30mLevel 1[0m _identify(lerobot/tests/artifacts/datasets/lerobot/xarm_lift_medium) by extension 'colcon_meta'
[2.047s] [34mcolcon.colcon_core.package_identification[0m [1;30mLevel 1[0m _identify(lerobot/tests/artifacts/datasets/lerobot/xarm_lift_medium) by extensions ['ros']
[2.047s] [34mcolcon.colcon_core.package_identification[0m [1;30mLevel 1[0m _identify(lerobot/tests/artifacts/datasets/lerobot/xarm_lift_medium) by extension 'ros'
[2.047s] [34mcolcon.colcon_core.package_identification[0m [1;30mLevel 1[0m _identify(lerobot/tests/artifacts/datasets/lerobot/xarm_lift_medium) by extensions ['cmake', 'python']
[2.047s] [34mcolcon.colcon_core.package_identification[0m [1;30mLevel 1[0m _identify(lerobot/tests/artifacts/datasets/lerobot/xarm_lift_medium) by extension 'cmake'
[2.047s] [34mcolcon.colcon_core.package_identification[0m [1;30mLevel 1[0m _identify(lerobot/tests/artifacts/datasets/lerobot/xarm_lift_medium) by extension 'python'
[2.047s] [34mcolcon.colcon_core.package_identification[0m [1;30mLevel 1[0m _identify(lerobot/tests/artifacts/datasets/lerobot/xarm_lift_medium) by extensions ['python_setup_py']
[2.047s] [34mcolcon.colcon_core.package_identification[0m [1;30mLevel 1[0m _identify(lerobot/tests/artifacts/datasets/lerobot/xarm_lift_medium) by extension 'python_setup_py'
[2.048s] [34mcolcon.colcon_core.package_identification[0m [1;30mLevel 1[0m _identify(lerobot/tests/artifacts/image_transforms) by extensions ['ignore', 'ignore_ament_install']
[2.048s] [34mcolcon.colcon_core.package_identification[0m [1;30mLevel 1[0m _identify(lerobot/tests/artifacts/image_transforms) by extension 'ignore'
[2.048s] [34mcolcon.colcon_core.package_identification[0m [1;30mLevel 1[0m _identify(lerobot/tests/artifacts/image_transforms) by extension 'ignore_ament_install'
[2.048s] [34mcolcon.colcon_core.package_identification[0m [1;30mLevel 1[0m _identify(lerobot/tests/artifacts/image_transforms) by extensions ['colcon_pkg']
[2.048s] [34mcolcon.colcon_core.package_identification[0m [1;30mLevel 1[0m _identify(lerobot/tests/artifacts/image_transforms) by extension 'colcon_pkg'
[2.048s] [34mcolcon.colcon_core.package_identification[0m [1;30mLevel 1[0m _identify(lerobot/tests/artifacts/image_transforms) by extensions ['colcon_meta']
[2.048s] [34mcolcon.colcon_core.package_identification[0m [1;30mLevel 1[0m _identify(lerobot/tests/artifacts/image_transforms) by extension 'colcon_meta'
[2.048s] [34mcolcon.colcon_core.package_identification[0m [1;30mLevel 1[0m _identify(lerobot/tests/artifacts/image_transforms) by extensions ['ros']
[2.049s] [34mcolcon.colcon_core.package_identification[0m [1;30mLevel 1[0m _identify(lerobot/tests/artifacts/image_transforms) by extension 'ros'
[2.049s] [34mcolcon.colcon_core.package_identification[0m [1;30mLevel 1[0m _identify(lerobot/tests/artifacts/image_transforms) by extensions ['cmake', 'python']
[2.049s] [34mcolcon.colcon_core.package_identification[0m [1;30mLevel 1[0m _identify(lerobot/tests/artifacts/image_transforms) by extension 'cmake'
[2.049s] [34mcolcon.colcon_core.package_identification[0m [1;30mLevel 1[0m _identify(lerobot/tests/artifacts/image_transforms) by extension 'python'
[2.049s] [34mcolcon.colcon_core.package_identification[0m [1;30mLevel 1[0m _identify(lerobot/tests/artifacts/image_transforms) by extensions ['python_setup_py']
[2.049s] [34mcolcon.colcon_core.package_identification[0m [1;30mLevel 1[0m _identify(lerobot/tests/artifacts/image_transforms) by extension 'python_setup_py'
[2.050s] [34mcolcon.colcon_core.package_identification[0m [1;30mLevel 1[0m _identify(lerobot/tests/artifacts/policies) by extensions ['ignore', 'ignore_ament_install']
[2.050s] [34mcolcon.colcon_core.package_identification[0m [1;30mLevel 1[0m _identify(lerobot/tests/artifacts/policies) by extension 'ignore'
[2.050s] [34mcolcon.colcon_core.package_identification[0m [1;30mLevel 1[0m _identify(lerobot/tests/artifacts/policies) by extension 'ignore_ament_install'
[2.050s] [34mcolcon.colcon_core.package_identification[0m [1;30mLevel 1[0m _identify(lerobot/tests/artifacts/policies) by extensions ['colcon_pkg']
[2.050s] [34mcolcon.colcon_core.package_identification[0m [1;30mLevel 1[0m _identify(lerobot/tests/artifacts/policies) by extension 'colcon_pkg'
[2.050s] [34mcolcon.colcon_core.package_identification[0m [1;30mLevel 1[0m _identify(lerobot/tests/artifacts/policies) by extensions ['colcon_meta']
[2.050s] [34mcolcon.colcon_core.package_identification[0m [1;30mLevel 1[0m _identify(lerobot/tests/artifacts/policies) by extension 'colcon_meta'
[2.050s] [34mcolcon.colcon_core.package_identification[0m [1;30mLevel 1[0m _identify(lerobot/tests/artifacts/policies) by extensions ['ros']
[2.050s] [34mcolcon.colcon_core.package_identification[0m [1;30mLevel 1[0m _identify(lerobot/tests/artifacts/policies) by extension 'ros'
[2.050s] [34mcolcon.colcon_core.package_identification[0m [1;30mLevel 1[0m _identify(lerobot/tests/artifacts/policies) by extensions ['cmake', 'python']
[2.050s] [34mcolcon.colcon_core.package_identification[0m [1;30mLevel 1[0m _identify(lerobot/tests/artifacts/policies) by extension 'cmake'
[2.050s] [34mcolcon.colcon_core.package_identification[0m [1;30mLevel 1[0m _identify(lerobot/tests/artifacts/policies) by extension 'python'
[2.050s] [34mcolcon.colcon_core.package_identification[0m [1;30mLevel 1[0m _identify(lerobot/tests/artifacts/policies) by extensions ['python_setup_py']
[2.050s] [34mcolcon.colcon_core.package_identification[0m [1;30mLevel 1[0m _identify(lerobot/tests/artifacts/policies) by extension 'python_setup_py'
[2.051s] [34mcolcon.colcon_core.package_identification[0m [1;30mLevel 1[0m _identify(lerobot/tests/artifacts/policies/aloha_sim_insertion_human_act_) by extensions ['ignore', 'ignore_ament_install']
[2.051s] [34mcolcon.colcon_core.package_identification[0m [1;30mLevel 1[0m _identify(lerobot/tests/artifacts/policies/aloha_sim_insertion_human_act_) by extension 'ignore'
[2.051s] [34mcolcon.colcon_core.package_identification[0m [1;30mLevel 1[0m _identify(lerobot/tests/artifacts/policies/aloha_sim_insertion_human_act_) by extension 'ignore_ament_install'
[2.052s] [34mcolcon.colcon_core.package_identification[0m [1;30mLevel 1[0m _identify(lerobot/tests/artifacts/policies/aloha_sim_insertion_human_act_) by extensions ['colcon_pkg']
[2.052s] [34mcolcon.colcon_core.package_identification[0m [1;30mLevel 1[0m _identify(lerobot/tests/artifacts/policies/aloha_sim_insertion_human_act_) by extension 'colcon_pkg'
[2.052s] [34mcolcon.colcon_core.package_identification[0m [1;30mLevel 1[0m _identify(lerobot/tests/artifacts/policies/aloha_sim_insertion_human_act_) by extensions ['colcon_meta']
[2.052s] [34mcolcon.colcon_core.package_identification[0m [1;30mLevel 1[0m _identify(lerobot/tests/artifacts/policies/aloha_sim_insertion_human_act_) by extension 'colcon_meta'
[2.052s] [34mcolcon.colcon_core.package_identification[0m [1;30mLevel 1[0m _identify(lerobot/tests/artifacts/policies/aloha_sim_insertion_human_act_) by extensions ['ros']
[2.052s] [34mcolcon.colcon_core.package_identification[0m [1;30mLevel 1[0m _identify(lerobot/tests/artifacts/policies/aloha_sim_insertion_human_act_) by extension 'ros'
[2.052s] [34mcolcon.colcon_core.package_identification[0m [1;30mLevel 1[0m _identify(lerobot/tests/artifacts/policies/aloha_sim_insertion_human_act_) by extensions ['cmake', 'python']
[2.052s] [34mcolcon.colcon_core.package_identification[0m [1;30mLevel 1[0m _identify(lerobot/tests/artifacts/policies/aloha_sim_insertion_human_act_) by extension 'cmake'
[2.052s] [34mcolcon.colcon_core.package_identification[0m [1;30mLevel 1[0m _identify(lerobot/tests/artifacts/policies/aloha_sim_insertion_human_act_) by extension 'python'
[2.052s] [34mcolcon.colcon_core.package_identification[0m [1;30mLevel 1[0m _identify(lerobot/tests/artifacts/policies/aloha_sim_insertion_human_act_) by extensions ['python_setup_py']
[2.052s] [34mcolcon.colcon_core.package_identification[0m [1;30mLevel 1[0m _identify(lerobot/tests/artifacts/policies/aloha_sim_insertion_human_act_) by extension 'python_setup_py'
[2.053s] [34mcolcon.colcon_core.package_identification[0m [1;30mLevel 1[0m _identify(lerobot/tests/artifacts/policies/aloha_sim_insertion_human_act_1000_steps) by extensions ['ignore', 'ignore_ament_install']
[2.053s] [34mcolcon.colcon_core.package_identification[0m [1;30mLevel 1[0m _identify(lerobot/tests/artifacts/policies/aloha_sim_insertion_human_act_1000_steps) by extension 'ignore'
[2.053s] [34mcolcon.colcon_core.package_identification[0m [1;30mLevel 1[0m _identify(lerobot/tests/artifacts/policies/aloha_sim_insertion_human_act_1000_steps) by extension 'ignore_ament_install'
[2.053s] [34mcolcon.colcon_core.package_identification[0m [1;30mLevel 1[0m _identify(lerobot/tests/artifacts/policies/aloha_sim_insertion_human_act_1000_steps) by extensions ['colcon_pkg']
[2.053s] [34mcolcon.colcon_core.package_identification[0m [1;30mLevel 1[0m _identify(lerobot/tests/artifacts/policies/aloha_sim_insertion_human_act_1000_steps) by extension 'colcon_pkg'
[2.053s] [34mcolcon.colcon_core.package_identification[0m [1;30mLevel 1[0m _identify(lerobot/tests/artifacts/policies/aloha_sim_insertion_human_act_1000_steps) by extensions ['colcon_meta']
[2.053s] [34mcolcon.colcon_core.package_identification[0m [1;30mLevel 1[0m _identify(lerobot/tests/artifacts/policies/aloha_sim_insertion_human_act_1000_steps) by extension 'colcon_meta'
[2.053s] [34mcolcon.colcon_core.package_identification[0m [1;30mLevel 1[0m _identify(lerobot/tests/artifacts/policies/aloha_sim_insertion_human_act_1000_steps) by extensions ['ros']
[2.053s] [34mcolcon.colcon_core.package_identification[0m [1;30mLevel 1[0m _identify(lerobot/tests/artifacts/policies/aloha_sim_insertion_human_act_1000_steps) by extension 'ros'
[2.053s] [34mcolcon.colcon_core.package_identification[0m [1;30mLevel 1[0m _identify(lerobot/tests/artifacts/policies/aloha_sim_insertion_human_act_1000_steps) by extensions ['cmake', 'python']
[2.053s] [34mcolcon.colcon_core.package_identification[0m [1;30mLevel 1[0m _identify(lerobot/tests/artifacts/policies/aloha_sim_insertion_human_act_1000_steps) by extension 'cmake'
[2.053s] [34mcolcon.colcon_core.package_identification[0m [1;30mLevel 1[0m _identify(lerobot/tests/artifacts/policies/aloha_sim_insertion_human_act_1000_steps) by extension 'python'
[2.054s] [34mcolcon.colcon_core.package_identification[0m [1;30mLevel 1[0m _identify(lerobot/tests/artifacts/policies/aloha_sim_insertion_human_act_1000_steps) by extensions ['python_setup_py']
[2.054s] [34mcolcon.colcon_core.package_identification[0m [1;30mLevel 1[0m _identify(lerobot/tests/artifacts/policies/aloha_sim_insertion_human_act_1000_steps) by extension 'python_setup_py'
[2.055s] [34mcolcon.colcon_core.package_identification[0m [1;30mLevel 1[0m _identify(lerobot/tests/artifacts/policies/pusht_diffusion_) by extensions ['ignore', 'ignore_ament_install']
[2.055s] [34mcolcon.colcon_core.package_identification[0m [1;30mLevel 1[0m _identify(lerobot/tests/artifacts/policies/pusht_diffusion_) by extension 'ignore'
[2.055s] [34mcolcon.colcon_core.package_identification[0m [1;30mLevel 1[0m _identify(lerobot/tests/artifacts/policies/pusht_diffusion_) by extension 'ignore_ament_install'
[2.055s] [34mcolcon.colcon_core.package_identification[0m [1;30mLevel 1[0m _identify(lerobot/tests/artifacts/policies/pusht_diffusion_) by extensions ['colcon_pkg']
[2.055s] [34mcolcon.colcon_core.package_identification[0m [1;30mLevel 1[0m _identify(lerobot/tests/artifacts/policies/pusht_diffusion_) by extension 'colcon_pkg'
[2.055s] [34mcolcon.colcon_core.package_identification[0m [1;30mLevel 1[0m _identify(lerobot/tests/artifacts/policies/pusht_diffusion_) by extensions ['colcon_meta']
[2.055s] [34mcolcon.colcon_core.package_identification[0m [1;30mLevel 1[0m _identify(lerobot/tests/artifacts/policies/pusht_diffusion_) by extension 'colcon_meta'
[2.055s] [34mcolcon.colcon_core.package_identification[0m [1;30mLevel 1[0m _identify(lerobot/tests/artifacts/policies/pusht_diffusion_) by extensions ['ros']
[2.055s] [34mcolcon.colcon_core.package_identification[0m [1;30mLevel 1[0m _identify(lerobot/tests/artifacts/policies/pusht_diffusion_) by extension 'ros'
[2.055s] [34mcolcon.colcon_core.package_identification[0m [1;30mLevel 1[0m _identify(lerobot/tests/artifacts/policies/pusht_diffusion_) by extensions ['cmake', 'python']
[2.055s] [34mcolcon.colcon_core.package_identification[0m [1;30mLevel 1[0m _identify(lerobot/tests/artifacts/policies/pusht_diffusion_) by extension 'cmake'
[2.055s] [34mcolcon.colcon_core.package_identification[0m [1;30mLevel 1[0m _identify(lerobot/tests/artifacts/policies/pusht_diffusion_) by extension 'python'
[2.055s] [34mcolcon.colcon_core.package_identification[0m [1;30mLevel 1[0m _identify(lerobot/tests/artifacts/policies/pusht_diffusion_) by extensions ['python_setup_py']
[2.055s] [34mcolcon.colcon_core.package_identification[0m [1;30mLevel 1[0m _identify(lerobot/tests/artifacts/policies/pusht_diffusion_) by extension 'python_setup_py'
[2.056s] [34mcolcon.colcon_core.package_identification[0m [1;30mLevel 1[0m _identify(lerobot/tests/artifacts/policies/xarm_lift_medium_tdmpc_use_mpc) by extensions ['ignore', 'ignore_ament_install']
[2.056s] [34mcolcon.colcon_core.package_identification[0m [1;30mLevel 1[0m _identify(lerobot/tests/artifacts/policies/xarm_lift_medium_tdmpc_use_mpc) by extension 'ignore'
[2.056s] [34mcolcon.colcon_core.package_identification[0m [1;30mLevel 1[0m _identify(lerobot/tests/artifacts/policies/xarm_lift_medium_tdmpc_use_mpc) by extension 'ignore_ament_install'
[2.057s] [34mcolcon.colcon_core.package_identification[0m [1;30mLevel 1[0m _identify(lerobot/tests/artifacts/policies/xarm_lift_medium_tdmpc_use_mpc) by extensions ['colcon_pkg']
[2.057s] [34mcolcon.colcon_core.package_identification[0m [1;30mLevel 1[0m _identify(lerobot/tests/artifacts/policies/xarm_lift_medium_tdmpc_use_mpc) by extension 'colcon_pkg'
[2.057s] [34mcolcon.colcon_core.package_identification[0m [1;30mLevel 1[0m _identify(lerobot/tests/artifacts/policies/xarm_lift_medium_tdmpc_use_mpc) by extensions ['colcon_meta']
[2.057s] [34mcolcon.colcon_core.package_identification[0m [1;30mLevel 1[0m _identify(lerobot/tests/artifacts/policies/xarm_lift_medium_tdmpc_use_mpc) by extension 'colcon_meta'
[2.057s] [34mcolcon.colcon_core.package_identification[0m [1;30mLevel 1[0m _identify(lerobot/tests/artifacts/policies/xarm_lift_medium_tdmpc_use_mpc) by extensions ['ros']
[2.057s] [34mcolcon.colcon_core.package_identification[0m [1;30mLevel 1[0m _identify(lerobot/tests/artifacts/policies/xarm_lift_medium_tdmpc_use_mpc) by extension 'ros'
[2.057s] [34mcolcon.colcon_core.package_identification[0m [1;30mLevel 1[0m _identify(lerobot/tests/artifacts/policies/xarm_lift_medium_tdmpc_use_mpc) by extensions ['cmake', 'python']
[2.057s] [34mcolcon.colcon_core.package_identification[0m [1;30mLevel 1[0m _identify(lerobot/tests/artifacts/policies/xarm_lift_medium_tdmpc_use_mpc) by extension 'cmake'
[2.057s] [34mcolcon.colcon_core.package_identification[0m [1;30mLevel 1[0m _identify(lerobot/tests/artifacts/policies/xarm_lift_medium_tdmpc_use_mpc) by extension 'python'
[2.057s] [34mcolcon.colcon_core.package_identification[0m [1;30mLevel 1[0m _identify(lerobot/tests/artifacts/policies/xarm_lift_medium_tdmpc_use_mpc) by extensions ['python_setup_py']
[2.057s] [34mcolcon.colcon_core.package_identification[0m [1;30mLevel 1[0m _identify(lerobot/tests/artifacts/policies/xarm_lift_medium_tdmpc_use_mpc) by extension 'python_setup_py'
[2.058s] [34mcolcon.colcon_core.package_identification[0m [1;30mLevel 1[0m _identify(lerobot/tests/artifacts/policies/xarm_lift_medium_tdmpc_use_policy) by extensions ['ignore', 'ignore_ament_install']
[2.058s] [34mcolcon.colcon_core.package_identification[0m [1;30mLevel 1[0m _identify(lerobot/tests/artifacts/policies/xarm_lift_medium_tdmpc_use_policy) by extension 'ignore'
[2.058s] [34mcolcon.colcon_core.package_identification[0m [1;30mLevel 1[0m _identify(lerobot/tests/artifacts/policies/xarm_lift_medium_tdmpc_use_policy) by extension 'ignore_ament_install'
[2.058s] [34mcolcon.colcon_core.package_identification[0m [1;30mLevel 1[0m _identify(lerobot/tests/artifacts/policies/xarm_lift_medium_tdmpc_use_policy) by extensions ['colcon_pkg']
[2.058s] [34mcolcon.colcon_core.package_identification[0m [1;30mLevel 1[0m _identify(lerobot/tests/artifacts/policies/xarm_lift_medium_tdmpc_use_policy) by extension 'colcon_pkg'
[2.058s] [34mcolcon.colcon_core.package_identification[0m [1;30mLevel 1[0m _identify(lerobot/tests/artifacts/policies/xarm_lift_medium_tdmpc_use_policy) by extensions ['colcon_meta']
[2.058s] [34mcolcon.colcon_core.package_identification[0m [1;30mLevel 1[0m _identify(lerobot/tests/artifacts/policies/xarm_lift_medium_tdmpc_use_policy) by extension 'colcon_meta'
[2.058s] [34mcolcon.colcon_core.package_identification[0m [1;30mLevel 1[0m _identify(lerobot/tests/artifacts/policies/xarm_lift_medium_tdmpc_use_policy) by extensions ['ros']
[2.058s] [34mcolcon.colcon_core.package_identification[0m [1;30mLevel 1[0m _identify(lerobot/tests/artifacts/policies/xarm_lift_medium_tdmpc_use_policy) by extension 'ros'
[2.058s] [34mcolcon.colcon_core.package_identification[0m [1;30mLevel 1[0m _identify(lerobot/tests/artifacts/policies/xarm_lift_medium_tdmpc_use_policy) by extensions ['cmake', 'python']
[2.058s] [34mcolcon.colcon_core.package_identification[0m [1;30mLevel 1[0m _identify(lerobot/tests/artifacts/policies/xarm_lift_medium_tdmpc_use_policy) by extension 'cmake'
[2.059s] [34mcolcon.colcon_core.package_identification[0m [1;30mLevel 1[0m _identify(lerobot/tests/artifacts/policies/xarm_lift_medium_tdmpc_use_policy) by extension 'python'
[2.059s] [34mcolcon.colcon_core.package_identification[0m [1;30mLevel 1[0m _identify(lerobot/tests/artifacts/policies/xarm_lift_medium_tdmpc_use_policy) by extensions ['python_setup_py']
[2.059s] [34mcolcon.colcon_core.package_identification[0m [1;30mLevel 1[0m _identify(lerobot/tests/artifacts/policies/xarm_lift_medium_tdmpc_use_policy) by extension 'python_setup_py'
[2.060s] [34mcolcon.colcon_core.package_identification[0m [1;30mLevel 1[0m _identify(lerobot/tests/async_inference) by extensions ['ignore', 'ignore_ament_install']
[2.060s] [34mcolcon.colcon_core.package_identification[0m [1;30mLevel 1[0m _identify(lerobot/tests/async_inference) by extension 'ignore'
[2.060s] [34mcolcon.colcon_core.package_identification[0m [1;30mLevel 1[0m _identify(lerobot/tests/async_inference) by extension 'ignore_ament_install'
[2.060s] [34mcolcon.colcon_core.package_identification[0m [1;30mLevel 1[0m _identify(lerobot/tests/async_inference) by extensions ['colcon_pkg']
[2.060s] [34mcolcon.colcon_core.package_identification[0m [1;30mLevel 1[0m _identify(lerobot/tests/async_inference) by extension 'colcon_pkg'
[2.060s] [34mcolcon.colcon_core.package_identification[0m [1;30mLevel 1[0m _identify(lerobot/tests/async_inference) by extensions ['colcon_meta']
[2.060s] [34mcolcon.colcon_core.package_identification[0m [1;30mLevel 1[0m _identify(lerobot/tests/async_inference) by extension 'colcon_meta'
[2.060s] [34mcolcon.colcon_core.package_identification[0m [1;30mLevel 1[0m _identify(lerobot/tests/async_inference) by extensions ['ros']
[2.060s] [34mcolcon.colcon_core.package_identification[0m [1;30mLevel 1[0m _identify(lerobot/tests/async_inference) by extension 'ros'
[2.060s] [34mcolcon.colcon_core.package_identification[0m [1;30mLevel 1[0m _identify(lerobot/tests/async_inference) by extensions ['cmake', 'python']
[2.060s] [34mcolcon.colcon_core.package_identification[0m [1;30mLevel 1[0m _identify(lerobot/tests/async_inference) by extension 'cmake'
[2.060s] [34mcolcon.colcon_core.package_identification[0m [1;30mLevel 1[0m _identify(lerobot/tests/async_inference) by extension 'python'
[2.060s] [34mcolcon.colcon_core.package_identification[0m [1;30mLevel 1[0m _identify(lerobot/tests/async_inference) by extensions ['python_setup_py']
[2.060s] [34mcolcon.colcon_core.package_identification[0m [1;30mLevel 1[0m _identify(lerobot/tests/async_inference) by extension 'python_setup_py'
[2.061s] [34mcolcon.colcon_core.package_identification[0m [1;30mLevel 1[0m _identify(lerobot/tests/cameras) by extensions ['ignore', 'ignore_ament_install']
[2.061s] [34mcolcon.colcon_core.package_identification[0m [1;30mLevel 1[0m _identify(lerobot/tests/cameras) by extension 'ignore'
[2.062s] [34mcolcon.colcon_core.package_identification[0m [1;30mLevel 1[0m _identify(lerobot/tests/cameras) by extension 'ignore_ament_install'
[2.062s] [34mcolcon.colcon_core.package_identification[0m [1;30mLevel 1[0m _identify(lerobot/tests/cameras) by extensions ['colcon_pkg']
[2.062s] [34mcolcon.colcon_core.package_identification[0m [1;30mLevel 1[0m _identify(lerobot/tests/cameras) by extension 'colcon_pkg'
[2.062s] [34mcolcon.colcon_core.package_identification[0m [1;30mLevel 1[0m _identify(lerobot/tests/cameras) by extensions ['colcon_meta']
[2.062s] [34mcolcon.colcon_core.package_identification[0m [1;30mLevel 1[0m _identify(lerobot/tests/cameras) by extension 'colcon_meta'
[2.062s] [34mcolcon.colcon_core.package_identification[0m [1;30mLevel 1[0m _identify(lerobot/tests/cameras) by extensions ['ros']
[2.062s] [34mcolcon.colcon_core.package_identification[0m [1;30mLevel 1[0m _identify(lerobot/tests/cameras) by extension 'ros'
[2.062s] [34mcolcon.colcon_core.package_identification[0m [1;30mLevel 1[0m _identify(lerobot/tests/cameras) by extensions ['cmake', 'python']
[2.062s] [34mcolcon.colcon_core.package_identification[0m [1;30mLevel 1[0m _identify(lerobot/tests/cameras) by extension 'cmake'
[2.062s] [34mcolcon.colcon_core.package_identification[0m [1;30mLevel 1[0m _identify(lerobot/tests/cameras) by extension 'python'
[2.062s] [34mcolcon.colcon_core.package_identification[0m [1;30mLevel 1[0m _identify(lerobot/tests/cameras) by extensions ['python_setup_py']
[2.062s] [34mcolcon.colcon_core.package_identification[0m [1;30mLevel 1[0m _identify(lerobot/tests/cameras) by extension 'python_setup_py'
[2.063s] [34mcolcon.colcon_core.package_identification[0m [1;30mLevel 1[0m _identify(lerobot/tests/configs) by extensions ['ignore', 'ignore_ament_install']
[2.063s] [34mcolcon.colcon_core.package_identification[0m [1;30mLevel 1[0m _identify(lerobot/tests/configs) by extension 'ignore'
[2.063s] [34mcolcon.colcon_core.package_identification[0m [1;30mLevel 1[0m _identify(lerobot/tests/configs) by extension 'ignore_ament_install'
[2.063s] [34mcolcon.colcon_core.package_identification[0m [1;30mLevel 1[0m _identify(lerobot/tests/configs) by extensions ['colcon_pkg']
[2.063s] [34mcolcon.colcon_core.package_identification[0m [1;30mLevel 1[0m _identify(lerobot/tests/configs) by extension 'colcon_pkg'
[2.063s] [34mcolcon.colcon_core.package_identification[0m [1;30mLevel 1[0m _identify(lerobot/tests/configs) by extensions ['colcon_meta']
[2.063s] [34mcolcon.colcon_core.package_identification[0m [1;30mLevel 1[0m _identify(lerobot/tests/configs) by extension 'colcon_meta'
[2.063s] [34mcolcon.colcon_core.package_identification[0m [1;30mLevel 1[0m _identify(lerobot/tests/configs) by extensions ['ros']
[2.063s] [34mcolcon.colcon_core.package_identification[0m [1;30mLevel 1[0m _identify(lerobot/tests/configs) by extension 'ros'
[2.064s] [34mcolcon.colcon_core.package_identification[0m [1;30mLevel 1[0m _identify(lerobot/tests/configs) by extensions ['cmake', 'python']
[2.064s] [34mcolcon.colcon_core.package_identification[0m [1;30mLevel 1[0m _identify(lerobot/tests/configs) by extension 'cmake'
[2.064s] [34mcolcon.colcon_core.package_identification[0m [1;30mLevel 1[0m _identify(lerobot/tests/configs) by extension 'python'
[2.064s] [34mcolcon.colcon_core.package_identification[0m [1;30mLevel 1[0m _identify(lerobot/tests/configs) by extensions ['python_setup_py']
[2.064s] [34mcolcon.colcon_core.package_identification[0m [1;30mLevel 1[0m _identify(lerobot/tests/configs) by extension 'python_setup_py'
[2.065s] [34mcolcon.colcon_core.package_identification[0m [1;30mLevel 1[0m _identify(lerobot/tests/datasets) by extensions ['ignore', 'ignore_ament_install']
[2.065s] [34mcolcon.colcon_core.package_identification[0m [1;30mLevel 1[0m _identify(lerobot/tests/datasets) by extension 'ignore'
[2.065s] [34mcolcon.colcon_core.package_identification[0m [1;30mLevel 1[0m _identify(lerobot/tests/datasets) by extension 'ignore_ament_install'
[2.065s] [34mcolcon.colcon_core.package_identification[0m [1;30mLevel 1[0m _identify(lerobot/tests/datasets) by extensions ['colcon_pkg']
[2.065s] [34mcolcon.colcon_core.package_identification[0m [1;30mLevel 1[0m _identify(lerobot/tests/datasets) by extension 'colcon_pkg'
[2.065s] [34mcolcon.colcon_core.package_identification[0m [1;30mLevel 1[0m _identify(lerobot/tests/datasets) by extensions ['colcon_meta']
[2.065s] [34mcolcon.colcon_core.package_identification[0m [1;30mLevel 1[0m _identify(lerobot/tests/datasets) by extension 'colcon_meta'
[2.065s] [34mcolcon.colcon_core.package_identification[0m [1;30mLevel 1[0m _identify(lerobot/tests/datasets) by extensions ['ros']
[2.065s] [34mcolcon.colcon_core.package_identification[0m [1;30mLevel 1[0m _identify(lerobot/tests/datasets) by extension 'ros'
[2.065s] [34mcolcon.colcon_core.package_identification[0m [1;30mLevel 1[0m _identify(lerobot/tests/datasets) by extensions ['cmake', 'python']
[2.065s] [34mcolcon.colcon_core.package_identification[0m [1;30mLevel 1[0m _identify(lerobot/tests/datasets) by extension 'cmake'
[2.065s] [34mcolcon.colcon_core.package_identification[0m [1;30mLevel 1[0m _identify(lerobot/tests/datasets) by extension 'python'
[2.065s] [34mcolcon.colcon_core.package_identification[0m [1;30mLevel 1[0m _identify(lerobot/tests/datasets) by extensions ['python_setup_py']
[2.065s] [34mcolcon.colcon_core.package_identification[0m [1;30mLevel 1[0m _identify(lerobot/tests/datasets) by extension 'python_setup_py'
[2.066s] [34mcolcon.colcon_core.package_identification[0m [1;30mLevel 1[0m _identify(lerobot/tests/envs) by extensions ['ignore', 'ignore_ament_install']
[2.066s] [34mcolcon.colcon_core.package_identification[0m [1;30mLevel 1[0m _identify(lerobot/tests/envs) by extension 'ignore'
[2.067s] [34mcolcon.colcon_core.package_identification[0m [1;30mLevel 1[0m _identify(lerobot/tests/envs) by extension 'ignore_ament_install'
[2.067s] [34mcolcon.colcon_core.package_identification[0m [1;30mLevel 1[0m _identify(lerobot/tests/envs) by extensions ['colcon_pkg']
[2.067s] [34mcolcon.colcon_core.package_identification[0m [1;30mLevel 1[0m _identify(lerobot/tests/envs) by extension 'colcon_pkg'
[2.067s] [34mcolcon.colcon_core.package_identification[0m [1;30mLevel 1[0m _identify(lerobot/tests/envs) by extensions ['colcon_meta']
[2.067s] [34mcolcon.colcon_core.package_identification[0m [1;30mLevel 1[0m _identify(lerobot/tests/envs) by extension 'colcon_meta'
[2.067s] [34mcolcon.colcon_core.package_identification[0m [1;30mLevel 1[0m _identify(lerobot/tests/envs) by extensions ['ros']
[2.067s] [34mcolcon.colcon_core.package_identification[0m [1;30mLevel 1[0m _identify(lerobot/tests/envs) by extension 'ros'
[2.067s] [34mcolcon.colcon_core.package_identification[0m [1;30mLevel 1[0m _identify(lerobot/tests/envs) by extensions ['cmake', 'python']
[2.067s] [34mcolcon.colcon_core.package_identification[0m [1;30mLevel 1[0m _identify(lerobot/tests/envs) by extension 'cmake'
[2.067s] [34mcolcon.colcon_core.package_identification[0m [1;30mLevel 1[0m _identify(lerobot/tests/envs) by extension 'python'
[2.067s] [34mcolcon.colcon_core.package_identification[0m [1;30mLevel 1[0m _identify(lerobot/tests/envs) by extensions ['python_setup_py']
[2.067s] [34mcolcon.colcon_core.package_identification[0m [1;30mLevel 1[0m _identify(lerobot/tests/envs) by extension 'python_setup_py'
[2.068s] [34mcolcon.colcon_core.package_identification[0m [1;30mLevel 1[0m _identify(lerobot/tests/fixtures) by extensions ['ignore', 'ignore_ament_install']
[2.068s] [34mcolcon.colcon_core.package_identification[0m [1;30mLevel 1[0m _identify(lerobot/tests/fixtures) by extension 'ignore'
[2.068s] [34mcolcon.colcon_core.package_identification[0m [1;30mLevel 1[0m _identify(lerobot/tests/fixtures) by extension 'ignore_ament_install'
[2.068s] [34mcolcon.colcon_core.package_identification[0m [1;30mLevel 1[0m _identify(lerobot/tests/fixtures) by extensions ['colcon_pkg']
[2.068s] [34mcolcon.colcon_core.package_identification[0m [1;30mLevel 1[0m _identify(lerobot/tests/fixtures) by extension 'colcon_pkg'
[2.068s] [34mcolcon.colcon_core.package_identification[0m [1;30mLevel 1[0m _identify(lerobot/tests/fixtures) by extensions ['colcon_meta']
[2.068s] [34mcolcon.colcon_core.package_identification[0m [1;30mLevel 1[0m _identify(lerobot/tests/fixtures) by extension 'colcon_meta'
[2.068s] [34mcolcon.colcon_core.package_identification[0m [1;30mLevel 1[0m _identify(lerobot/tests/fixtures) by extensions ['ros']
[2.068s] [34mcolcon.colcon_core.package_identification[0m [1;30mLevel 1[0m _identify(lerobot/tests/fixtures) by extension 'ros'
[2.069s] [34mcolcon.colcon_core.package_identification[0m [1;30mLevel 1[0m _identify(lerobot/tests/fixtures) by extensions ['cmake', 'python']
[2.069s] [34mcolcon.colcon_core.package_identification[0m [1;30mLevel 1[0m _identify(lerobot/tests/fixtures) by extension 'cmake'
[2.069s] [34mcolcon.colcon_core.package_identification[0m [1;30mLevel 1[0m _identify(lerobot/tests/fixtures) by extension 'python'
[2.069s] [34mcolcon.colcon_core.package_identification[0m [1;30mLevel 1[0m _identify(lerobot/tests/fixtures) by extensions ['python_setup_py']
[2.069s] [34mcolcon.colcon_core.package_identification[0m [1;30mLevel 1[0m _identify(lerobot/tests/fixtures) by extension 'python_setup_py'
[2.070s] [34mcolcon.colcon_core.package_identification[0m [1;30mLevel 1[0m _identify(lerobot/tests/mocks) by extensions ['ignore', 'ignore_ament_install']
[2.070s] [34mcolcon.colcon_core.package_identification[0m [1;30mLevel 1[0m _identify(lerobot/tests/mocks) by extension 'ignore'
[2.070s] [34mcolcon.colcon_core.package_identification[0m [1;30mLevel 1[0m _identify(lerobot/tests/mocks) by extension 'ignore_ament_install'
[2.070s] [34mcolcon.colcon_core.package_identification[0m [1;30mLevel 1[0m _identify(lerobot/tests/mocks) by extensions ['colcon_pkg']
[2.070s] [34mcolcon.colcon_core.package_identification[0m [1;30mLevel 1[0m _identify(lerobot/tests/mocks) by extension 'colcon_pkg'
[2.070s] [34mcolcon.colcon_core.package_identification[0m [1;30mLevel 1[0m _identify(lerobot/tests/mocks) by extensions ['colcon_meta']
[2.070s] [34mcolcon.colcon_core.package_identification[0m [1;30mLevel 1[0m _identify(lerobot/tests/mocks) by extension 'colcon_meta'
[2.070s] [34mcolcon.colcon_core.package_identification[0m [1;30mLevel 1[0m _identify(lerobot/tests/mocks) by extensions ['ros']
[2.070s] [34mcolcon.colcon_core.package_identification[0m [1;30mLevel 1[0m _identify(lerobot/tests/mocks) by extension 'ros'
[2.070s] [34mcolcon.colcon_core.package_identification[0m [1;30mLevel 1[0m _identify(lerobot/tests/mocks) by extensions ['cmake', 'python']
[2.070s] [34mcolcon.colcon_core.package_identification[0m [1;30mLevel 1[0m _identify(lerobot/tests/mocks) by extension 'cmake'
[2.070s] [34mcolcon.colcon_core.package_identification[0m [1;30mLevel 1[0m _identify(lerobot/tests/mocks) by extension 'python'
[2.070s] [34mcolcon.colcon_core.package_identification[0m [1;30mLevel 1[0m _identify(lerobot/tests/mocks) by extensions ['python_setup_py']
[2.070s] [34mcolcon.colcon_core.package_identification[0m [1;30mLevel 1[0m _identify(lerobot/tests/mocks) by extension 'python_setup_py'
[2.071s] [34mcolcon.colcon_core.package_identification[0m [1;30mLevel 1[0m _identify(lerobot/tests/motors) by extensions ['ignore', 'ignore_ament_install']
[2.072s] [34mcolcon.colcon_core.package_identification[0m [1;30mLevel 1[0m _identify(lerobot/tests/motors) by extension 'ignore'
[2.072s] [34mcolcon.colcon_core.package_identification[0m [1;30mLevel 1[0m _identify(lerobot/tests/motors) by extension 'ignore_ament_install'
[2.072s] [34mcolcon.colcon_core.package_identification[0m [1;30mLevel 1[0m _identify(lerobot/tests/motors) by extensions ['colcon_pkg']
[2.072s] [34mcolcon.colcon_core.package_identification[0m [1;30mLevel 1[0m _identify(lerobot/tests/motors) by extension 'colcon_pkg'
[2.072s] [34mcolcon.colcon_core.package_identification[0m [1;30mLevel 1[0m _identify(lerobot/tests/motors) by extensions ['colcon_meta']
[2.072s] [34mcolcon.colcon_core.package_identification[0m [1;30mLevel 1[0m _identify(lerobot/tests/motors) by extension 'colcon_meta'
[2.072s] [34mcolcon.colcon_core.package_identification[0m [1;30mLevel 1[0m _identify(lerobot/tests/motors) by extensions ['ros']
[2.072s] [34mcolcon.colcon_core.package_identification[0m [1;30mLevel 1[0m _identify(lerobot/tests/motors) by extension 'ros'
[2.072s] [34mcolcon.colcon_core.package_identification[0m [1;30mLevel 1[0m _identify(lerobot/tests/motors) by extensions ['cmake', 'python']
[2.072s] [34mcolcon.colcon_core.package_identification[0m [1;30mLevel 1[0m _identify(lerobot/tests/motors) by extension 'cmake'
[2.072s] [34mcolcon.colcon_core.package_identification[0m [1;30mLevel 1[0m _identify(lerobot/tests/motors) by extension 'python'
[2.072s] [34mcolcon.colcon_core.package_identification[0m [1;30mLevel 1[0m _identify(lerobot/tests/motors) by extensions ['python_setup_py']
[2.072s] [34mcolcon.colcon_core.package_identification[0m [1;30mLevel 1[0m _identify(lerobot/tests/motors) by extension 'python_setup_py'
[2.073s] [34mcolcon.colcon_core.package_identification[0m [1;30mLevel 1[0m _identify(lerobot/tests/optim) by extensions ['ignore', 'ignore_ament_install']
[2.073s] [34mcolcon.colcon_core.package_identification[0m [1;30mLevel 1[0m _identify(lerobot/tests/optim) by extension 'ignore'
[2.073s] [34mcolcon.colcon_core.package_identification[0m [1;30mLevel 1[0m _identify(lerobot/tests/optim) by extension 'ignore_ament_install'
[2.073s] [34mcolcon.colcon_core.package_identification[0m [1;30mLevel 1[0m _identify(lerobot/tests/optim) by extensions ['colcon_pkg']
[2.073s] [34mcolcon.colcon_core.package_identification[0m [1;30mLevel 1[0m _identify(lerobot/tests/optim) by extension 'colcon_pkg'
[2.074s] [34mcolcon.colcon_core.package_identification[0m [1;30mLevel 1[0m _identify(lerobot/tests/optim) by extensions ['colcon_meta']
[2.074s] [34mcolcon.colcon_core.package_identification[0m [1;30mLevel 1[0m _identify(lerobot/tests/optim) by extension 'colcon_meta'
[2.074s] [34mcolcon.colcon_core.package_identification[0m [1;30mLevel 1[0m _identify(lerobot/tests/optim) by extensions ['ros']
[2.074s] [34mcolcon.colcon_core.package_identification[0m [1;30mLevel 1[0m _identify(lerobot/tests/optim) by extension 'ros'
[2.074s] [34mcolcon.colcon_core.package_identification[0m [1;30mLevel 1[0m _identify(lerobot/tests/optim) by extensions ['cmake', 'python']
[2.074s] [34mcolcon.colcon_core.package_identification[0m [1;30mLevel 1[0m _identify(lerobot/tests/optim) by extension 'cmake'
[2.074s] [34mcolcon.colcon_core.package_identification[0m [1;30mLevel 1[0m _identify(lerobot/tests/optim) by extension 'python'
[2.074s] [34mcolcon.colcon_core.package_identification[0m [1;30mLevel 1[0m _identify(lerobot/tests/optim) by extensions ['python_setup_py']
[2.074s] [34mcolcon.colcon_core.package_identification[0m [1;30mLevel 1[0m _identify(lerobot/tests/optim) by extension 'python_setup_py'
[2.075s] [34mcolcon.colcon_core.package_identification[0m [1;30mLevel 1[0m _identify(lerobot/tests/plugins) by extensions ['ignore', 'ignore_ament_install']
[2.075s] [34mcolcon.colcon_core.package_identification[0m [1;30mLevel 1[0m _identify(lerobot/tests/plugins) by extension 'ignore'
[2.075s] [34mcolcon.colcon_core.package_identification[0m [1;30mLevel 1[0m _identify(lerobot/tests/plugins) by extension 'ignore_ament_install'
[2.075s] [34mcolcon.colcon_core.package_identification[0m [1;30mLevel 1[0m _identify(lerobot/tests/plugins) by extensions ['colcon_pkg']
[2.075s] [34mcolcon.colcon_core.package_identification[0m [1;30mLevel 1[0m _identify(lerobot/tests/plugins) by extension 'colcon_pkg'
[2.075s] [34mcolcon.colcon_core.package_identification[0m [1;30mLevel 1[0m _identify(lerobot/tests/plugins) by extensions ['colcon_meta']
[2.075s] [34mcolcon.colcon_core.package_identification[0m [1;30mLevel 1[0m _identify(lerobot/tests/plugins) by extension 'colcon_meta'
[2.075s] [34mcolcon.colcon_core.package_identification[0m [1;30mLevel 1[0m _identify(lerobot/tests/plugins) by extensions ['ros']
[2.075s] [34mcolcon.colcon_core.package_identification[0m [1;30mLevel 1[0m _identify(lerobot/tests/plugins) by extension 'ros'
[2.075s] [34mcolcon.colcon_core.package_identification[0m [1;30mLevel 1[0m _identify(lerobot/tests/plugins) by extensions ['cmake', 'python']
[2.075s] [34mcolcon.colcon_core.package_identification[0m [1;30mLevel 1[0m _identify(lerobot/tests/plugins) by extension 'cmake'
[2.076s] [34mcolcon.colcon_core.package_identification[0m [1;30mLevel 1[0m _identify(lerobot/tests/plugins) by extension 'python'
[2.076s] [34mcolcon.colcon_core.package_identification[0m [1;30mLevel 1[0m _identify(lerobot/tests/plugins) by extensions ['python_setup_py']
[2.076s] [34mcolcon.colcon_core.package_identification[0m [1;30mLevel 1[0m _identify(lerobot/tests/plugins) by extension 'python_setup_py'
[2.077s] [34mcolcon.colcon_core.package_identification[0m [1;30mLevel 1[0m _identify(lerobot/tests/policies) by extensions ['ignore', 'ignore_ament_install']
[2.077s] [34mcolcon.colcon_core.package_identification[0m [1;30mLevel 1[0m _identify(lerobot/tests/policies) by extension 'ignore'
[2.077s] [34mcolcon.colcon_core.package_identification[0m [1;30mLevel 1[0m _identify(lerobot/tests/policies) by extension 'ignore_ament_install'
[2.077s] [34mcolcon.colcon_core.package_identification[0m [1;30mLevel 1[0m _identify(lerobot/tests/policies) by extensions ['colcon_pkg']
[2.077s] [34mcolcon.colcon_core.package_identification[0m [1;30mLevel 1[0m _identify(lerobot/tests/policies) by extension 'colcon_pkg'
[2.077s] [34mcolcon.colcon_core.package_identification[0m [1;30mLevel 1[0m _identify(lerobot/tests/policies) by extensions ['colcon_meta']
[2.077s] [34mcolcon.colcon_core.package_identification[0m [1;30mLevel 1[0m _identify(lerobot/tests/policies) by extension 'colcon_meta'
[2.077s] [34mcolcon.colcon_core.package_identification[0m [1;30mLevel 1[0m _identify(lerobot/tests/policies) by extensions ['ros']
[2.077s] [34mcolcon.colcon_core.package_identification[0m [1;30mLevel 1[0m _identify(lerobot/tests/policies) by extension 'ros'
[2.077s] [34mcolcon.colcon_core.package_identification[0m [1;30mLevel 1[0m _identify(lerobot/tests/policies) by extensions ['cmake', 'python']
[2.077s] [34mcolcon.colcon_core.package_identification[0m [1;30mLevel 1[0m _identify(lerobot/tests/policies) by extension 'cmake'
[2.077s] [34mcolcon.colcon_core.package_identification[0m [1;30mLevel 1[0m _identify(lerobot/tests/policies) by extension 'python'
[2.077s] [34mcolcon.colcon_core.package_identification[0m [1;30mLevel 1[0m _identify(lerobot/tests/policies) by extensions ['python_setup_py']
[2.077s] [34mcolcon.colcon_core.package_identification[0m [1;30mLevel 1[0m _identify(lerobot/tests/policies) by extension 'python_setup_py'
[2.078s] [34mcolcon.colcon_core.package_identification[0m [1;30mLevel 1[0m _identify(lerobot/tests/policies/groot) by extensions ['ignore', 'ignore_ament_install']
[2.079s] [34mcolcon.colcon_core.package_identification[0m [1;30mLevel 1[0m _identify(lerobot/tests/policies/groot) by extension 'ignore'
[2.079s] [34mcolcon.colcon_core.package_identification[0m [1;30mLevel 1[0m _identify(lerobot/tests/policies/groot) by extension 'ignore_ament_install'
[2.079s] [34mcolcon.colcon_core.package_identification[0m [1;30mLevel 1[0m _identify(lerobot/tests/policies/groot) by extensions ['colcon_pkg']
[2.079s] [34mcolcon.colcon_core.package_identification[0m [1;30mLevel 1[0m _identify(lerobot/tests/policies/groot) by extension 'colcon_pkg'
[2.079s] [34mcolcon.colcon_core.package_identification[0m [1;30mLevel 1[0m _identify(lerobot/tests/policies/groot) by extensions ['colcon_meta']
[2.079s] [34mcolcon.colcon_core.package_identification[0m [1;30mLevel 1[0m _identify(lerobot/tests/policies/groot) by extension 'colcon_meta'
[2.079s] [34mcolcon.colcon_core.package_identification[0m [1;30mLevel 1[0m _identify(lerobot/tests/policies/groot) by extensions ['ros']
[2.079s] [34mcolcon.colcon_core.package_identification[0m [1;30mLevel 1[0m _identify(lerobot/tests/policies/groot) by extension 'ros'
[2.079s] [34mcolcon.colcon_core.package_identification[0m [1;30mLevel 1[0m _identify(lerobot/tests/policies/groot) by extensions ['cmake', 'python']
[2.079s] [34mcolcon.colcon_core.package_identification[0m [1;30mLevel 1[0m _identify(lerobot/tests/policies/groot) by extension 'cmake'
[2.079s] [34mcolcon.colcon_core.package_identification[0m [1;30mLevel 1[0m _identify(lerobot/tests/policies/groot) by extension 'python'
[2.079s] [34mcolcon.colcon_core.package_identification[0m [1;30mLevel 1[0m _identify(lerobot/tests/policies/groot) by extensions ['python_setup_py']
[2.079s] [34mcolcon.colcon_core.package_identification[0m [1;30mLevel 1[0m _identify(lerobot/tests/policies/groot) by extension 'python_setup_py'
[2.080s] [34mcolcon.colcon_core.package_identification[0m [1;30mLevel 1[0m _identify(lerobot/tests/policies/hilserl) by extensions ['ignore', 'ignore_ament_install']
[2.080s] [34mcolcon.colcon_core.package_identification[0m [1;30mLevel 1[0m _identify(lerobot/tests/policies/hilserl) by extension 'ignore'
[2.080s] [34mcolcon.colcon_core.package_identification[0m [1;30mLevel 1[0m _identify(lerobot/tests/policies/hilserl) by extension 'ignore_ament_install'
[2.081s] [34mcolcon.colcon_core.package_identification[0m [1;30mLevel 1[0m _identify(lerobot/tests/policies/hilserl) by extensions ['colcon_pkg']
[2.081s] [34mcolcon.colcon_core.package_identification[0m [1;30mLevel 1[0m _identify(lerobot/tests/policies/hilserl) by extension 'colcon_pkg'
[2.081s] [34mcolcon.colcon_core.package_identification[0m [1;30mLevel 1[0m _identify(lerobot/tests/policies/hilserl) by extensions ['colcon_meta']
[2.081s] [34mcolcon.colcon_core.package_identification[0m [1;30mLevel 1[0m _identify(lerobot/tests/policies/hilserl) by extension 'colcon_meta'
[2.081s] [34mcolcon.colcon_core.package_identification[0m [1;30mLevel 1[0m _identify(lerobot/tests/policies/hilserl) by extensions ['ros']
[2.081s] [34mcolcon.colcon_core.package_identification[0m [1;30mLevel 1[0m _identify(lerobot/tests/policies/hilserl) by extension 'ros'
[2.081s] [34mcolcon.colcon_core.package_identification[0m [1;30mLevel 1[0m _identify(lerobot/tests/policies/hilserl) by extensions ['cmake', 'python']
[2.081s] [34mcolcon.colcon_core.package_identification[0m [1;30mLevel 1[0m _identify(lerobot/tests/policies/hilserl) by extension 'cmake'
[2.081s] [34mcolcon.colcon_core.package_identification[0m [1;30mLevel 1[0m _identify(lerobot/tests/policies/hilserl) by extension 'python'
[2.081s] [34mcolcon.colcon_core.package_identification[0m [1;30mLevel 1[0m _identify(lerobot/tests/policies/hilserl) by extensions ['python_setup_py']
[2.081s] [34mcolcon.colcon_core.package_identification[0m [1;30mLevel 1[0m _identify(lerobot/tests/policies/hilserl) by extension 'python_setup_py'
[2.084s] [34mcolcon.colcon_core.package_identification[0m [1;30mLevel 1[0m _identify(lerobot/tests/policies/pi0_pi05) by extensions ['ignore', 'ignore_ament_install']
[2.085s] [34mcolcon.colcon_core.package_identification[0m [1;30mLevel 1[0m _identify(lerobot/tests/policies/pi0_pi05) by extension 'ignore'
[2.085s] [34mcolcon.colcon_core.package_identification[0m [1;30mLevel 1[0m _identify(lerobot/tests/policies/pi0_pi05) by extension 'ignore_ament_install'
[2.085s] [34mcolcon.colcon_core.package_identification[0m [1;30mLevel 1[0m _identify(lerobot/tests/policies/pi0_pi05) by extensions ['colcon_pkg']
[2.085s] [34mcolcon.colcon_core.package_identification[0m [1;30mLevel 1[0m _identify(lerobot/tests/policies/pi0_pi05) by extension 'colcon_pkg'
[2.085s] [34mcolcon.colcon_core.package_identification[0m [1;30mLevel 1[0m _identify(lerobot/tests/policies/pi0_pi05) by extensions ['colcon_meta']
[2.085s] [34mcolcon.colcon_core.package_identification[0m [1;30mLevel 1[0m _identify(lerobot/tests/policies/pi0_pi05) by extension 'colcon_meta'
[2.085s] [34mcolcon.colcon_core.package_identification[0m [1;30mLevel 1[0m _identify(lerobot/tests/policies/pi0_pi05) by extensions ['ros']
[2.085s] [34mcolcon.colcon_core.package_identification[0m [1;30mLevel 1[0m _identify(lerobot/tests/policies/pi0_pi05) by extension 'ros'
[2.085s] [34mcolcon.colcon_core.package_identification[0m [1;30mLevel 1[0m _identify(lerobot/tests/policies/pi0_pi05) by extensions ['cmake', 'python']
[2.085s] [34mcolcon.colcon_core.package_identification[0m [1;30mLevel 1[0m _identify(lerobot/tests/policies/pi0_pi05) by extension 'cmake'
[2.085s] [34mcolcon.colcon_core.package_identification[0m [1;30mLevel 1[0m _identify(lerobot/tests/policies/pi0_pi05) by extension 'python'
[2.085s] [34mcolcon.colcon_core.package_identification[0m [1;30mLevel 1[0m _identify(lerobot/tests/policies/pi0_pi05) by extensions ['python_setup_py']
[2.085s] [34mcolcon.colcon_core.package_identification[0m [1;30mLevel 1[0m _identify(lerobot/tests/policies/pi0_pi05) by extension 'python_setup_py'
[2.087s] [34mcolcon.colcon_core.package_identification[0m [1;30mLevel 1[0m _identify(lerobot/tests/policies/rtc) by extensions ['ignore', 'ignore_ament_install']
[2.087s] [34mcolcon.colcon_core.package_identification[0m [1;30mLevel 1[0m _identify(lerobot/tests/policies/rtc) by extension 'ignore'
[2.087s] [34mcolcon.colcon_core.package_identification[0m [1;30mLevel 1[0m _identify(lerobot/tests/policies/rtc) by extension 'ignore_ament_install'
[2.087s] [34mcolcon.colcon_core.package_identification[0m [1;30mLevel 1[0m _identify(lerobot/tests/policies/rtc) by extensions ['colcon_pkg']
[2.087s] [34mcolcon.colcon_core.package_identification[0m [1;30mLevel 1[0m _identify(lerobot/tests/policies/rtc) by extension 'colcon_pkg'
[2.087s] [34mcolcon.colcon_core.package_identification[0m [1;30mLevel 1[0m _identify(lerobot/tests/policies/rtc) by extensions ['colcon_meta']
[2.087s] [34mcolcon.colcon_core.package_identification[0m [1;30mLevel 1[0m _identify(lerobot/tests/policies/rtc) by extension 'colcon_meta'
[2.087s] [34mcolcon.colcon_core.package_identification[0m [1;30mLevel 1[0m _identify(lerobot/tests/policies/rtc) by extensions ['ros']
[2.087s] [34mcolcon.colcon_core.package_identification[0m [1;30mLevel 1[0m _identify(lerobot/tests/policies/rtc) by extension 'ros'
[2.087s] [34mcolcon.colcon_core.package_identification[0m [1;30mLevel 1[0m _identify(lerobot/tests/policies/rtc) by extensions ['cmake', 'python']
[2.087s] [34mcolcon.colcon_core.package_identification[0m [1;30mLevel 1[0m _identify(lerobot/tests/policies/rtc) by extension 'cmake'
[2.087s] [34mcolcon.colcon_core.package_identification[0m [1;30mLevel 1[0m _identify(lerobot/tests/policies/rtc) by extension 'python'
[2.087s] [34mcolcon.colcon_core.package_identification[0m [1;30mLevel 1[0m _identify(lerobot/tests/policies/rtc) by extensions ['python_setup_py']
[2.087s] [34mcolcon.colcon_core.package_identification[0m [1;30mLevel 1[0m _identify(lerobot/tests/policies/rtc) by extension 'python_setup_py'
[2.088s] [34mcolcon.colcon_core.package_identification[0m [1;30mLevel 1[0m _identify(lerobot/tests/policies/smolvla) by extensions ['ignore', 'ignore_ament_install']
[2.088s] [34mcolcon.colcon_core.package_identification[0m [1;30mLevel 1[0m _identify(lerobot/tests/policies/smolvla) by extension 'ignore'
[2.089s] [34mcolcon.colcon_core.package_identification[0m [1;30mLevel 1[0m _identify(lerobot/tests/policies/smolvla) by extension 'ignore_ament_install'
[2.089s] [34mcolcon.colcon_core.package_identification[0m [1;30mLevel 1[0m _identify(lerobot/tests/policies/smolvla) by extensions ['colcon_pkg']
[2.089s] [34mcolcon.colcon_core.package_identification[0m [1;30mLevel 1[0m _identify(lerobot/tests/policies/smolvla) by extension 'colcon_pkg'
[2.089s] [34mcolcon.colcon_core.package_identification[0m [1;30mLevel 1[0m _identify(lerobot/tests/policies/smolvla) by extensions ['colcon_meta']
[2.089s] [34mcolcon.colcon_core.package_identification[0m [1;30mLevel 1[0m _identify(lerobot/tests/policies/smolvla) by extension 'colcon_meta'
[2.089s] [34mcolcon.colcon_core.package_identification[0m [1;30mLevel 1[0m _identify(lerobot/tests/policies/smolvla) by extensions ['ros']
[2.089s] [34mcolcon.colcon_core.package_identification[0m [1;30mLevel 1[0m _identify(lerobot/tests/policies/smolvla) by extension 'ros'
[2.089s] [34mcolcon.colcon_core.package_identification[0m [1;30mLevel 1[0m _identify(lerobot/tests/policies/smolvla) by extensions ['cmake', 'python']
[2.089s] [34mcolcon.colcon_core.package_identification[0m [1;30mLevel 1[0m _identify(lerobot/tests/policies/smolvla) by extension 'cmake'
[2.089s] [34mcolcon.colcon_core.package_identification[0m [1;30mLevel 1[0m _identify(lerobot/tests/policies/smolvla) by extension 'python'
[2.089s] [34mcolcon.colcon_core.package_identification[0m [1;30mLevel 1[0m _identify(lerobot/tests/policies/smolvla) by extensions ['python_setup_py']
[2.089s] [34mcolcon.colcon_core.package_identification[0m [1;30mLevel 1[0m _identify(lerobot/tests/policies/smolvla) by extension 'python_setup_py'
[2.090s] [34mcolcon.colcon_core.package_identification[0m [1;30mLevel 1[0m _identify(lerobot/tests/processor) by extensions ['ignore', 'ignore_ament_install']
[2.090s] [34mcolcon.colcon_core.package_identification[0m [1;30mLevel 1[0m _identify(lerobot/tests/processor) by extension 'ignore'
[2.090s] [34mcolcon.colcon_core.package_identification[0m [1;30mLevel 1[0m _identify(lerobot/tests/processor) by extension 'ignore_ament_install'
[2.090s] [34mcolcon.colcon_core.package_identification[0m [1;30mLevel 1[0m _identify(lerobot/tests/processor) by extensions ['colcon_pkg']
[2.090s] [34mcolcon.colcon_core.package_identification[0m [1;30mLevel 1[0m _identify(lerobot/tests/processor) by extension 'colcon_pkg'
[2.090s] [34mcolcon.colcon_core.package_identification[0m [1;30mLevel 1[0m _identify(lerobot/tests/processor) by extensions ['colcon_meta']
[2.090s] [34mcolcon.colcon_core.package_identification[0m [1;30mLevel 1[0m _identify(lerobot/tests/processor) by extension 'colcon_meta'
[2.090s] [34mcolcon.colcon_core.package_identification[0m [1;30mLevel 1[0m _identify(lerobot/tests/processor) by extensions ['ros']
[2.090s] [34mcolcon.colcon_core.package_identification[0m [1;30mLevel 1[0m _identify(lerobot/tests/processor) by extension 'ros'
[2.091s] [34mcolcon.colcon_core.package_identification[0m [1;30mLevel 1[0m _identify(lerobot/tests/processor) by extensions ['cmake', 'python']
[2.091s] [34mcolcon.colcon_core.package_identification[0m [1;30mLevel 1[0m _identify(lerobot/tests/processor) by extension 'cmake'
[2.091s] [34mcolcon.colcon_core.package_identification[0m [1;30mLevel 1[0m _identify(lerobot/tests/processor) by extension 'python'
[2.091s] [34mcolcon.colcon_core.package_identification[0m [1;30mLevel 1[0m _identify(lerobot/tests/processor) by extensions ['python_setup_py']
[2.091s] [34mcolcon.colcon_core.package_identification[0m [1;30mLevel 1[0m _identify(lerobot/tests/processor) by extension 'python_setup_py'
[2.092s] [34mcolcon.colcon_core.package_identification[0m [1;30mLevel 1[0m _identify(lerobot/tests/rl) by extensions ['ignore', 'ignore_ament_install']
[2.092s] [34mcolcon.colcon_core.package_identification[0m [1;30mLevel 1[0m _identify(lerobot/tests/rl) by extension 'ignore'
[2.092s] [34mcolcon.colcon_core.package_identification[0m [1;30mLevel 1[0m _identify(lerobot/tests/rl) by extension 'ignore_ament_install'
[2.092s] [34mcolcon.colcon_core.package_identification[0m [1;30mLevel 1[0m _identify(lerobot/tests/rl) by extensions ['colcon_pkg']
[2.092s] [34mcolcon.colcon_core.package_identification[0m [1;30mLevel 1[0m _identify(lerobot/tests/rl) by extension 'colcon_pkg'
[2.092s] [34mcolcon.colcon_core.package_identification[0m [1;30mLevel 1[0m _identify(lerobot/tests/rl) by extensions ['colcon_meta']
[2.092s] [34mcolcon.colcon_core.package_identification[0m [1;30mLevel 1[0m _identify(lerobot/tests/rl) by extension 'colcon_meta'
[2.092s] [34mcolcon.colcon_core.package_identification[0m [1;30mLevel 1[0m _identify(lerobot/tests/rl) by extensions ['ros']
[2.092s] [34mcolcon.colcon_core.package_identification[0m [1;30mLevel 1[0m _identify(lerobot/tests/rl) by extension 'ros'
[2.092s] [34mcolcon.colcon_core.package_identification[0m [1;30mLevel 1[0m _identify(lerobot/tests/rl) by extensions ['cmake', 'python']
[2.092s] [34mcolcon.colcon_core.package_identification[0m [1;30mLevel 1[0m _identify(lerobot/tests/rl) by extension 'cmake'
[2.092s] [34mcolcon.colcon_core.package_identification[0m [1;30mLevel 1[0m _identify(lerobot/tests/rl) by extension 'python'
[2.092s] [34mcolcon.colcon_core.package_identification[0m [1;30mLevel 1[0m _identify(lerobot/tests/rl) by extensions ['python_setup_py']
[2.092s] [34mcolcon.colcon_core.package_identification[0m [1;30mLevel 1[0m _identify(lerobot/tests/rl) by extension 'python_setup_py'
[2.093s] [34mcolcon.colcon_core.package_identification[0m [1;30mLevel 1[0m _identify(lerobot/tests/robots) by extensions ['ignore', 'ignore_ament_install']
[2.093s] [34mcolcon.colcon_core.package_identification[0m [1;30mLevel 1[0m _identify(lerobot/tests/robots) by extension 'ignore'
[2.093s] [34mcolcon.colcon_core.package_identification[0m [1;30mLevel 1[0m _identify(lerobot/tests/robots) by extension 'ignore_ament_install'
[2.093s] [34mcolcon.colcon_core.package_identification[0m [1;30mLevel 1[0m _identify(lerobot/tests/robots) by extensions ['colcon_pkg']
[2.093s] [34mcolcon.colcon_core.package_identification[0m [1;30mLevel 1[0m _identify(lerobot/tests/robots) by extension 'colcon_pkg'
[2.093s] [34mcolcon.colcon_core.package_identification[0m [1;30mLevel 1[0m _identify(lerobot/tests/robots) by extensions ['colcon_meta']
[2.094s] [34mcolcon.colcon_core.package_identification[0m [1;30mLevel 1[0m _identify(lerobot/tests/robots) by extension 'colcon_meta'
[2.094s] [34mcolcon.colcon_core.package_identification[0m [1;30mLevel 1[0m _identify(lerobot/tests/robots) by extensions ['ros']
[2.094s] [34mcolcon.colcon_core.package_identification[0m [1;30mLevel 1[0m _identify(lerobot/tests/robots) by extension 'ros'
[2.094s] [34mcolcon.colcon_core.package_identification[0m [1;30mLevel 1[0m _identify(lerobot/tests/robots) by extensions ['cmake', 'python']
[2.094s] [34mcolcon.colcon_core.package_identification[0m [1;30mLevel 1[0m _identify(lerobot/tests/robots) by extension 'cmake'
[2.094s] [34mcolcon.colcon_core.package_identification[0m [1;30mLevel 1[0m _identify(lerobot/tests/robots) by extension 'python'
[2.094s] [34mcolcon.colcon_core.package_identification[0m [1;30mLevel 1[0m _identify(lerobot/tests/robots) by extensions ['python_setup_py']
[2.094s] [34mcolcon.colcon_core.package_identification[0m [1;30mLevel 1[0m _identify(lerobot/tests/robots) by extension 'python_setup_py'
[2.095s] [34mcolcon.colcon_core.package_identification[0m [1;30mLevel 1[0m _identify(lerobot/tests/teleoperators) by extensions ['ignore', 'ignore_ament_install']
[2.095s] [34mcolcon.colcon_core.package_identification[0m [1;30mLevel 1[0m _identify(lerobot/tests/teleoperators) by extension 'ignore'
[2.095s] [34mcolcon.colcon_core.package_identification[0m [1;30mLevel 1[0m _identify(lerobot/tests/teleoperators) by extension 'ignore_ament_install'
[2.095s] [34mcolcon.colcon_core.package_identification[0m [1;30mLevel 1[0m _identify(lerobot/tests/teleoperators) by extensions ['colcon_pkg']
[2.095s] [34mcolcon.colcon_core.package_identification[0m [1;30mLevel 1[0m _identify(lerobot/tests/teleoperators) by extension 'colcon_pkg'
[2.095s] [34mcolcon.colcon_core.package_identification[0m [1;30mLevel 1[0m _identify(lerobot/tests/teleoperators) by extensions ['colcon_meta']
[2.095s] [34mcolcon.colcon_core.package_identification[0m [1;30mLevel 1[0m _identify(lerobot/tests/teleoperators) by extension 'colcon_meta'
[2.095s] [34mcolcon.colcon_core.package_identification[0m [1;30mLevel 1[0m _identify(lerobot/tests/teleoperators) by extensions ['ros']
[2.095s] [34mcolcon.colcon_core.package_identification[0m [1;30mLevel 1[0m _identify(lerobot/tests/teleoperators) by extension 'ros'
[2.095s] [34mcolcon.colcon_core.package_identification[0m [1;30mLevel 1[0m _identify(lerobot/tests/teleoperators) by extensions ['cmake', 'python']
[2.096s] [34mcolcon.colcon_core.package_identification[0m [1;30mLevel 1[0m _identify(lerobot/tests/teleoperators) by extension 'cmake'
[2.096s] [34mcolcon.colcon_core.package_identification[0m [1;30mLevel 1[0m _identify(lerobot/tests/teleoperators) by extension 'python'
[2.096s] [34mcolcon.colcon_core.package_identification[0m [1;30mLevel 1[0m _identify(lerobot/tests/teleoperators) by extensions ['python_setup_py']
[2.096s] [34mcolcon.colcon_core.package_identification[0m [1;30mLevel 1[0m _identify(lerobot/tests/teleoperators) by extension 'python_setup_py'
[2.097s] [34mcolcon.colcon_core.package_identification[0m [1;30mLevel 1[0m _identify(lerobot/tests/training) by extensions ['ignore', 'ignore_ament_install']
[2.097s] [34mcolcon.colcon_core.package_identification[0m [1;30mLevel 1[0m _identify(lerobot/tests/training) by extension 'ignore'
[2.097s] [34mcolcon.colcon_core.package_identification[0m [1;30mLevel 1[0m _identify(lerobot/tests/training) by extension 'ignore_ament_install'
[2.097s] [34mcolcon.colcon_core.package_identification[0m [1;30mLevel 1[0m _identify(lerobot/tests/training) by extensions ['colcon_pkg']
[2.097s] [34mcolcon.colcon_core.package_identification[0m [1;30mLevel 1[0m _identify(lerobot/tests/training) by extension 'colcon_pkg'
[2.097s] [34mcolcon.colcon_core.package_identification[0m [1;30mLevel 1[0m _identify(lerobot/tests/training) by extensions ['colcon_meta']
[2.097s] [34mcolcon.colcon_core.package_identification[0m [1;30mLevel 1[0m _identify(lerobot/tests/training) by extension 'colcon_meta'
[2.097s] [34mcolcon.colcon_core.package_identification[0m [1;30mLevel 1[0m _identify(lerobot/tests/training) by extensions ['ros']
[2.097s] [34mcolcon.colcon_core.package_identification[0m [1;30mLevel 1[0m _identify(lerobot/tests/training) by extension 'ros'
[2.097s] [34mcolcon.colcon_core.package_identification[0m [1;30mLevel 1[0m _identify(lerobot/tests/training) by extensions ['cmake', 'python']
[2.097s] [34mcolcon.colcon_core.package_identification[0m [1;30mLevel 1[0m _identify(lerobot/tests/training) by extension 'cmake'
[2.097s] [34mcolcon.colcon_core.package_identification[0m [1;30mLevel 1[0m _identify(lerobot/tests/training) by extension 'python'
[2.097s] [34mcolcon.colcon_core.package_identification[0m [1;30mLevel 1[0m _identify(lerobot/tests/training) by extensions ['python_setup_py']
[2.097s] [34mcolcon.colcon_core.package_identification[0m [1;30mLevel 1[0m _identify(lerobot/tests/training) by extension 'python_setup_py'
[2.098s] [34mcolcon.colcon_core.package_identification[0m [1;30mLevel 1[0m _identify(lerobot/tests/transport) by extensions ['ignore', 'ignore_ament_install']
[2.098s] [34mcolcon.colcon_core.package_identification[0m [1;30mLevel 1[0m _identify(lerobot/tests/transport) by extension 'ignore'
[2.098s] [34mcolcon.colcon_core.package_identification[0m [1;30mLevel 1[0m _identify(lerobot/tests/transport) by extension 'ignore_ament_install'
[2.098s] [34mcolcon.colcon_core.package_identification[0m [1;30mLevel 1[0m _identify(lerobot/tests/transport) by extensions ['colcon_pkg']
[2.098s] [34mcolcon.colcon_core.package_identification[0m [1;30mLevel 1[0m _identify(lerobot/tests/transport) by extension 'colcon_pkg'
[2.098s] [34mcolcon.colcon_core.package_identification[0m [1;30mLevel 1[0m _identify(lerobot/tests/transport) by extensions ['colcon_meta']
[2.099s] [34mcolcon.colcon_core.package_identification[0m [1;30mLevel 1[0m _identify(lerobot/tests/transport) by extension 'colcon_meta'
[2.099s] [34mcolcon.colcon_core.package_identification[0m [1;30mLevel 1[0m _identify(lerobot/tests/transport) by extensions ['ros']
[2.099s] [34mcolcon.colcon_core.package_identification[0m [1;30mLevel 1[0m _identify(lerobot/tests/transport) by extension 'ros'
[2.099s] [34mcolcon.colcon_core.package_identification[0m [1;30mLevel 1[0m _identify(lerobot/tests/transport) by extensions ['cmake', 'python']
[2.099s] [34mcolcon.colcon_core.package_identification[0m [1;30mLevel 1[0m _identify(lerobot/tests/transport) by extension 'cmake'
[2.099s] [34mcolcon.colcon_core.package_identification[0m [1;30mLevel 1[0m _identify(lerobot/tests/transport) by extension 'python'
[2.099s] [34mcolcon.colcon_core.package_identification[0m [1;30mLevel 1[0m _identify(lerobot/tests/transport) by extensions ['python_setup_py']
[2.099s] [34mcolcon.colcon_core.package_identification[0m [1;30mLevel 1[0m _identify(lerobot/tests/transport) by extension 'python_setup_py'
[2.100s] [34mcolcon.colcon_core.package_identification[0m [1;30mLevel 1[0m _identify(lerobot/tests/utils) by extensions ['ignore', 'ignore_ament_install']
[2.100s] [34mcolcon.colcon_core.package_identification[0m [1;30mLevel 1[0m _identify(lerobot/tests/utils) by extension 'ignore'
[2.100s] [34mcolcon.colcon_core.package_identification[0m [1;30mLevel 1[0m _identify(lerobot/tests/utils) by extension 'ignore_ament_install'
[2.100s] [34mcolcon.colcon_core.package_identification[0m [1;30mLevel 1[0m _identify(lerobot/tests/utils) by extensions ['colcon_pkg']
[2.100s] [34mcolcon.colcon_core.package_identification[0m [1;30mLevel 1[0m _identify(lerobot/tests/utils) by extension 'colcon_pkg'
[2.100s] [34mcolcon.colcon_core.package_identification[0m [1;30mLevel 1[0m _identify(lerobot/tests/utils) by extensions ['colcon_meta']
[2.100s] [34mcolcon.colcon_core.package_identification[0m [1;30mLevel 1[0m _identify(lerobot/tests/utils) by extension 'colcon_meta'
[2.100s] [34mcolcon.colcon_core.package_identification[0m [1;30mLevel 1[0m _identify(lerobot/tests/utils) by extensions ['ros']
[2.100s] [34mcolcon.colcon_core.package_identification[0m [1;30mLevel 1[0m _identify(lerobot/tests/utils) by extension 'ros'
[2.100s] [34mcolcon.colcon_core.package_identification[0m [1;30mLevel 1[0m _identify(lerobot/tests/utils) by extensions ['cmake', 'python']
[2.100s] [34mcolcon.colcon_core.package_identification[0m [1;30mLevel 1[0m _identify(lerobot/tests/utils) by extension 'cmake'
[2.100s] [34mcolcon.colcon_core.package_identification[0m [1;30mLevel 1[0m _identify(lerobot/tests/utils) by extension 'python'
[2.100s] [34mcolcon.colcon_core.package_identification[0m [1;30mLevel 1[0m _identify(lerobot/tests/utils) by extensions ['python_setup_py']
[2.100s] [34mcolcon.colcon_core.package_identification[0m [1;30mLevel 1[0m _identify(lerobot/tests/utils) by extension 'python_setup_py'
[2.101s] [34mcolcon.colcon_core.package_identification[0m [1;30mLevel 1[0m _identify(log) by extensions ['ignore', 'ignore_ament_install']
[2.101s] [34mcolcon.colcon_core.package_identification[0m [1;30mLevel 1[0m _identify(log) by extension 'ignore'
[2.101s] [34mcolcon.colcon_core.package_identification[0m [1;30mLevel 1[0m _identify(log) ignored
[2.101s] [34mcolcon.colcon_core.package_discovery[0m [1;30mLevel 1[0m discover_packages(recursive) using defaults
[2.101s] [34mcolcon.colcon_core.package_discovery[0m [1;30mLevel 1[0m discover_packages(ignore) discover
[2.101s] [34mcolcon.colcon_core.package_discovery[0m [1;30mLevel 1[0m discover_packages(ignore) using defaults
[2.101s] [34mcolcon.colcon_core.package_discovery[0m [1;30mLevel 1[0m discover_packages(path) discover
[2.101s] [34mcolcon.colcon_core.package_discovery[0m [1;30mLevel 1[0m discover_packages(path) using defaults
[2.143s] [34mcolcon.colcon_core.package_discovery[0m [1;30mLevel 1[0m discover_packages(prefix_path) check parameters
[2.144s] [34mcolcon.colcon_core.package_discovery[0m [1;30mLevel 1[0m discover_packages(prefix_path) discover
[2.152s] [34mcolcon.colcon_installed_package_information.package_discovery[0m [1;30mDEBUG[0m [32mFound 500 installed packages in /opt/ros/humble[0m
[2.155s] [34mcolcon.colcon_core.package_discovery[0m [1;30mLevel 1[0m discover_packages(prefix_path) using defaults
[2.182s] [34mcolcon.colcon_core.verb[0m [1;30mLevel 5[0m set package 'so_arm_custom_control' build argument 'cmake_args' from command line to 'None'
[2.182s] [34mcolcon.colcon_core.verb[0m [1;30mLevel 5[0m set package 'so_arm_custom_control' build argument 'cmake_target' from command line to 'None'
[2.182s] [34mcolcon.colcon_core.verb[0m [1;30mLevel 5[0m set package 'so_arm_custom_control' build argument 'cmake_target_skip_unavailable' from command line to 'False'
[2.182s] [34mcolcon.colcon_core.verb[0m [1;30mLevel 5[0m set package 'so_arm_custom_control' build argument 'cmake_clean_cache' from command line to 'False'
[2.182s] [34mcolcon.colcon_core.verb[0m [1;30mLevel 5[0m set package 'so_arm_custom_control' build argument 'cmake_clean_first' from command line to 'False'
[2.182s] [34mcolcon.colcon_core.verb[0m [1;30mLevel 5[0m set package 'so_arm_custom_control' build argument 'cmake_force_configure' from command line to 'False'
[2.182s] [34mcolcon.colcon_core.verb[0m [1;30mLevel 5[0m set package 'so_arm_custom_control' build argument 'ament_cmake_args' from command line to 'None'
[2.182s] [34mcolcon.colcon_core.verb[0m [1;30mLevel 5[0m set package 'so_arm_custom_control' build argument 'catkin_cmake_args' from command line to 'None'
[2.182s] [34mcolcon.colcon_core.verb[0m [1;30mLevel 5[0m set package 'so_arm_custom_control' build argument 'catkin_skip_building_tests' from command line to 'False'
[2.182s] [34mcolcon.colcon_core.verb[0m [1;30mDEBUG[0m [32mBuilding package 'so_arm_custom_control' with the following arguments: {'ament_cmake_args': None, 'build_base': '/home/teamgrit/jaehooni/endpoint_control/build/so_arm_custom_control', 'catkin_cmake_args': None, 'catkin_skip_building_tests': False, 'cmake_args': None, 'cmake_clean_cache': False, 'cmake_clean_first': False, 'cmake_force_configure': False, 'cmake_target': None, 'cmake_target_skip_unavailable': False, 'install_base': '/home/teamgrit/jaehooni/endpoint_control/install/so_arm_custom_control', 'merge_install': False, 'path': '/home/teamgrit/jaehooni/endpoint_control/SO-ARM101_MoveIt_IsaacSim/src/so_arm_custom_control', 'symlink_install': False, 'test_result_base': None}[0m
[2.182s] [34mcolcon.colcon_core.verb[0m [1;30mLevel 5[0m set package 'so_arm_description' build argument 'cmake_args' from command line to 'None'
[2.182s] [34mcolcon.colcon_core.verb[0m [1;30mLevel 5[0m set package 'so_arm_description' build argument 'cmake_target' from command line to 'None'
[2.182s] [34mcolcon.colcon_core.verb[0m [1;30mLevel 5[0m set package 'so_arm_description' build argument 'cmake_target_skip_unavailable' from command line to 'False'
[2.182s] [34mcolcon.colcon_core.verb[0m [1;30mLevel 5[0m set package 'so_arm_description' build argument 'cmake_clean_cache' from command line to 'False'
[2.182s] [34mcolcon.colcon_core.verb[0m [1;30mLevel 5[0m set package 'so_arm_description' build argument 'cmake_clean_first' from command line to 'False'
[2.182s] [34mcolcon.colcon_core.verb[0m [1;30mLevel 5[0m set package 'so_arm_description' build argument 'cmake_force_configure' from command line to 'False'
[2.182s] [34mcolcon.colcon_core.verb[0m [1;30mLevel 5[0m set package 'so_arm_description' build argument 'ament_cmake_args' from command line to 'None'
[2.182s] [34mcolcon.colcon_core.verb[0m [1;30mLevel 5[0m set package 'so_arm_description' build argument 'catkin_cmake_args' from command line to 'None'
[2.182s] [34mcolcon.colcon_core.verb[0m [1;30mLevel 5[0m set package 'so_arm_description' build argument 'catkin_skip_building_tests' from command line to 'False'
[2.182s] [34mcolcon.colcon_core.verb[0m [1;30mDEBUG[0m [32mBuilding package 'so_arm_description' with the following arguments: {'ament_cmake_args': None, 'build_base': '/home/teamgrit/jaehooni/endpoint_control/build/so_arm_description', 'catkin_cmake_args': None, 'catkin_skip_building_tests': False, 'cmake_args': None, 'cmake_clean_cache': False, 'cmake_clean_first': False, 'cmake_force_configure': False, 'cmake_target': None, 'cmake_target_skip_unavailable': False, 'install_base': '/home/teamgrit/jaehooni/endpoint_control/install/so_arm_description', 'merge_install': False, 'path': '/home/teamgrit/jaehooni/endpoint_control/SO-ARM101_MoveIt_IsaacSim/src/so_arm_description', 'symlink_install': False, 'test_result_base': None}[0m
[2.182s] [34mcolcon.colcon_core.verb[0m [1;30mLevel 5[0m set package 'so_arm_motion_interface' build argument 'cmake_args' from command line to 'None'
[2.182s] [34mcolcon.colcon_core.verb[0m [1;30mLevel 5[0m set package 'so_arm_motion_interface' build argument 'cmake_target' from command line to 'None'
[2.182s] [34mcolcon.colcon_core.verb[0m [1;30mLevel 5[0m set package 'so_arm_motion_interface' build argument 'cmake_target_skip_unavailable' from command line to 'False'
[2.182s] [34mcolcon.colcon_core.verb[0m [1;30mLevel 5[0m set package 'so_arm_motion_interface' build argument 'cmake_clean_cache' from command line to 'False'
[2.182s] [34mcolcon.colcon_core.verb[0m [1;30mLevel 5[0m set package 'so_arm_motion_interface' build argument 'cmake_clean_first' from command line to 'False'
[2.182s] [34mcolcon.colcon_core.verb[0m [1;30mLevel 5[0m set package 'so_arm_motion_interface' build argument 'cmake_force_configure' from command line to 'False'
[2.182s] [34mcolcon.colcon_core.verb[0m [1;30mLevel 5[0m set package 'so_arm_motion_interface' build argument 'ament_cmake_args' from command line to 'None'
[2.182s] [34mcolcon.colcon_core.verb[0m [1;30mLevel 5[0m set package 'so_arm_motion_interface' build argument 'catkin_cmake_args' from command line to 'None'
[2.182s] [34mcolcon.colcon_core.verb[0m [1;30mLevel 5[0m set package 'so_arm_motion_interface' build argument 'catkin_skip_building_tests' from command line to 'False'
[2.182s] [34mcolcon.colcon_core.verb[0m [1;30mDEBUG[0m [32mBuilding package 'so_arm_motion_interface' with the following arguments: {'ament_cmake_args': None, 'build_base': '/home/teamgrit/jaehooni/endpoint_control/build/so_arm_motion_interface', 'catkin_cmake_args': None, 'catkin_skip_building_tests': False, 'cmake_args': None, 'cmake_clean_cache': False, 'cmake_clean_first': False, 'cmake_force_configure': False, 'cmake_target': None, 'cmake_target_skip_unavailable': False, 'install_base': '/home/teamgrit/jaehooni/endpoint_control/install/so_arm_motion_interface', 'merge_install': False, 'path': '/home/teamgrit/jaehooni/endpoint_control/SO-ARM101_MoveIt_IsaacSim/src/so_arm_motion_interface', 'symlink_install': False, 'test_result_base': None}[0m
[2.183s] [34mcolcon.colcon_core.verb[0m [1;30mLevel 5[0m set package 'so_arm_moveit_config' build argument 'cmake_args' from command line to 'None'
[2.183s] [34mcolcon.colcon_core.verb[0m [1;30mLevel 5[0m set package 'so_arm_moveit_config' build argument 'cmake_target' from command line to 'None'
[2.183s] [34mcolcon.colcon_core.verb[0m [1;30mLevel 5[0m set package 'so_arm_moveit_config' build argument 'cmake_target_skip_unavailable' from command line to 'False'
[2.183s] [34mcolcon.colcon_core.verb[0m [1;30mLevel 5[0m set package 'so_arm_moveit_config' build argument 'cmake_clean_cache' from command line to 'False'
[2.183s] [34mcolcon.colcon_core.verb[0m [1;30mLevel 5[0m set package 'so_arm_moveit_config' build argument 'cmake_clean_first' from command line to 'False'
[2.183s] [34mcolcon.colcon_core.verb[0m [1;30mLevel 5[0m set package 'so_arm_moveit_config' build argument 'cmake_force_configure' from command line to 'False'
[2.183s] [34mcolcon.colcon_core.verb[0m [1;30mLevel 5[0m set package 'so_arm_moveit_config' build argument 'ament_cmake_args' from command line to 'None'
[2.183s] [34mcolcon.colcon_core.verb[0m [1;30mLevel 5[0m set package 'so_arm_moveit_config' build argument 'catkin_cmake_args' from command line to 'None'
[2.183s] [34mcolcon.colcon_core.verb[0m [1;30mLevel 5[0m set package 'so_arm_moveit_config' build argument 'catkin_skip_building_tests' from command line to 'False'
[2.183s] [34mcolcon.colcon_core.verb[0m [1;30mDEBUG[0m [32mBuilding package 'so_arm_moveit_config' with the following arguments: {'ament_cmake_args': None, 'build_base': '/home/teamgrit/jaehooni/endpoint_control/build/so_arm_moveit_config', 'catkin_cmake_args': None, 'catkin_skip_building_tests': False, 'cmake_args': None, 'cmake_clean_cache': False, 'cmake_clean_first': False, 'cmake_force_configure': False, 'cmake_target': None, 'cmake_target_skip_unavailable': False, 'install_base': '/home/teamgrit/jaehooni/endpoint_control/install/so_arm_moveit_config', 'merge_install': False, 'path': '/home/teamgrit/jaehooni/endpoint_control/SO-ARM101_MoveIt_IsaacSim/src/so_arm_moveit_config', 'symlink_install': False, 'test_result_base': None}[0m
[2.183s] [34mcolcon.colcon_core.executor[0m [1;30mINFO[0m Executing jobs using 'parallel' executor
[2.183s] [34mcolcon.colcon_parallel_executor.executor.parallel[0m [1;30mDEBUG[0m [32mrun_until_complete[0m
[2.183s] [34mcolcon.colcon_ros.task.ament_cmake.build[0m [1;30mINFO[0m Building ROS package in '/home/teamgrit/jaehooni/endpoint_control/SO-ARM101_MoveIt_IsaacSim/src/so_arm_description' with build type 'ament_cmake'
[2.183s] [34mcolcon.colcon_cmake.task.cmake.build[0m [1;30mINFO[0m Building CMake package in '/home/teamgrit/jaehooni/endpoint_control/SO-ARM101_MoveIt_IsaacSim/src/so_arm_description'
[2.190s] [34mcolcon.colcon_core.plugin_system[0m [1;30mINFO[0m Skipping extension 'colcon_core.shell.bat': Not used on non-Windows systems
[2.190s] [34mcolcon.colcon_core.shell[0m [1;30mINFO[0m Skip shell extension 'powershell' for command environment: Not usable outside of PowerShell
[2.190s] [34mcolcon.colcon_core.shell[0m [1;30mDEBUG[0m [32mSkip shell extension 'dsv' for command environment[0m
[2.192s] [34mcolcon.colcon_ros.task.ament_python.build[0m [1;30mINFO[0m Building ROS package in '/home/teamgrit/jaehooni/endpoint_control/SO-ARM101_MoveIt_IsaacSim/src/so_arm_custom_control' with build type 'ament_python'
[2.192s] [34mcolcon.colcon_core.shell[0m [1;30mLevel 1[0m create_environment_hook('so_arm_custom_control', 'ament_prefix_path')
[2.192s] [34mcolcon.colcon_core.shell[0m [1;30mINFO[0m Creating environment hook '/home/teamgrit/jaehooni/endpoint_control/install/so_arm_custom_control/share/so_arm_custom_control/hook/ament_prefix_path.ps1'
[2.193s] [34mcolcon.colcon_core.shell[0m [1;30mINFO[0m Creating environment descriptor '/home/teamgrit/jaehooni/endpoint_control/install/so_arm_custom_control/share/so_arm_custom_control/hook/ament_prefix_path.dsv'
[2.195s] [34mcolcon.colcon_core.shell[0m [1;30mINFO[0m Creating environment hook '/home/teamgrit/jaehooni/endpoint_control/install/so_arm_custom_control/share/so_arm_custom_control/hook/ament_prefix_path.sh'
[2.195s] [34mcolcon.colcon_core.shell[0m [1;30mINFO[0m Skip shell extension 'powershell' for command environment: Not usable outside of PowerShell
[2.195s] [34mcolcon.colcon_core.shell[0m [1;30mDEBUG[0m [32mSkip shell extension 'dsv' for command environment[0m
[2.197s] [34mcolcon.colcon_ros.task.ament_python.build[0m [1;30mINFO[0m Building ROS package in '/home/teamgrit/jaehooni/endpoint_control/SO-ARM101_MoveIt_IsaacSim/src/so_arm_motion_interface' with build type 'ament_python'
[2.197s] [34mcolcon.colcon_core.shell[0m [1;30mLevel 1[0m create_environment_hook('so_arm_motion_interface', 'ament_prefix_path')
[2.197s] [34mcolcon.colcon_core.shell[0m [1;30mINFO[0m Creating environment hook '/home/teamgrit/jaehooni/endpoint_control/install/so_arm_motion_interface/share/so_arm_motion_interface/hook/ament_prefix_path.ps1'
[2.197s] [34mcolcon.colcon_core.shell[0m [1;30mINFO[0m Creating environment descriptor '/home/teamgrit/jaehooni/endpoint_control/install/so_arm_motion_interface/share/so_arm_motion_interface/hook/ament_prefix_path.dsv'
[2.198s] [34mcolcon.colcon_core.shell[0m [1;30mINFO[0m Creating environment hook '/home/teamgrit/jaehooni/endpoint_control/install/so_arm_motion_interface/share/so_arm_motion_interface/hook/ament_prefix_path.sh'
[2.198s] [34mcolcon.colcon_core.shell[0m [1;30mINFO[0m Skip shell extension 'powershell' for command environment: Not usable outside of PowerShell
[2.198s] [34mcolcon.colcon_core.shell[0m [1;30mDEBUG[0m [32mSkip shell extension 'dsv' for command environment[0m
[2.202s] [34mcolcon.colcon_core.event_handler.log_command[0m [1;30mDEBUG[0m [32mInvoking command in '/home/teamgrit/jaehooni/endpoint_control/build/so_arm_description': CMAKE_PREFIX_PATH=/opt/ros/humble /usr/bin/cmake /home/teamgrit/jaehooni/endpoint_control/SO-ARM101_MoveIt_IsaacSim/src/so_arm_description -DCMAKE_INSTALL_PREFIX=/home/teamgrit/jaehooni/endpoint_control/install/so_arm_description[0m
[2.302s] [34mcolcon.colcon_parallel_executor.executor.parallel[0m [1;30mDEBUG[0m [32mrun_until_complete was interrupted[0m
[2.302s] [34mcolcon.colcon_parallel_executor.executor.parallel[0m [1;30mDEBUG[0m [32mrun_until_complete again[0m
[2.314s] [34mcolcon.colcon_parallel_executor.executor.parallel[0m [1;30mDEBUG[0m [32mrun_until_complete finished[0m
[2.314s] [34mcolcon.colcon_parallel_executor.executor.parallel[0m [1;30mDEBUG[0m [32mclosing loop[0m
[2.314s] [34mcolcon.colcon_parallel_executor.executor.parallel[0m [1;30mDEBUG[0m [32mloop closed[0m
[2.314s] [34mcolcon.colcon_core.event_reactor[0m [1;30mDEBUG[0m [32mjoining thread[0m
[2.319s] [34mcolcon.colcon_core.plugin_system[0m [1;30mINFO[0m Skipping extension 'colcon_notification.desktop_notification.terminal_notifier': Not used on non-Darwin systems
[2.319s] [34mcolcon.colcon_core.plugin_system[0m [1;30mINFO[0m Skipping extension 'colcon_notification.desktop_notification.win32': Not used on non-Windows systems
[2.319s] [34mcolcon.colcon_notification.desktop_notification[0m [1;30mINFO[0m Sending desktop notification using 'notify2'
[2.334s] [34mcolcon.colcon_core.event_reactor[0m [1;30mDEBUG[0m [32mjoined thread[0m
[2.334s] [34mcolcon.colcon_core.shell[0m [1;30mINFO[0m Creating prefix script '/home/teamgrit/jaehooni/endpoint_control/install/local_setup.ps1'
[2.336s] [34mcolcon.colcon_core.shell[0m [1;30mINFO[0m Creating prefix util module '/home/teamgrit/jaehooni/endpoint_control/install/_local_setup_util_ps1.py'
[2.338s] [34mcolcon.colcon_core.shell[0m [1;30mINFO[0m Creating prefix chain script '/home/teamgrit/jaehooni/endpoint_control/install/setup.ps1'
[2.339s] [34mcolcon.colcon_core.shell[0m [1;30mINFO[0m Creating prefix script '/home/teamgrit/jaehooni/endpoint_control/install/local_setup.sh'
[2.340s] [34mcolcon.colcon_core.shell[0m [1;30mINFO[0m Creating prefix util module '/home/teamgrit/jaehooni/endpoint_control/install/_local_setup_util_sh.py'
[2.341s] [34mcolcon.colcon_core.shell[0m [1;30mINFO[0m Creating prefix chain script '/home/teamgrit/jaehooni/endpoint_control/install/setup.sh'
[2.342s] [34mcolcon.colcon_core.shell[0m [1;30mINFO[0m Creating prefix script '/home/teamgrit/jaehooni/endpoint_control/install/local_setup.bash'
[2.344s] [34mcolcon.colcon_core.shell[0m [1;30mINFO[0m Creating prefix chain script '/home/teamgrit/jaehooni/endpoint_control/install/setup.bash'
[2.346s] [34mcolcon.colcon_core.shell[0m [1;30mINFO[0m Creating prefix script '/home/teamgrit/jaehooni/endpoint_control/install/local_setup.zsh'
[2.348s] [34mcolcon.colcon_core.shell[0m [1;30mINFO[0m Creating prefix chain script '/home/teamgrit/jaehooni/endpoint_control/install/setup.zsh'
